step,t,phase,move,move_name,trunk_z,trunk_roll,trunk_pitch,trunk_vz,trunk_roll_rate
0,0.0000,-0.133577,0,squat_bounce,0.123498,0.000354,-0.000257,-0.150043,0.033792
1,0.0200,0.117666,0,squat_bounce,0.118006,0.001449,-0.001331,-0.349278,0.066114
2,0.0400,0.368910,0,squat_bounce,0.113875,0.003119,-0.000872,-0.070179,0.076412
3,0.0600,0.620154,0,squat_bounce,0.113332,0.004298,-0.000615,-0.019358,0.053564
4,0.0800,0.871397,0,squat_bounce,0.112883,0.004744,-0.001720,-0.025115,0.011688
5,0.1000,1.122641,0,squat_bounce,0.112325,0.004756,-0.002262,-0.028975,-0.005106
6,0.1200,1.373885,0,squat_bounce,0.111759,0.004627,-0.002360,-0.027098,-0.005461
7,0.1400,1.625128,0,squat_bounce,0.111296,0.004554,-0.002427,-0.020693,-0.003035
8,0.1600,1.876372,0,squat_bounce,0.110952,0.004416,-0.002654,-0.015460,-0.011733
9,0.1800,2.127616,0,squat_bounce,0.110696,0.004035,-0.002890,-0.011348,-0.022866
10,0.2000,2.378859,0,squat_bounce,0.110504,0.003503,-0.002934,-0.008792,-0.028191
11,0.2200,2.630103,0,squat_bounce,0.110327,0.003061,-0.002723,-0.008622,-0.020018
12,0.2400,2.881346,0,squat_bounce,0.110168,0.002667,-0.002164,-0.007287,-0.022095
13,0.2600,3.132590,0,squat_bounce,0.109997,0.002309,-0.001306,-0.009621,-0.014516
14,0.2800,-2.899352,0,squat_bounce,0.109783,0.002097,-0.000361,-0.011229,-0.010516
15,0.3000,-2.648108,0,squat_bounce,0.109544,0.001905,0.000325,-0.012349,-0.010180
16,0.3200,-2.396864,0,squat_bounce,0.109286,0.001716,0.000667,-0.013178,-0.009372
17,0.3400,-2.145621,0,squat_bounce,0.109018,0.001554,0.000800,-0.013498,-0.007373
18,0.3600,-1.894377,0,squat_bounce,0.108753,0.001466,0.000819,-0.013006,-0.002102
19,0.3800,-1.643133,0,squat_bounce,0.108508,0.001505,0.000734,-0.011671,0.004607
20,0.4000,-1.391890,0,squat_bounce,0.108299,0.001660,0.000522,-0.009723,0.009640
21,0.4200,-1.140646,0,squat_bounce,0.108154,0.002008,0.000199,-0.006842,0.017951
22,0.4400,-0.889402,0,squat_bounce,0.108030,0.002264,-0.000135,-0.005571,0.010813
23,0.4600,-0.638159,0,squat_bounce,0.107949,0.002440,-0.000402,-0.003048,0.008505
24,0.4800,-0.386915,0,squat_bounce,0.107917,0.002592,-0.000633,-0.000998,0.007292
25,0.5000,-0.135672,0,squat_bounce,0.107913,0.002722,-0.000949,0.000313,0.006847
26,0.5200,0.115572,0,squat_bounce,0.107941,0.002870,-0.001597,0.002067,0.009106
27,0.5400,0.366816,0,squat_bounce,0.108006,0.003053,-0.002426,0.003985,0.010193
28,0.5600,0.618059,0,squat_bounce,0.108110,0.003220,-0.003272,0.005877,0.008286
29,0.5800,0.869303,0,squat_bounce,0.108250,0.003331,-0.004044,0.007566,0.005414
30,0.6000,1.120547,0,squat_bounce,0.108418,0.003418,-0.004643,0.008861,0.004980
31,0.6200,1.371790,0,squat_bounce,0.108606,0.003503,-0.005000,0.009593,0.004359
32,0.6400,1.623034,0,squat_bounce,0.108813,0.003578,-0.005141,0.011569,0.001567
33,0.6600,1.874278,0,squat_bounce,0.109007,0.003534,-0.005158,0.008471,-0.005569
34,0.6800,2.125521,0,squat_bounce,0.109172,0.003389,-0.005108,0.008609,-0.012958
35,0.7000,2.376765,0,squat_bounce,0.109292,0.003077,-0.005055,0.004102,-0.018710
36,0.7200,2.628008,0,squat_bounce,0.109355,0.002705,-0.004951,0.002346,-0.018963
37,0.7400,2.879252,0,squat_bounce,0.109375,0.002384,-0.004752,0.000108,-0.015095
38,0.7600,3.130496,0,squat_bounce,0.109351,0.002035,-0.004290,-0.001941,-0.021031
39,0.7800,-2.901446,0,squat_bounce,0.109283,0.001564,-0.003844,-0.004325,-0.025668
40,0.8000,-2.650202,0,squat_bounce,0.109166,0.001052,-0.003500,-0.006773,-0.025883
41,0.8200,-2.398959,0,squat_bounce,0.109004,0.000578,-0.003220,-0.008810,-0.022662
42,0.8400,-2.147715,0,squat_bounce,0.108802,0.000286,-0.002893,-0.010722,-0.009436
43,0.8600,-1.896471,0,squat_bounce,0.108588,0.000087,-0.002573,-0.011034,-0.011079
44,0.8800,-1.645228,0,squat_bounce,0.108374,-0.000035,-0.002256,-0.010294,-0.002928
45,0.9000,-1.393984,0,squat_bounce,0.108180,0.000112,-0.001892,-0.010056,0.019746
46,0.9200,-1.142741,0,squat_bounce,0.108023,0.000501,-0.001690,-0.006682,0.019053
47,0.9400,-0.891497,0,squat_bounce,0.107931,0.000952,-0.001810,-0.003023,0.027834
48,0.9600,-0.640253,0,squat_bounce,0.107875,0.001388,-0.001929,-0.002365,0.019198
49,0.9800,-0.389010,0,squat_bounce,0.107836,0.001799,-0.001897,-0.001632,0.021307
50,1.0000,-0.137766,0,squat_bounce,0.107833,0.002027,-0.001963,0.000484,0.008217
51,1.0200,0.113478,0,squat_bounce,0.107863,0.002164,-0.002282,0.002158,0.007994
52,1.0400,0.364721,0,squat_bounce,0.107929,0.002342,-0.002776,0.003950,0.010821
53,1.0600,0.615965,0,squat_bounce,0.108016,0.002725,-0.003235,0.005301,0.020361
54,1.0800,0.867209,0,squat_bounce,0.108155,0.003022,-0.003802,0.007777,0.013108
55,1.1000,1.118452,0,squat_bounce,0.108329,0.003217,-0.004412,0.009083,0.009662
56,1.1200,1.369696,0,squat_bounce,0.108519,0.003369,-0.004773,0.009642,0.007347
57,1.1400,1.620939,0,squat_bounce,0.108711,0.003482,-0.004894,0.009561,0.004905
58,1.1600,1.872183,0,squat_bounce,0.108912,0.003577,-0.004930,0.010184,0.003370
59,1.1800,2.123427,0,squat_bounce,0.109091,0.003478,-0.004993,0.008079,-0.010211
60,1.2000,2.374670,0,squat_bounce,0.109195,0.003109,-0.005053,0.003862,-0.020650
61,1.2200,2.625914,0,squat_bounce,0.109263,0.002721,-0.005061,0.002708,-0.019212
62,1.2400,2.877158,0,squat_bounce,0.109289,0.002399,-0.005026,0.000431,-0.014310
63,1.2600,3.128401,0,squat_bounce,0.109272,0.002071,-0.004690,-0.001676,-0.019899
64,1.2800,-2.903540,0,squat_bounce,0.109209,0.001621,-0.004263,-0.004078,-0.024931
65,1.3000,-2.652297,0,squat_bounce,0.109096,0.001122,-0.003882,-0.006530,-0.025593
66,1.3200,-2.401053,0,squat_bounce,0.108934,0.000696,-0.003523,-0.009690,-0.014355
67,1.3400,-2.149809,0,squat_bounce,0.108740,0.000411,-0.003199,-0.009768,-0.015042
68,1.3600,-1.898566,0,squat_bounce,0.108535,0.000131,-0.002920,-0.010830,-0.014221
69,1.3800,-1.647322,0,squat_bounce,0.108309,0.000124,-0.002472,-0.010744,0.003315
70,1.4000,-1.396079,0,squat_bounce,0.108123,0.000273,-0.002091,-0.008441,0.008829
71,1.4200,-1.144835,0,squat_bounce,0.107983,0.000555,-0.001942,-0.005590,0.020050
72,1.4400,-0.893591,0,squat_bounce,0.107878,0.001134,-0.001861,-0.004634,0.024191
73,1.4600,-0.642348,0,squat_bounce,0.107813,0.001529,-0.001835,-0.002342,0.017653
74,1.4800,-0.391104,0,squat_bounce,0.107790,0.001769,-0.001799,-0.000634,0.007470
75,1.5000,-0.139860,0,squat_bounce,0.107779,0.002006,-0.001831,0.000132,0.011606
76,1.5200,0.111383,0,squat_bounce,0.107809,0.002184,-0.002167,0.002251,0.009380
77,1.5400,0.362627,0,squat_bounce,0.107878,0.002364,-0.002735,0.004123,0.010746
78,1.5600,0.613871,0,squat_bounce,0.107968,0.002729,-0.003239,0.005430,0.019589
79,1.5800,0.865114,0,squat_bounce,0.108109,0.003019,-0.003798,0.007840,0.013336
80,1.6000,1.116358,0,squat_bounce,0.108284,0.003219,-0.004375,0.009143,0.010019
81,1.6200,1.367601,0,squat_bounce,0.108475,0.003375,-0.004705,0.009721,0.007535
82,1.6400,1.618845,0,squat_bounce,0.108670,0.003490,-0.004805,0.009655,0.004914
83,1.6600,1.870089,0,squat_bounce,0.108854,0.003548,-0.004835,0.008858,0.001677
84,1.6800,2.121332,0,squat_bounce,0.109036,0.003545,-0.004915,0.008607,-0.003775
85,1.7000,2.372576,0,squat_bounce,0.109174,0.003301,-0.005022,0.005667,-0.016841
86,1.7200,2.623820,0,squat_bounce,0.109246,0.002843,-0.005059,0.002502,-0.024904
87,1.7400,2.875063,0,squat_bounce,0.109266,0.002395,-0.005003,0.000029,-0.020015
88,1.7600,3.126307,0,squat_bounce,0.109242,0.001982,-0.004659,-0.001860,-0.023359
89,1.7800,-2.905635,0,squat_bounce,0.109178,0.001493,-0.004228,-0.004108,-0.026259
90,1.8000,-2.654391,0,squat_bounce,0.109066,0.000988,-0.003851,-0.006467,-0.025452
91,1.8200,-2.403147,0,squat_bounce,0.108901,0.000645,-0.003470,-0.008801,-0.015689
92,1.8400,-2.151904,0,squat_bounce,0.108716,0.000347,-0.003220,-0.009475,-0.014983
93,1.8600,-1.900660,0,squat_bounce,0.108502,0.000138,-0.002938,-0.012154,-0.000630
94,1.8800,-1.649417,0,squat_bounce,0.108285,0.000166,-0.002513,-0.010133,0.002065
95,1.9000,-1.398173,0,squat_bounce,0.108104,0.000304,-0.002183,-0.008349,0.008787
96,1.9200,-1.146929,0,squat_bounce,0.107947,0.000701,-0.001928,-0.006910,0.021623
97,1.9400,-0.895686,0,squat_bounce,0.107858,0.001240,-0.001930,-0.004055,0.023968
98,1.9600,-0.644442,0,squat_bounce,0.107797,0.001621,-0.001980,-0.002344,0.016891
99,1.9800,-0.393198,0,squat_bounce,0.107760,0.002034,-0.001936,-0.001066,0.016412
100,2.0000,-0.141955,0,squat_bounce,0.107762,0.002192,-0.001990,0.000695,0.005172
101,2.0200,0.109289,0,squat_bounce,0.107795,0.002274,-0.002281,0.002243,0.005456
102,2.0400,0.360533,0,squat_bounce,0.107850,0.002510,-0.002690,0.003161,0.017959
103,2.0600,0.611776,0,squat_bounce,0.107952,0.002780,-0.003189,0.006009,0.012647
104,2.0800,0.863020,0,squat_bounce,0.108095,0.002974,-0.003779,0.007758,0.010311
105,2.1000,1.114263,0,squat_bounce,0.108266,0.003147,-0.004216,0.008927,0.009205
106,2.1200,1.365507,0,squat_bounce,0.108453,0.003304,-0.004418,0.009596,0.007645
107,2.1400,1.616751,0,squat_bounce,0.108647,0.003428,-0.004463,0.009636,0.005323
108,2.1600,1.867994,0,squat_bounce,0.108831,0.003495,-0.004487,0.008885,0.002117
109,2.1800,2.119238,0,squat_bounce,0.108991,0.003481,-0.004587,0.007304,-0.002232
110,2.2000,2.370482,0,squat_bounce,0.109132,0.003370,-0.004750,0.006284,-0.009169
111,2.2200,2.621725,0,squat_bounce,0.109217,0.003040,-0.004903,0.002969,-0.019602
112,2.2400,2.872969,0,squat_bounce,0.109243,0.002652,-0.004942,0.000306,-0.017871
113,2.2600,3.124213,0,squat_bounce,0.109223,0.002257,-0.004662,-0.001732,-0.023123
114,2.2800,-2.907729,0,squat_bounce,0.109160,0.001753,-0.004259,-0.004047,-0.027372
115,2.3000,-2.656486,0,squat_bounce,0.109049,0.001218,-0.003878,-0.006444,-0.027238
116,2.3200,-2.405242,0,squat_bounce,0.108886,0.000805,-0.003494,-0.009109,-0.016772
117,2.3400,-2.153998,0,squat_bounce,0.108699,0.000484,-0.003198,-0.009552,-0.016421
118,2.3600,-1.902755,0,squat_bounce,0.108490,0.000182,-0.002907,-0.010876,-0.014259
119,2.3800,-1.651511,0,squat_bounce,0.108267,0.000221,-0.002430,-0.010271,0.002536
120,2.4000,-1.400267,0,squat_bounce,0.108086,0.000370,-0.002045,-0.008286,0.008970
121,2.4200,-1.149024,0,squat_bounce,0.107946,0.000786,-0.001815,-0.005792,0.031359
122,2.4400,-0.897780,0,squat_bounce,0.107842,0.001261,-0.001746,-0.004573,0.019792
123,2.4600,-0.646536,0,squat_bounce,0.107777,0.001588,-0.001734,-0.002394,0.014922
124,2.4800,-0.395293,0,squat_bounce,0.107743,0.001934,-0.001696,-0.001312,0.018363
125,2.5000,-0.144049,0,squat_bounce,0.107745,0.002122,-0.001790,0.000691,0.006549
126,2.5200,0.107194,0,squat_bounce,0.107778,0.002223,-0.002132,0.002264,0.006429
127,2.5400,0.358438,0,squat_bounce,0.107834,0.002471,-0.002599,0.003185,0.018657
128,2.5600,0.609682,0,squat_bounce,0.107936,0.002752,-0.003144,0.006021,0.013443
129,2.5800,0.860925,0,squat_bounce,0.108079,0.002956,-0.003758,0.007768,0.010820
130,2.6000,1.112169,0,squat_bounce,0.108250,0.003136,-0.004206,0.008944,0.009556
131,2.6200,1.363413,0,squat_bounce,0.108438,0.003297,-0.004414,0.009621,0.007866
132,2.6400,1.614656,0,squat_bounce,0.108632,0.003424,-0.004460,0.009668,0.005419
133,2.6600,1.865900,0,squat_bounce,0.108818,0.003492,-0.004481,0.008923,0.002142
134,2.6800,2.117144,0,squat_bounce,0.108978,0.003479,-0.004576,0.007346,-0.002171
135,2.7000,2.368387,0,squat_bounce,0.109114,0.003369,-0.004736,0.006353,-0.008115
136,2.7200,2.619631,0,squat_bounce,0.109202,0.003062,-0.004901,0.003143,-0.018467
137,2.7400,2.870874,0,squat_bounce,0.109231,0.002688,-0.004956,0.000430,-0.017268
138,2.7600,3.122118,0,squat_bounce,0.109213,0.002301,-0.004690,-0.001654,-0.022872
139,2.7800,-2.909824,0,squat_bounce,0.109151,0.001799,-0.004286,-0.003990,-0.027488
140,2.8000,-2.658580,0,squat_bounce,0.109041,0.001260,-0.003894,-0.006399,-0.027570
141,2.8200,-2.407336,0,squat_bounce,0.108882,0.000803,-0.003512,-0.009514,-0.016351
142,2.8400,-2.156093,0,squat_bounce,0.108691,0.000493,-0.003160,-0.009656,-0.016233
143,2.8600,-1.904849,0,squat_bounce,0.108482,0.000192,-0.002837,-0.010871,-0.014460
144,2.8800,-1.653605,0,squat_bounce,0.108259,0.000225,-0.002370,-0.010240,0.002259
145,2.9000,-1.402362,0,squat_bounce,0.108078,0.000370,-0.001993,-0.008286,0.008774
146,2.9200,-1.151118,0,squat_bounce,0.107941,0.000823,-0.001767,-0.006475,0.028185
147,2.9400,-0.899874,0,squat_bounce,0.107832,0.001265,-0.001677,-0.004665,0.018814
148,2.9600,-0.648631,0,squat_bounce,0.107767,0.001585,-0.001666,-0.002374,0.014775
149,2.9800,-0.397387,0,squat_bounce,0.107734,0.001931,-0.001643,-0.001272,0.018495
150,3.0000,-0.146144,0,squat_bounce,0.107736,0.002123,-0.001750,0.000706,0.006815
151,3.0200,0.105100,0,squat_bounce,0.107769,0.002227,-0.002107,0.002266,0.006612
152,3.0400,0.356344,0,squat_bounce,0.107829,0.002426,-0.002596,0.002594,0.021321
153,3.0600,0.607587,0,squat_bounce,0.107926,0.002730,-0.003109,0.005843,0.013950
154,3.0800,0.858831,0,squat_bounce,0.108068,0.002937,-0.003702,0.007729,0.010885
155,3.1000,1.110075,0,squat_bounce,0.108239,0.003114,-0.004172,0.008962,0.009455
156,3.1200,1.361318,0,squat_bounce,0.108427,0.003272,-0.004402,0.009647,0.007759
157,3.1400,1.612562,0,squat_bounce,0.108622,0.003397,-0.004456,0.009692,0.005386
158,3.1600,1.863806,0,squat_bounce,0.108808,0.003465,-0.004477,0.008954,0.002177
159,3.1800,2.115049,0,squat_bounce,0.108968,0.003455,-0.004570,0.007388,-0.001920
160,3.2000,2.366293,0,squat_bounce,0.109099,0.003353,-0.004733,0.006272,-0.006699
161,3.2200,2.617536,0,squat_bounce,0.109190,0.003079,-0.004909,0.003312,-0.017087
162,3.2400,2.868780,0,squat_bounce,0.109222,0.002724,-0.004982,0.000567,-0.016407
163,3.2600,3.120024,0,squat_bounce,0.109206,0.002349,-0.004731,-0.001565,-0.022408
164,3.2800,-2.911918,0,squat_bounce,0.109145,0.001850,-0.004329,-0.003926,-0.027473
165,3.3000,-2.660674,0,squat_bounce,0.109036,0.001308,-0.003927,-0.006355,-0.027853
166,3.3200,-2.409431,0,squat_bounce,0.108883,0.000804,-0.003559,-0.008392,-0.024720
167,3.3400,-2.158187,0,squat_bounce,0.108687,0.000518,-0.003124,-0.009776,-0.014952
168,3.3600,-1.906943,0,squat_bounce,0.108478,0.000239,-0.002729,-0.010802,-0.013855
169,3.3800,-1.655700,0,squat_bounce,0.108257,0.000250,-0.002264,-0.010482,0.003915
170,3.4000,-1.404456,0,squat_bounce,0.108074,0.000412,-0.001877,-0.008320,0.009077
171,3.4200,-1.153212,0,squat_bounce,0.107938,0.000836,-0.001698,-0.007090,0.032444
172,3.4400,-0.901969,0,squat_bounce,0.107825,0.001310,-0.001617,-0.004773,0.019431
173,3.4600,-0.650725,0,squat_bounce,0.107760,0.001629,-0.001626,-0.002373,0.014632
174,3.4800,-0.399482,0,squat_bounce,0.107731,0.001910,-0.001623,-0.001760,0.021014
175,3.5000,-0.148238,0,squat_bounce,0.107729,0.002128,-0.001747,0.000603,0.007755
176,3.5200,0.103006,0,squat_bounce,0.107761,0.002242,-0.002130,0.002253,0.007025
177,3.5400,0.354249,0,squat_bounce,0.107822,0.002443,-0.002659,0.002614,0.021436
178,3.5600,0.605493,0,squat_bounce,0.107919,0.002745,-0.003204,0.005867,0.013934
179,3.5800,0.856737,0,squat_bounce,0.108061,0.002950,-0.003811,0.007746,0.010766
180,3.6000,1.107980,0,squat_bounce,0.108232,0.003123,-0.004284,0.008979,0.009331
181,3.6200,1.359224,0,squat_bounce,0.108421,0.003279,-0.004513,0.009670,0.007645
182,3.6400,1.610468,0,squat_bounce,0.108616,0.003401,-0.004563,0.009720,0.005269
183,3.6600,1.861711,0,squat_bounce,0.108803,0.003467,-0.004577,0.008986,0.002069
184,3.6800,2.112955,0,squat_bounce,0.108964,0.003456,-0.004661,0.007424,-0.002039
185,3.7000,2.364198,0,squat_bounce,0.109089,0.003349,-0.004813,0.005932,-0.006283
186,3.7200,2.615442,0,squat_bounce,0.109182,0.003100,-0.004986,0.003463,-0.015912
187,3.7400,2.866686,0,squat_bounce,0.109217,0.002762,-0.005064,0.000734,-0.015717
188,3.7600,3.117929,0,squat_bounce,0.109203,0.002401,-0.004806,-0.001480,-0.021787
189,3.7800,-2.914012,0,squat_bounce,0.109144,0.001910,-0.004380,-0.003880,-0.027373
190,3.8000,-2.662769,0,squat_bounce,0.109036,0.001366,-0.003948,-0.006327,-0.028170
191,3.8200,-2.411525,0,squat_bounce,0.108883,0.000854,-0.003558,-0.008371,-0.025243
192,3.8400,-2.160281,0,squat_bounce,0.108687,0.000557,-0.003114,-0.009764,-0.015537
193,3.8600,-1.909038,0,squat_bounce,0.108478,0.000267,-0.002713,-0.010806,-0.014450
194,3.8800,-1.657794,0,squat_bounce,0.108259,0.000230,-0.002235,-0.010843,0.005164
195,3.9000,-1.406551,0,squat_bounce,0.108073,0.000405,-0.001818,-0.008430,0.009351
196,3.9200,-1.155307,0,squat_bounce,0.107936,0.000856,-0.001613,-0.007574,0.030148
197,3.9400,-0.904063,0,squat_bounce,0.107820,0.001306,-0.001529,-0.004809,0.018722
198,3.9600,-0.652820,0,squat_bounce,0.107755,0.001619,-0.001571,-0.002341,0.014625
199,3.9800,-0.401576,0,squat_bounce,0.107726,0.001902,-0.001597,-0.001734,0.021268
200,4.0000,-0.150332,0,squat_bounce,0.107724,0.002126,-0.001737,0.000609,0.008057
201,4.0200,0.100911,0,squat_bounce,0.107757,0.002244,-0.002133,0.002245,0.007259
202,4.0400,0.352155,0,squat_bounce,0.107817,0.002448,-0.002670,0.002599,0.021585
203,4.0600,0.603399,0,squat_bounce,0.107914,0.002752,-0.003218,0.005852,0.014041
204,4.0800,0.854642,0,squat_bounce,0.108056,0.002957,-0.003824,0.007734,0.010750
205,4.1000,1.105886,0,squat_bounce,0.108227,0.003130,-0.004293,0.008974,0.009262
206,4.1200,1.357129,0,squat_bounce,0.108416,0.003284,-0.004519,0.009671,0.007558
207,4.1400,1.608373,0,squat_bounce,0.108611,0.003404,-0.004565,0.009729,0.005183
208,4.1600,1.859617,0,squat_bounce,0.108798,0.003469,-0.004575,0.009003,0.001990
209,4.1800,2.110860,0,squat_bounce,0.108960,0.003457,-0.004654,0.007447,-0.002056
210,4.2000,2.362104,0,squat_bounce,0.109081,0.003346,-0.004803,0.005162,-0.007149
211,4.2200,2.613348,0,squat_bounce,0.109172,0.003121,-0.004973,0.003577,-0.014382
212,4.2400,2.864591,0,squat_bounce,0.109211,0.002806,-0.005064,0.000896,-0.014876
213,4.2600,3.115835,0,squat_bounce,0.109199,0.002458,-0.004827,-0.001371,-0.021167
214,4.2800,-2.916107,0,squat_bounce,0.109142,0.001972,-0.004411,-0.003814,-0.027262
215,4.3000,-2.664863,0,squat_bounce,0.109035,0.001426,-0.003976,-0.006293,-0.028457
216,4.3200,-2.413619,0,squat_bounce,0.108882,0.000905,-0.003578,-0.008353,-0.025750
217,4.3400,-2.162376,0,squat_bounce,0.108687,0.000581,-0.003126,-0.010019,-0.014606
218,4.3600,-1.911132,0,squat_bounce,0.108475,0.000302,-0.002686,-0.010882,-0.014407
219,4.3800,-1.659889,0,squat_bounce,0.108255,0.000260,-0.002212,-0.010839,0.004856
220,4.4000,-1.408645,0,squat_bounce,0.108070,0.000426,-0.001815,-0.008418,0.008887
221,4.4200,-1.157401,0,squat_bounce,0.107939,0.000806,-0.001624,-0.006353,0.017543
222,4.4400,-0.906158,0,squat_bounce,0.107817,0.001294,-0.001485,-0.004949,0.020429
223,4.4600,-0.654914,0,squat_bounce,0.107751,0.001640,-0.001481,-0.002296,0.015832
224,4.4800,-0.403670,0,squat_bounce,0.107730,0.001864,-0.001500,-0.000541,0.007358
225,4.5000,-0.152427,0,squat_bounce,0.107723,0.002150,-0.001651,0.000562,0.011202
226,4.5200,0.098817,0,squat_bounce,0.107757,0.002319,-0.002087,0.002327,0.009303
227,4.5400,0.350061,1,weight_shift,0.108015,0.002482,-0.002641,0.021400,0.015039
228,4.5600,0.601304,1,weight_shift,0.108680,0.002574,-0.003240,0.039223,0.001810
229,4.5800,0.852548,1,weight_shift,0.109570,0.002663,-0.003664,0.045505,-0.000555
230,4.6000,1.103791,1,weight_shift,0.110498,0.002905,-0.003585,0.045994,0.017250
231,4.6200,1.355035,1,weight_shift,0.111363,0.003048,-0.003393,0.041990,0.008137
232,4.6400,1.606279,1,weight_shift,0.112124,0.003094,-0.003428,0.036049,0.001662
233,4.6600,1.857522,1,weight_shift,0.112762,0.003021,-0.003724,0.029510,-0.008280
234,4.6800,2.108766,1,weight_shift,0.113279,0.002788,-0.004054,0.023586,-0.011716
235,4.7000,2.360010,1,weight_shift,0.113671,0.002358,-0.004313,0.018184,-0.020116
236,4.7200,2.611253,1,weight_shift,0.113991,0.001898,-0.004605,0.014641,-0.022507
237,4.7400,2.862497,1,weight_shift,0.114240,0.001412,-0.004918,0.011225,-0.024310
238,4.7600,3.113741,1,weight_shift,0.114431,0.000892,-0.005142,0.008627,-0.025882
239,4.7800,-2.918201,1,weight_shift,0.114589,0.000492,-0.005373,0.007929,-0.009469
240,4.8000,-2.666957,1,weight_shift,0.114726,0.000442,-0.005537,0.005624,-0.005532
241,4.8200,-2.415714,1,weight_shift,0.114825,0.000378,-0.005499,0.004843,0.002517
242,4.8400,-2.164470,1,weight_shift,0.114904,0.000445,-0.005326,0.003835,0.005467
243,4.8600,-1.913227,1,weight_shift,0.114970,0.000586,-0.005134,0.003285,0.009173
244,4.8800,-1.661983,1,weight_shift,0.115015,0.000886,-0.004883,0.001548,0.016528
245,4.9000,-1.410739,1,weight_shift,0.115051,0.001348,-0.004484,0.001372,0.020141
246,4.9200,-1.159496,1,weight_shift,0.115087,0.001871,-0.003904,0.001322,0.021922
247,4.9400,-0.908252,1,weight_shift,0.115131,0.002231,-0.003174,0.002459,0.009583
248,4.9600,-0.657008,1,weight_shift,0.115170,0.002424,-0.002486,0.001852,0.016632
249,4.9800,-0.405765,1,weight_shift,0.115195,0.002668,-0.001970,0.000319,0.011515
250,5.0000,-0.154521,1,weight_shift,0.115220,0.002897,-0.001607,0.001761,0.013756
251,5.0200,0.096723,1,weight_shift,0.115226,0.003085,-0.001334,0.000283,0.003595
252,5.0400,0.347966,1,weight_shift,0.115241,0.003283,-0.001115,0.000508,0.004059
253,5.0600,0.599210,1,weight_shift,0.115245,0.003459,-0.000905,0.000283,0.001936
254,5.0800,0.850453,1,weight_shift,0.115261,0.003547,-0.000736,0.000526,-0.001703
255,5.1000,1.101697,1,weight_shift,0.115261,0.003472,-0.000644,0.000240,-0.008119
256,5.1200,1.352941,1,weight_shift,0.115276,0.003314,-0.000597,0.000878,-0.013522
257,5.1400,1.604184,1,weight_shift,0.115292,0.003066,-0.000650,0.000987,-0.012333
258,5.1600,1.855428,1,weight_shift,0.115309,0.002839,-0.000780,0.000739,-0.014676
259,5.1800,2.106672,1,weight_shift,0.115332,0.002601,-0.000947,0.001010,-0.011633
260,5.2000,2.357915,1,weight_shift,0.115348,0.002389,-0.001104,0.000605,-0.005211
261,5.2200,2.609159,1,weight_shift,0.115370,0.002298,-0.001129,0.000681,-0.011041
262,5.2400,2.860403,1,weight_shift,0.115387,0.002066,-0.001138,0.001116,-0.006851
263,5.2600,3.111646,1,weight_shift,0.115407,0.001978,-0.001036,0.000917,-0.004282
264,5.2800,-2.920296,1,weight_shift,0.115417,0.001793,-0.000900,0.000636,-0.009115
265,5.3000,-2.669052,1,weight_shift,0.115427,0.001593,-0.000762,0.000425,-0.011688
266,5.3200,-2.417808,1,weight_shift,0.115441,0.001461,-0.000625,0.000798,-0.004894
267,5.3400,-2.166565,1,weight_shift,0.115451,0.001323,-0.000511,0.000759,-0.003684
268,5.3600,-1.915321,1,weight_shift,0.115461,0.001248,-0.000476,0.000856,0.000179
269,5.3800,-1.664077,1,weight_shift,0.115468,0.001230,-0.000499,0.000433,0.000800
270,5.4000,-1.412834,1,weight_shift,0.115487,0.001402,-0.000601,0.001010,0.012379
271,5.4200,-1.161590,1,weight_shift,0.115495,0.001554,-0.000760,0.000399,0.007482
272,5.4400,-0.910346,1,weight_shift,0.115511,0.001809,-0.000978,0.000846,0.015370
273,5.4600,-0.659103,1,weight_shift,0.115521,0.002051,-0.001192,0.000362,0.010295
274,5.4800,-0.407859,1,weight_shift,0.115533,0.002285,-0.001374,0.000594,0.012644
275,5.5000,-0.156616,1,weight_shift,0.115538,0.002464,-0.001497,0.000115,0.006894
276,5.5200,0.094628,1,weight_shift,0.115546,0.002643,-0.001562,0.000449,0.009942
277,5.5400,0.345872,1,weight_shift,0.115554,0.002849,-0.001544,0.000323,0.010250
278,5.5600,0.597115,1,weight_shift,0.115555,0.003020,-0.001435,-0.000446,0.003249
279,5.5800,0.848359,1,weight_shift,0.115553,0.003108,-0.001330,0.000005,0.003817
280,5.6000,1.099603,1,weight_shift,0.115552,0.003153,-0.001266,-0.000310,-0.001077
281,5.6200,1.350846,1,weight_shift,0.115552,0.003155,-0.001223,-0.000387,-0.004063
282,5.6400,1.602090,1,weight_shift,0.115558,0.003147,-0.001202,0.000389,0.000118
283,5.6600,1.853334,1,weight_shift,0.115566,0.003144,-0.001225,0.000680,0.003276
284,5.6800,2.104577,1,weight_shift,0.115569,0.003042,-0.001271,0.000536,-0.001547
285,5.7000,2.355821,1,weight_shift,0.115582,0.003070,-0.001214,0.000614,0.001637
286,5.7200,2.607065,1,weight_shift,0.115586,0.002989,-0.001097,0.000346,-0.004882
287,5.7400,2.858308,1,weight_shift,0.115591,0.002878,-0.000945,-0.000243,-0.012058
288,5.7600,3.109552,1,weight_shift,0.115598,0.002723,-0.000809,0.000468,-0.006678
289,5.7800,-2.922390,1,weight_shift,0.115607,0.002614,-0.000667,0.000428,-0.005413
290,5.8000,-2.671146,1,weight_shift,0.115609,0.002452,-0.000507,0.000014,-0.010321
291,5.8200,-2.419903,1,weight_shift,0.115615,0.002340,-0.000362,0.000388,-0.004165
292,5.8400,-2.168659,1,weight_shift,0.115622,0.002297,-0.000219,0.000284,-0.001800
293,5.8600,-1.917415,1,weight_shift,0.115621,0.002223,-0.000091,-0.000098,-0.005422
294,5.8800,-1.666172,1,weight_shift,0.115626,0.002215,-0.000009,0.000331,0.001700
295,5.9000,-1.414928,1,weight_shift,0.115629,0.002257,0.000034,-0.000322,-0.002765
296,5.9200,-1.163684,1,weight_shift,0.115634,0.002308,-0.000026,0.000357,0.005029
297,5.9400,-0.912441,1,weight_shift,0.115635,0.002347,-0.000161,0.000203,0.003153
298,5.9600,-0.661197,1,weight_shift,0.115642,0.002450,-0.000311,0.000325,0.006358
299,5.9800,-0.409954,1,weight_shift,0.115648,0.002571,-0.000443,0.000231,0.006145
300,6.0000,-0.158710,1,weight_shift,0.115651,0.002676,-0.000532,0.000149,0.005165
301,6.0200,0.092534,1,weight_shift,0.115654,0.002776,-0.000573,0.000110,0.005165
302,6.0400,0.343777,1,weight_shift,0.115655,0.002879,-0.000563,0.000080,0.005061
303,6.0600,0.595021,1,weight_shift,0.115657,0.002979,-0.000501,0.000063,0.004625
304,6.0800,0.846265,1,weight_shift,0.115653,0.003003,-0.000436,-0.000006,0.001508
305,6.1000,1.097508,1,weight_shift,0.115648,0.002975,-0.000422,-0.000549,-0.004912
306,6.1200,1.348752,1,weight_shift,0.115648,0.002984,-0.000441,-0.000298,-0.001773
307,6.1400,1.599996,1,weight_shift,0.115648,0.002986,-0.000483,0.000289,0.002836
308,6.1600,1.851239,1,weight_shift,0.115652,0.003016,-0.000549,0.000312,0.003039
309,6.1800,2.102483,1,weight_shift,0.115654,0.003023,-0.000606,0.000282,0.001401
310,6.2000,2.353726,1,weight_shift,0.115661,0.003079,-0.000590,0.000324,0.002737
311,6.2200,2.604970,1,weight_shift,0.115661,0.003016,-0.000557,0.000233,-0.001406
312,6.2400,2.856214,1,weight_shift,0.115666,0.003001,-0.000483,0.000216,-0.001220
313,6.2600,3.107457,1,weight_shift,0.115670,0.002954,-0.000380,0.000155,-0.003686
314,6.2800,-2.924484,1,weight_shift,0.115669,0.002824,-0.000272,-0.000573,-0.012746
315,6.3000,-2.673241,1,weight_shift,0.115671,0.002656,-0.000199,0.000262,-0.006607
316,6.3200,-2.421997,1,weight_shift,0.115676,0.002567,-0.000107,0.000231,-0.003740
317,6.3400,-2.170753,1,weight_shift,0.115679,0.002524,0.000005,0.000120,-0.001715
318,6.3600,-1.919510,1,weight_shift,0.115680,0.002513,0.000120,0.000062,-0.000475
319,6.3800,-1.668266,1,weight_shift,0.115678,0.002479,0.000226,-0.000593,-0.007811
320,6.4000,-1.417022,1,weight_shift,0.115678,0.002449,0.000279,0.000186,0.001038
321,6.4200,-1.165779,1,weight_shift,0.115683,0.002512,0.000250,0.000230,0.004138
322,6.4400,-0.914535,1,weight_shift,0.115681,0.002512,0.000155,0.000043,0.000796
323,6.4600,-0.663292,1,weight_shift,0.115685,0.002568,0.000050,0.000190,0.003862
324,6.4800,-0.412048,1,weight_shift,0.115688,0.002642,-0.000043,0.000124,0.003831
325,6.5000,-0.160804,1,weight_shift,0.115690,0.002711,-0.000111,0.000081,0.003600
326,6.5200,0.090439,1,weight_shift,0.115691,0.002787,-0.000148,0.000052,0.004125
327,6.5400,0.341683,1,weight_shift,0.115692,0.002871,-0.000143,0.000028,0.004207
328,6.5600,0.592927,1,weight_shift,0.115692,0.002955,-0.000091,0.000018,0.003864
329,6.5800,0.844170,1,weight_shift,0.115685,0.002945,-0.000034,-0.000954,-0.007167
330,6.6000,1.095414,1,weight_shift,0.115685,0.002949,-0.000051,0.000247,0.003265
331,6.6200,1.346658,1,weight_shift,0.115680,0.002918,-0.000109,-0.000153,-0.001734
332,6.6400,1.597901,1,weight_shift,0.115681,0.002935,-0.000187,0.000067,0.001266
333,6.6600,1.849145,1,weight_shift,0.115683,0.002970,-0.000280,0.000055,0.001242
334,6.6800,2.100388,1,weight_shift,0.115684,0.002989,-0.000361,0.000027,0.000029
335,6.7000,2.351632,1,weight_shift,0.115690,0.003048,-0.000390,0.000282,0.003628
336,6.7200,2.602876,1,weight_shift,0.115694,0.003103,-0.000352,0.000160,0.001804
337,6.7400,2.854119,1,weight_shift,0.115691,0.003039,-0.000288,-0.000214,-0.006850
338,6.7600,3.105363,1,weight_shift,0.115693,0.002932,-0.000243,0.000198,-0.005247
339,6.7800,-2.926579,1,weight_shift,0.115697,0.002826,-0.000184,0.000171,-0.005581
340,6.8000,-2.675335,1,weight_shift,0.115699,0.002717,-0.000094,0.000107,-0.005638
341,6.8200,-2.424091,1,weight_shift,0.115701,0.002624,0.000032,0.000051,-0.004475
342,6.8400,-2.172848,1,weight_shift,0.115698,0.002527,0.000165,-0.000664,-0.010578
343,6.8600,-1.921604,1,weight_shift,0.115697,0.002447,0.000250,0.000124,-0.001444
344,6.8800,-1.670361,1,weight_shift,0.115700,0.002466,0.000338,0.000141,0.001505
345,6.9000,-1.419117,1,weight_shift,0.115699,0.002473,0.000402,-0.000546,-0.005637
346,6.9200,-1.167873,1,weight_shift,0.115699,0.002471,0.000370,0.000179,0.002340
347,6.9400,-0.916630,1,weight_shift,0.115703,0.002542,0.000288,0.000178,0.004180
348,6.9600,-0.665386,1,weight_shift,0.115706,0.002616,0.000206,0.000095,0.003558
349,6.9800,-0.414142,1,weight_shift,0.115707,0.002671,0.000141,0.000051,0.002681
350,7.0000,-0.162899,1,weight_shift,0.115708,0.002720,0.000090,0.000038,0.002672
351,7.0200,0.088345,1,weight_shift,0.115709,0.002783,0.000058,0.000024,0.003611
352,7.0400,0.339589,1,weight_shift,0.115706,0.002830,0.000057,-0.000677,-0.002210
353,7.0600,0.590832,1,weight_shift,0.115705,0.002872,0.000056,0.000101,0.003887
354,7.0800,0.842076,1,weight_shift,0.115704,0.002936,0.000070,-0.000550,-0.001398
355,7.1000,1.093319,1,weight_shift,0.115700,0.002930,0.000033,-0.000127,-0.000214
356,7.1200,1.344563,1,weight_shift,0.115699,0.002932,-0.000051,0.000179,0.002603
357,7.1400,1.595807,1,weight_shift,0.115696,0.002919,-0.000162,-0.000334,-0.002698
358,7.1600,1.847050,1,weight_shift,0.115701,0.002990,-0.000267,0.000354,0.005855
359,7.1800,2.098294,1,weight_shift,0.115702,0.003018,-0.000352,0.000260,0.003733
360,7.2000,2.349538,1,weight_shift,0.115703,0.003030,-0.000380,-0.000075,-0.001600
361,7.2200,2.600781,1,weight_shift,0.115706,0.003048,-0.000367,0.000204,0.001437
362,7.2400,2.852025,1,weight_shift,0.115709,0.003061,-0.000305,0.000103,-0.000392
363,7.2600,3.103269,1,weight_shift,0.115710,0.003022,-0.000218,0.000040,-0.003375
364,7.2800,-2.928673,1,weight_shift,0.115705,0.002852,-0.000149,-0.000026,-0.008945
365,7.3000,-2.677429,1,weight_shift,0.115709,0.002714,-0.000086,0.000196,-0.006224
366,7.3200,-2.426186,1,weight_shift,0.115711,0.002620,0.000022,0.000108,-0.004196
367,7.3400,-2.174942,1,weight_shift,0.115712,0.002573,0.000152,0.000028,-0.001812
368,7.3600,-1.923699,1,weight_shift,0.115708,0.002492,0.000268,-0.000280,-0.005930
369,7.3800,-1.672455,1,weight_shift,0.115709,0.002469,0.000361,0.000132,0.000421
370,7.4000,-1.421211,1,weight_shift,0.115712,0.002511,0.000443,0.000138,0.002454
371,7.4200,-1.169968,1,weight_shift,0.115708,0.002470,0.000421,0.000110,0.000970
372,7.4400,-0.918724,1,weight_shift,0.115712,0.002526,0.000354,0.000166,0.003680
373,7.4600,-0.667480,1,weight_shift,0.115714,0.002596,0.000288,0.000093,0.003498
374,7.4800,-0.416237,1,weight_shift,0.115716,0.002655,0.000235,0.000051,0.002811
375,7.5000,-0.164993,1,weight_shift,0.115717,0.002706,0.000196,0.000036,0.002772
376,7.5200,0.086251,1,weight_shift,0.115717,0.002772,0.000177,0.000021,0.003693
377,7.5400,0.337494,1,weight_shift,0.115712,0.002787,0.000164,-0.000075,0.001721
378,7.5600,0.588738,1,weight_shift,0.115714,0.002870,0.000162,0.000126,0.005023
379,7.5800,0.839981,1,weight_shift,0.115708,0.002890,0.000163,-0.000900,-0.005494
380,7.6000,1.091225,1,weight_shift,0.115709,0.002920,0.000093,0.000268,0.004528
381,7.6200,1.342469,1,weight_shift,0.115704,0.002902,-0.000022,-0.000036,0.000398
382,7.6400,1.593712,1,weight_shift,0.115702,0.002898,-0.000153,-0.000638,-0.005915
383,7.6600,1.844956,1,weight_shift,0.115707,0.002952,-0.000297,0.000402,0.006102
384,7.6800,2.096200,1,weight_shift,0.115709,0.003014,-0.000393,-0.000006,0.001032
385,7.7000,2.347443,1,weight_shift,0.115713,0.003073,-0.000427,0.000227,0.003308
386,7.7200,2.598687,1,weight_shift,0.115712,0.003052,-0.000406,-0.000168,-0.003913
387,7.7400,2.849931,1,weight_shift,0.115714,0.003021,-0.000365,0.000142,-0.001108
388,7.7600,3.101174,1,weight_shift,0.115716,0.002985,-0.000290,0.000091,-0.002928
389,7.7800,-2.930767,1,weight_shift,0.115717,0.002904,-0.000196,0.000048,-0.005127
390,7.8000,-2.679524,1,weight_shift,0.115713,0.002736,-0.000088,-0.000267,-0.010684
391,7.8200,-2.428280,1,weight_shift,0.115714,0.002604,0.000018,0.000163,-0.005108
392,7.8400,-2.177037,1,weight_shift,0.115717,0.002553,0.000140,0.000094,-0.001641
393,7.8600,-1.925793,1,weight_shift,0.115714,0.002509,0.000264,-0.000636,-0.008298
394,7.8800,-1.674549,1,weight_shift,0.115714,0.002469,0.000360,0.000117,0.000075
395,7.9000,-1.423306,1,weight_shift,0.115716,0.002509,0.000448,0.000145,0.002503
396,7.9200,-1.172062,1,weight_shift,0.115713,0.002471,0.000429,0.000114,0.001084
397,7.9400,-0.920818,1,weight_shift,0.115717,0.002529,0.000371,0.000161,0.003682
398,7.9600,-0.669575,1,weight_shift,0.115719,0.002599,0.000313,0.000090,0.003497
399,7.9800,-0.418331,1,weight_shift,0.115721,0.002657,0.000266,0.000049,0.002818
400,8.0000,-0.167087,1,weight_shift,0.115721,0.002710,0.000234,0.000034,0.002796
401,8.0200,0.084156,1,weight_shift,0.115717,0.002705,0.000178,0.000064,0.002537
402,8.0400,0.335400,1,weight_shift,0.115719,0.002796,0.000148,0.000121,0.005435
403,8.0600,0.586643,1,weight_shift,0.115721,0.002909,0.000163,0.000062,0.005460
404,8.0800,0.837887,1,weight_shift,0.115714,0.002906,0.000153,-0.000597,-0.003054
405,8.1000,1.089131,1,weight_shift,0.115710,0.002897,0.000076,-0.000060,0.000405
406,8.1200,1.340374,1,weight_shift,0.115710,0.002916,-0.000043,0.000218,0.003608
407,8.1400,1.591618,1,weight_shift,0.115709,0.002918,-0.000184,-0.000324,-0.001927
408,8.1600,1.842862,1,weight_shift,0.115709,0.002933,-0.000338,0.000070,0.001339
409,8.1800,2.094105,1,weight_shift,0.115716,0.003029,-0.000439,0.000331,0.005840
410,8.2000,2.345349,1,weight_shift,0.115716,0.003043,-0.000485,0.000101,0.000817
411,8.2200,2.596593,1,weight_shift,0.115719,0.003078,-0.000467,0.000179,0.001648
412,8.2400,2.847836,1,weight_shift,0.115721,0.003088,-0.000394,0.000072,-0.000759
413,8.2600,3.099080,1,weight_shift,0.115718,0.002943,-0.000343,0.000103,-0.006272
414,8.2800,-2.932862,1,weight_shift,0.115721,0.002830,-0.000283,0.000165,-0.005632
415,8.3000,-2.681618,1,weight_shift,0.115723,0.002727,-0.000177,0.000087,-0.005321
416,8.3200,-2.430375,1,weight_shift,0.115724,0.002644,-0.000023,0.000016,-0.004055
417,8.3400,-2.179131,1,weight_shift,0.115719,0.002499,0.000109,0.000058,-0.004343
418,8.3600,-1.927887,1,weight_shift,0.115721,0.002482,0.000223,0.000112,0.000151
419,8.3800,-1.676644,1,weight_shift,0.115718,0.002439,0.000329,-0.000229,-0.004081
420,8.4000,-1.425400,1,weight_shift,0.115720,0.002447,0.000406,0.000161,0.001907
421,8.4200,-1.174156,1,weight_shift,0.115719,0.002470,0.000416,-0.000532,-0.004553
422,8.4400,-0.922913,1,weight_shift,0.115720,0.002481,0.000350,0.000157,0.002770
423,8.4600,-0.671669,1,weight_shift,0.115723,0.002553,0.000283,0.000134,0.003974
424,8.4800,-0.420426,1,weight_shift,0.115725,0.002624,0.000230,0.000073,0.003439
425,8.5000,-0.169182,1,weight_shift,0.115726,0.002685,0.000196,0.000044,0.003174
426,8.5200,0.082062,1,weight_shift,0.115722,0.002706,0.000169,-0.000277,-0.000040
427,8.5400,0.333305,2,head_bob,0.115725,0.002789,0.000182,0.000342,0.006445
428,8.5600,0.584549,2,head_bob,0.115737,0.003003,0.000454,0.000753,0.011867
429,8.5800,0.835793,2,head_bob,0.115752,0.003304,0.001012,0.000723,0.014285
430,8.6000,1.087036,2,head_bob,0.115762,0.003578,0.001381,0.000406,0.010898
431,8.6200,1.338280,2,head_bob,0.115746,0.003454,0.001416,-0.001082,-0.014084
432,8.6400,1.589524,2,head_bob,0.115725,0.003057,0.000999,-0.001017,-0.019796
433,8.6600,1.840767,2,head_bob,0.115708,0.002635,0.000279,-0.000769,-0.018528
434,8.6800,2.092011,2,head_bob,0.115696,0.002300,-0.000434,-0.000524,-0.011618
435,8.7000,2.343254,2,head_bob,0.115685,0.002200,-0.000981,-0.000519,0.002590
436,8.7200,2.594498,2,head_bob,0.115673,0.002419,-0.001360,-0.000728,0.017624
437,8.7400,2.845742,2,head_bob,0.115656,0.002762,-0.001358,-0.000857,0.015162
438,8.7600,3.096985,2,head_bob,0.115641,0.003002,-0.001020,-0.000506,0.008336
439,8.7800,-2.934956,2,head_bob,0.115633,0.003043,-0.000493,-0.000486,-0.004377
440,8.8000,-2.683713,2,head_bob,0.115618,0.002877,0.000250,-0.000819,-0.013120
441,8.8200,-2.432469,2,head_bob,0.115613,0.002800,0.001282,0.000599,0.005080
442,8.8400,-2.181225,2,head_bob,0.115621,0.003085,0.002434,-0.000243,0.006804
443,8.8600,-1.929982,2,head_bob,0.115615,0.003160,0.003186,0.000031,0.001404
444,8.8800,-1.678738,2,head_bob,0.115638,0.003233,0.003256,0.001903,0.005015
445,8.9000,-1.427494,2,head_bob,0.115698,0.003367,0.002636,0.003645,0.009862
446,8.9200,-1.176251,2,head_bob,0.115782,0.003561,0.001726,0.004384,0.012581
447,8.9400,-0.925007,2,head_bob,0.115867,0.003760,0.000901,0.004098,0.010845
448,8.9600,-0.673764,2,head_bob,0.115937,0.003854,0.000268,0.003064,0.002410
449,8.9800,-0.422520,2,head_bob,0.115980,0.003763,0.000092,0.001535,-0.008118
450,9.0000,-0.171276,2,head_bob,0.115990,0.003660,0.000454,-0.000382,-0.001009
451,9.0200,0.079967,2,head_bob,0.115972,0.003761,0.000989,-0.000973,0.005511
452,9.0400,0.331211,2,head_bob,0.115966,0.003811,0.001394,0.000091,-0.002261
453,9.0600,0.582455,2,head_bob,0.115980,0.003948,0.001876,0.000793,0.006216
454,9.0800,0.833698,2,head_bob,0.115977,0.004032,0.002844,-0.000744,-0.000885
455,9.1000,1.084942,2,head_bob,0.115932,0.003792,0.004116,-0.002024,-0.013821
456,9.1200,1.336186,2,head_bob,0.115893,0.003542,0.004972,-0.002024,-0.017498
457,9.1400,1.587429,2,head_bob,0.115860,0.003155,0.005295,-0.001423,-0.022092
458,9.1600,1.838673,2,head_bob,0.115841,0.002720,0.005277,-0.000682,-0.020228
459,9.1800,2.089916,2,head_bob,0.115833,0.002419,0.005052,-0.000230,-0.010177
460,9.2000,2.341160,2,head_bob,0.115831,0.002246,0.004836,-0.000086,-0.008476
461,9.2200,2.592404,2,head_bob,0.115821,0.002093,0.004656,-0.000964,-0.003579
462,9.2400,2.843647,2,head_bob,0.115800,0.002158,0.004483,-0.001039,0.006759
463,9.2600,3.094891,2,head_bob,0.115780,0.002243,0.004294,-0.000984,0.002074
464,9.2800,-2.937051,2,head_bob,0.115761,0.002186,0.003904,-0.000947,-0.004326
465,9.3000,-2.685807,2,head_bob,0.115775,0.001975,0.003512,0.001021,-0.009931
466,9.3200,-2.434563,2,head_bob,0.115781,0.001750,0.003441,0.000003,-0.009970
467,9.3400,-2.183320,2,head_bob,0.115781,0.001642,0.003529,0.000084,-0.002252
468,9.3600,-1.932076,2,head_bob,0.115788,0.001708,0.003380,0.000597,0.007697
469,9.3800,-1.680832,2,head_bob,0.115813,0.002006,0.002826,0.001678,0.021082
470,9.4000,-1.429589,2,head_bob,0.115864,0.002540,0.001915,0.003519,0.035541
471,9.4200,-1.178345,2,head_bob,0.115934,0.003247,0.000936,0.003109,0.033194
472,9.4400,-0.927102,2,head_bob,0.115989,0.003759,0.000146,0.002568,0.023132
473,9.4600,-0.675858,2,head_bob,0.116031,0.004059,-0.000380,0.001797,0.011185
474,9.4800,-0.424614,2,head_bob,0.116053,0.004136,-0.000473,0.000691,-0.000299
475,9.5000,-0.173371,2,head_bob,0.116059,0.004092,-0.000250,0.000098,-0.002833
476,9.5200,0.077873,2,head_bob,0.116040,0.004105,0.000171,-0.001646,0.002563
477,9.5400,0.329117,2,head_bob,0.116008,0.004269,0.000694,-0.002031,0.007139
478,9.5600,0.580360,2,head_bob,0.115995,0.004316,0.001460,-0.000351,0.000653
479,9.5800,0.831604,2,head_bob,0.115977,0.004269,0.002550,-0.001295,-0.008035
480,9.6000,1.082847,2,head_bob,0.115937,0.003938,0.003634,-0.002330,-0.023146
481,9.6200,1.334091,2,head_bob,0.115898,0.003536,0.004355,-0.001535,-0.019394
482,9.6400,1.585335,2,head_bob,0.115877,0.003123,0.004661,-0.000832,-0.023957
483,9.6600,1.836578,2,head_bob,0.115871,0.002637,0.004760,0.000395,-0.020969
484,9.6800,2.087822,2,head_bob,0.115877,0.002318,0.004809,-0.000071,-0.014207
485,9.7000,2.339066,2,head_bob,0.115873,0.002134,0.004901,-0.000160,-0.006891
486,9.7200,2.590309,2,head_bob,0.115863,0.002034,0.004973,-0.000988,-0.001209
487,9.7400,2.841553,2,head_bob,0.115842,0.002101,0.004909,-0.001012,0.005139
488,9.7600,3.092797,2,head_bob,0.115823,0.002151,0.004697,-0.000908,0.000448
489,9.7800,-2.939145,2,head_bob,0.115810,0.002067,0.004299,-0.000066,-0.008093
490,9.8000,-2.687901,2,head_bob,0.115832,0.001968,0.004034,0.001386,0.001573
491,9.8200,-2.436658,2,head_bob,0.115850,0.002158,0.004086,0.000582,0.013331
492,9.8400,-2.185414,2,head_bob,0.115858,0.002507,0.004306,0.000380,0.018579
493,9.8600,-1.934171,2,head_bob,0.115868,0.002846,0.004334,0.000597,0.014667
494,9.8800,-1.682927,2,head_bob,0.115888,0.003146,0.003956,0.001032,0.016322
495,9.9000,-1.431683,2,head_bob,0.115915,0.003491,0.003135,0.001722,0.019726
496,9.9200,-1.180440,2,head_bob,0.115971,0.003972,0.002183,0.003017,0.027046
497,9.9400,-0.929196,2,head_bob,0.116020,0.004436,0.001363,0.002210,0.023113
498,9.9600,-0.677952,2,head_bob,0.116056,0.004759,0.000759,0.001551,0.012336
499,9.9800,-0.426709,2,head_bob,0.116074,0.004856,0.000536,0.000569,0.000750
500,10.0000,-0.175465,2,head_bob,0.116079,0.004780,0.000591,0.000013,-0.006244
501,10.0200,0.075779,2,head_bob,0.116058,0.004687,0.000798,-0.001720,-0.002755
502,10.0400,0.327022,2,head_bob,0.116025,0.004763,0.001169,-0.002286,0.000511
503,10.0600,0.578266,2,head_bob,0.116015,0.004726,0.001789,-0.000310,-0.004775
504,10.0800,0.829509,2,head_bob,0.115997,0.004549,0.002743,-0.001295,-0.014179
505,10.1000,1.080753,2,head_bob,0.115967,0.004182,0.003768,-0.001528,-0.021280
506,10.1200,1.331997,2,head_bob,0.115929,0.003747,0.004453,-0.001732,-0.022453
507,10.1400,1.583240,2,head_bob,0.115903,0.003254,0.004751,-0.001054,-0.028068
508,10.1600,1.834484,2,head_bob,0.115891,0.002663,0.004853,-0.000383,-0.029531
509,10.1800,2.085728,2,head_bob,0.115898,0.002252,0.004894,0.000431,-0.015028
510,10.2000,2.336971,2,head_bob,0.115898,0.002050,0.004982,-0.000142,-0.006722
511,10.2200,2.588215,2,head_bob,0.115890,0.001936,0.005060,-0.000796,-0.003076
512,10.2400,2.839459,2,head_bob,0.115867,0.002001,0.005023,-0.001177,0.005730
513,10.2600,3.090702,2,head_bob,0.115846,0.002073,0.004817,-0.001000,0.001505
514,10.2800,-2.941239,2,head_bob,0.115827,0.002024,0.004439,-0.000931,-0.003674
515,10.3000,-2.689996,2,head_bob,0.115849,0.002059,0.004185,0.001335,0.006003
516,10.3200,-2.438752,2,head_bob,0.115868,0.002284,0.004172,0.000645,0.013731
517,10.3400,-2.187509,2,head_bob,0.115877,0.002607,0.004346,0.000433,0.016552
518,10.3600,-1.936265,2,head_bob,0.115887,0.002898,0.004380,0.000617,0.012886
519,10.3800,-1.685021,2,head_bob,0.115909,0.003204,0.004028,0.001500,0.018622
520,10.4000,-1.433778,2,head_bob,0.115940,0.003580,0.003205,0.001584,0.019575
521,10.4200,-1.182534,2,head_bob,0.115983,0.003973,0.002249,0.002939,0.024364
522,10.4400,-0.931290,2,head_bob,0.116030,0.004400,0.001455,0.002170,0.021761
523,10.4600,-0.680047,2,head_bob,0.116066,0.004740,0.000830,0.001545,0.014079
524,10.4800,-0.428803,2,head_bob,0.116085,0.004884,0.000573,0.000567,0.003262
525,10.5000,-0.177559,2,head_bob,0.116089,0.004842,0.000643,0.000014,-0.005087
526,10.5200,0.073684,2,head_bob,0.116073,0.004810,0.000892,-0.000731,0.006685
527,10.5400,0.324928,2,head_bob,0.116042,0.004969,0.001332,-0.002425,0.002282
528,10.5600,0.576171,2,head_bob,0.116029,0.004927,0.002041,-0.000501,-0.005700
529,10.5800,0.827415,2,head_bob,0.116008,0.004715,0.003042,-0.001408,-0.016105
530,10.6000,1.078659,2,head_bob,0.115976,0.004312,0.004095,-0.001564,-0.022904
531,10.6200,1.329902,2,head_bob,0.115938,0.003848,0.004776,-0.001741,-0.023784
532,10.6400,1.581146,2,head_bob,0.115913,0.003325,0.005050,-0.001026,-0.029610
533,10.6600,1.832390,2,head_bob,0.115900,0.002703,0.005143,-0.000378,-0.031063
534,10.6800,2.083633,2,head_bob,0.115908,0.002262,0.005182,0.000446,-0.016576
535,10.7000,2.334877,2,head_bob,0.115908,0.002032,0.005242,-0.000134,-0.007481
536,10.7200,2.586121,2,head_bob,0.115901,0.001921,0.005275,-0.000798,-0.002400
537,10.7400,2.837364,2,head_bob,0.115878,0.002002,0.005191,-0.001182,0.006558
538,10.7600,3.088608,2,head_bob,0.115856,0.002087,0.004944,-0.000995,0.001987
539,10.7800,-2.943334,2,head_bob,0.115838,0.002046,0.004559,-0.000938,-0.003303
540,10.8000,-2.692090,2,head_bob,0.115859,0.002091,0.004295,0.001331,0.006525
541,10.8200,-2.440847,2,head_bob,0.115878,0.002323,0.004238,0.000639,0.014109
542,10.8400,-2.189603,2,head_bob,0.115886,0.002649,0.004390,0.000414,0.016535
543,10.8600,-1.938359,2,head_bob,0.115896,0.002936,0.004434,0.000593,0.012592
544,10.8800,-1.687116,2,head_bob,0.115918,0.003235,0.004103,0.001480,0.018222
545,10.9000,-1.435872,2,head_bob,0.115949,0.003605,0.003290,0.001551,0.019271
546,10.9200,-1.184628,2,head_bob,0.115991,0.003996,0.002329,0.002905,0.024346
547,10.9400,-0.933385,2,head_bob,0.116044,0.004486,0.001571,0.002156,0.023720
548,10.9600,-0.682141,2,head_bob,0.116077,0.004840,0.000981,0.001373,0.013996
549,10.9800,-0.430897,2,head_bob,0.116093,0.004976,0.000743,0.000471,0.002658
550,11.0000,-0.179654,2,head_bob,0.116096,0.004919,0.000827,-0.000031,-0.005887
551,11.0200,0.071590,2,head_bob,0.116079,0.004873,0.001084,-0.000756,0.006135
552,11.0400,0.322833,2,head_bob,0.116053,0.004997,0.001515,-0.001457,-0.003171
553,11.0600,0.574077,2,head_bob,0.116043,0.004905,0.002224,-0.000575,-0.006748
554,11.0800,0.825321,2,head_bob,0.116019,0.004694,0.003248,-0.001554,-0.015727
555,11.1000,1.076564,2,head_bob,0.115985,0.004303,0.004338,-0.001655,-0.022327
556,11.1200,1.327808,2,head_bob,0.115950,0.003873,0.005061,-0.001776,-0.022763
557,11.1400,1.579052,2,head_bob,0.115923,0.003358,0.005338,-0.001112,-0.029577
558,11.1600,1.830295,2,head_bob,0.115909,0.002728,0.005422,-0.000435,-0.031672
559,11.1800,2.081539,2,head_bob,0.115916,0.002270,0.005446,0.000420,-0.017512
560,11.2000,2.332782,2,head_bob,0.115916,0.002021,0.005467,-0.000140,-0.008329
561,11.2200,2.584026,2,head_bob,0.115908,0.001903,0.005455,-0.000805,-0.002417
562,11.2400,2.835270,2,head_bob,0.115885,0.001989,0.005327,-0.001184,0.007021
563,11.2600,3.086513,2,head_bob,0.115864,0.002082,0.005044,-0.000997,0.002389
564,11.2800,-2.945428,2,head_bob,0.115845,0.002045,0.004642,-0.000945,-0.003190
565,11.3000,-2.694185,2,head_bob,0.115866,0.002089,0.004357,0.001322,0.006469
566,11.3200,-2.442941,2,head_bob,0.115885,0.002320,0.004270,0.000629,0.014080
567,11.3400,-2.191697,2,head_bob,0.115893,0.002643,0.004407,0.000398,0.016353
568,11.3600,-1.940454,2,head_bob,0.115903,0.002925,0.004449,0.000573,0.012322
569,11.3800,-1.689210,2,head_bob,0.115924,0.003220,0.004127,0.001453,0.017994
570,11.4000,-1.437966,2,head_bob,0.115958,0.003623,0.003315,0.001623,0.020765
571,11.4200,-1.186723,2,head_bob,0.115999,0.004025,0.002352,0.002798,0.024512
572,11.4400,-0.935479,2,head_bob,0.116050,0.004512,0.001601,0.002064,0.023317
573,11.4600,-0.684236,2,head_bob,0.116081,0.004860,0.001016,0.001321,0.013894
574,11.4800,-0.432992,2,head_bob,0.116097,0.004996,0.000778,0.000455,0.002715
575,11.5000,-0.181748,2,head_bob,0.116100,0.004940,0.000864,-0.000037,-0.005904
576,11.5200,0.069495,2,head_bob,0.116084,0.004894,0.001123,-0.000756,0.006205
577,11.5400,0.320739,2,head_bob,0.116057,0.005018,0.001554,-0.001456,-0.003286
578,11.5600,0.571983,2,head_bob,0.116047,0.004917,0.002254,-0.000576,-0.007182
579,11.5800,0.823226,2,head_bob,0.116023,0.004697,0.003264,-0.001561,-0.016115
580,11.6000,1.074470,2,head_bob,0.115989,0.004302,0.004355,-0.001664,-0.022389
581,11.6200,1.325714,2,head_bob,0.115954,0.003873,0.005086,-0.001788,-0.022688
582,11.6400,1.576957,2,head_bob,0.115926,0.003359,0.005370,-0.001117,-0.029625
583,11.6600,1.828201,2,head_bob,0.115913,0.002725,0.005463,-0.000441,-0.031901
584,11.6800,2.079444,2,head_bob,0.115920,0.002262,0.005495,0.000415,-0.017853
585,11.7000,2.330688,2,head_bob,0.115919,0.002005,0.005506,-0.000137,-0.008672
586,11.7200,2.581932,2,head_bob,0.115912,0.001886,0.005487,-0.000807,-0.002389
587,11.7400,2.833175,2,head_bob,0.115889,0.001975,0.005353,-0.001184,0.007196
588,11.7600,3.084419,2,head_bob,0.115867,0.002071,0.005066,-0.000996,0.002530
589,11.7800,-2.947523,2,head_bob,0.115848,0.002036,0.004666,-0.000947,-0.003106
590,11.8000,-2.696279,2,head_bob,0.115870,0.002082,0.004381,0.001318,0.006508
591,11.8200,-2.445035,2,head_bob,0.115888,0.002313,0.004289,0.000623,0.014117
592,11.8400,-2.193792,2,head_bob,0.115896,0.002636,0.004426,0.000389,0.016289
593,11.8600,-1.942548,2,head_bob,0.115906,0.002916,0.004473,0.000560,0.012174
594,11.8800,-1.691304,2,head_bob,0.115926,0.003207,0.004158,0.001437,0.017830
595,11.9000,-1.440061,2,head_bob,0.115961,0.003609,0.003350,0.001609,0.020769
596,11.9200,-1.188817,2,head_bob,0.116001,0.004013,0.002382,0.002789,0.024643
597,11.9400,-0.937574,2,head_bob,0.116052,0.004503,0.001625,0.002058,0.023484
598,11.9600,-0.686330,2,head_bob,0.116083,0.004857,0.001031,0.001320,0.014211
599,11.9800,-0.435086,2,head_bob,0.116099,0.004997,0.000788,0.000457,0.002930
600,12.0000,-0.183843,2,head_bob,0.116102,0.004944,0.000874,-0.000035,-0.005827
601,12.0200,0.067401,2,head_bob,0.116085,0.004899,0.001134,-0.000754,0.006280
602,12.0400,0.318645,2,head_bob,0.116059,0.005023,0.001564,-0.001452,-0.003292
603,12.0600,0.569888,2,head_bob,0.116049,0.004923,0.002256,-0.000565,-0.007131
604,12.0800,0.821132,2,head_bob,0.116025,0.004704,0.003251,-0.001562,-0.015977
605,12.1000,1.072376,2,head_bob,0.115991,0.004310,0.004342,-0.001670,-0.022436
606,12.1200,1.323619,2,head_bob,0.115955,0.003880,0.005079,-0.001799,-0.022687
607,12.1400,1.574863,2,head_bob,0.115928,0.003366,0.005370,-0.001123,-0.029622
608,12.1600,1.826106,2,head_bob,0.115914,0.002732,0.005471,-0.000447,-0.032019
609,12.1800,2.077350,2,head_bob,0.115921,0.002265,0.005509,0.000411,-0.018071
610,12.2000,2.328594,2,head_bob,0.115921,0.002003,0.005517,-0.000135,-0.008917
611,12.2200,2.579837,2,head_bob,0.115913,0.001883,0.005495,-0.000808,-0.002378
612,12.2400,2.831081,2,head_bob,0.115890,0.001973,0.005360,-0.001182,0.007270
613,12.2600,3.082325,2,head_bob,0.115869,0.002070,0.005074,-0.000994,0.002605
614,12.2800,-2.949617,2,head_bob,0.115850,0.002037,0.004676,-0.000946,-0.003068
615,12.3000,-2.698373,2,head_bob,0.115871,0.002083,0.004393,0.001316,0.006507
616,12.3200,-2.447130,2,head_bob,0.115889,0.002314,0.004300,0.000619,0.014098
617,12.3400,-2.195886,2,head_bob,0.115898,0.002636,0.004439,0.000381,0.016223
618,12.3600,-1.944643,2,head_bob,0.115907,0.002914,0.004491,0.000550,0.012041
619,12.3800,-1.693399,2,head_bob,0.115927,0.003203,0.004181,0.001425,0.017675
620,12.4000,-1.442155,2,head_bob,0.115961,0.003603,0.003376,0.001600,0.020725
621,12.4200,-1.190912,2,head_bob,0.116001,0.004007,0.002406,0.002786,0.024667
622,12.4400,-0.939668,2,head_bob,0.116052,0.004498,0.001644,0.002059,0.023546
623,12.4600,-0.688424,2,head_bob,0.116084,0.004854,0.001044,0.001326,0.014403
624,12.4800,-0.437181,2,head_bob,0.116100,0.004998,0.000795,0.000462,0.003074
625,12.5000,-0.185937,2,head_bob,0.116103,0.004946,0.000880,-0.000032,-0.005764
626,12.5200,0.065307,0,squat_bounce,0.115945,0.004901,0.001124,-0.013743,0.003383
627,12.5400,0.316550,0,squat_bounce,0.115477,0.004961,0.001182,-0.028965,0.006384
628,12.5600,0.567794,0,squat_bounce,0.114775,0.005118,0.000871,-0.038110,0.007861
629,12.5800,0.819037,0,squat_bounce,0.113970,0.005157,0.000671,-0.040759,-0.002675
630,12.6000,1.070281,0,squat_bounce,0.113177,0.004911,0.000584,-0.038475,-0.018260
631,12.6200,1.321525,0,squat_bounce,0.112448,0.004512,0.000440,-0.033804,-0.023096
632,12.6400,1.572768,0,squat_bounce,0.111858,0.004016,0.000062,-0.027659,-0.020841
633,12.6600,1.824012,0,squat_bounce,0.111386,0.003606,-0.000574,-0.021499,-0.017332
634,12.6800,2.075256,0,squat_bounce,0.111026,0.003271,-0.001263,-0.016654,-0.011741
635,12.7000,2.326499,0,squat_bounce,0.110744,0.003030,-0.001724,-0.013336,-0.008592
636,12.7200,2.577743,0,squat_bounce,0.110509,0.002824,-0.001898,-0.011575,-0.008601
637,12.7400,2.828987,0,squat_bounce,0.110291,0.002619,-0.001850,-0.010679,-0.012313
638,12.7600,3.080230,0,squat_bounce,0.110065,0.002380,-0.001678,-0.011605,-0.012450
639,12.7800,-2.951711,0,squat_bounce,0.109822,0.002132,-0.001456,-0.012566,-0.012931
640,12.8000,-2.700468,0,squat_bounce,0.109558,0.001871,-0.001269,-0.013588,-0.013573
641,12.8200,-2.449224,0,squat_bounce,0.109276,0.001635,-0.001155,-0.014328,-0.010089
642,12.8400,-2.197981,0,squat_bounce,0.108988,0.001521,-0.001083,-0.014415,-0.002846
643,12.8600,-1.946737,0,squat_bounce,0.108712,0.001573,-0.001009,-0.012735,0.007664
644,12.8800,-1.695493,0,squat_bounce,0.108481,0.001861,-0.000885,-0.011651,0.013834
645,12.9000,-1.444250,0,squat_bounce,0.108254,0.002043,-0.000634,-0.010773,0.006392
646,12.9200,-1.193006,0,squat_bounce,0.108070,0.002152,-0.000410,-0.008147,0.004808
647,12.9400,-0.941762,0,squat_bounce,0.107942,0.002245,-0.000366,-0.005331,0.004552
648,12.9600,-0.690519,0,squat_bounce,0.107869,0.002339,-0.000380,-0.002662,0.004775
649,12.9800,-0.439275,0,squat_bounce,0.107842,0.002450,-0.000385,-0.000821,0.006186
650,13.0000,-0.188031,0,squat_bounce,0.107838,0.002596,-0.000497,0.000258,0.008359
651,13.0200,0.063212,0,squat_bounce,0.107862,0.002767,-0.000978,0.001834,0.009685
652,13.0400,0.314456,0,squat_bounce,0.107922,0.002953,-0.001689,0.003627,0.010850
653,13.0600,0.565699,0,squat_bounce,0.108018,0.003143,-0.002455,0.005468,0.010187
654,13.0800,0.816943,0,squat_bounce,0.108150,0.003284,-0.003223,0.007205,0.006657
655,13.1000,1.068187,0,squat_bounce,0.108313,0.003355,-0.003910,0.008606,0.003673
656,13.1200,1.319430,0,squat_bounce,0.108497,0.003398,-0.004430,0.009475,0.002634
657,13.1400,1.570674,0,squat_bounce,0.108690,0.003426,-0.004769,0.009651,0.001383
658,13.1600,1.821918,0,squat_bounce,0.108876,0.003422,-0.004994,0.009011,-0.000720
659,13.1800,2.073161,0,squat_bounce,0.109044,0.003335,-0.005213,0.008406,-0.009900
660,13.2000,2.324405,0,squat_bounce,0.109171,0.003167,-0.005432,0.005254,-0.007605
661,13.2200,2.575649,0,squat_bounce,0.109263,0.002999,-0.005574,0.003633,-0.011207
662,13.2400,2.826892,0,squat_bounce,0.109302,0.002741,-0.005615,0.000976,-0.012146
663,13.2600,3.078136,0,squat_bounce,0.109293,0.002430,-0.005384,-0.001290,-0.020017
664,13.2800,-2.953806,0,squat_bounce,0.109237,0.001940,-0.004978,-0.003732,-0.027745
665,13.3000,-2.702562,0,squat_bounce,0.109131,0.001361,-0.004570,-0.006217,-0.030037
666,13.3200,-2.451319,0,squat_bounce,0.108980,0.000792,-0.004210,-0.008328,-0.027943
667,13.3400,-2.200075,0,squat_bounce,0.108794,0.000303,-0.003835,-0.009747,-0.023079
668,13.3600,-1.948831,0,squat_bounce,0.108572,-0.000022,-0.003311,-0.012575,-0.005255
669,13.3800,-1.697588,0,squat_bounce,0.108347,-0.000072,-0.002698,-0.010482,-0.001410
670,13.4000,-1.446344,0,squat_bounce,0.108159,0.000021,-0.002252,-0.008669,0.007307
671,13.4200,-1.195100,0,squat_bounce,0.108016,0.000428,-0.001947,-0.007464,0.031966
672,13.4400,-0.943857,0,squat_bounce,0.107894,0.000917,-0.001750,-0.005173,0.020472
673,13.4600,-0.692613,0,squat_bounce,0.107821,0.001266,-0.001679,-0.002764,0.016169
674,13.4800,-0.441369,0,squat_bounce,0.107792,0.001527,-0.001632,-0.000791,0.009808
675,13.5000,-0.190126,0,squat_bounce,0.107780,0.001867,-0.001769,0.000279,0.013477
676,13.5200,0.061118,0,squat_bounce,0.107807,0.002085,-0.002192,0.001941,0.011427
677,13.5400,0.312361,0,squat_bounce,0.107867,0.002301,-0.002806,0.003648,0.012218
678,13.5600,0.563605,0,squat_bounce,0.107950,0.002662,-0.003347,0.004511,0.023716
679,13.5800,0.814849,0,squat_bounce,0.108079,0.003011,-0.003899,0.007323,0.015320
680,13.6000,1.066092,0,squat_bounce,0.108246,0.003224,-0.004502,0.008821,0.009954
681,13.6200,1.317336,0,squat_bounce,0.108432,0.003373,-0.004904,0.009548,0.007170
682,13.6400,1.568580,0,squat_bounce,0.108625,0.003480,-0.005066,0.009628,0.004695
683,13.6600,1.819823,0,squat_bounce,0.108811,0.003536,-0.005125,0.008997,0.001690
684,13.6800,2.071067,0,squat_bounce,0.108975,0.003522,-0.005215,0.007577,-0.001981
685,13.7000,2.322310,0,squat_bounce,0.109124,0.003430,-0.005366,0.006708,-0.008119
686,13.7200,2.573554,0,squat_bounce,0.109217,0.003102,-0.005502,0.003352,-0.020781
687,13.7400,2.824798,0,squat_bounce,0.109250,0.002670,-0.005526,0.000668,-0.020156
688,13.7600,3.076041,0,squat_bounce,0.109237,0.002257,-0.005258,-0.001361,-0.023639
689,13.7800,-2.955900,0,squat_bounce,0.109182,0.001738,-0.004835,-0.003626,-0.028115
690,13.8000,-2.704657,0,squat_bounce,0.109080,0.001180,-0.004420,-0.006040,-0.028379
691,13.8200,-2.453413,0,squat_bounce,0.108932,0.000660,-0.004049,-0.008136,-0.025274
692,13.8400,-2.202169,0,squat_bounce,0.108740,0.000363,-0.003624,-0.009623,-0.015276
693,13.8600,-1.950926,0,squat_bounce,0.108532,0.000074,-0.003263,-0.010759,-0.013967
694,13.8800,-1.699682,0,squat_bounce,0.108312,0.000042,-0.002815,-0.010919,0.005907
695,13.9000,-1.448438,0,squat_bounce,0.108124,0.000222,-0.002386,-0.008577,0.009878
696,13.9200,-1.197195,0,squat_bounce,0.107990,0.000594,-0.002160,-0.006092,0.020762
697,13.9400,-0.945951,0,squat_bounce,0.107866,0.001129,-0.002010,-0.005147,0.022298
698,13.9600,-0.694707,0,squat_bounce,0.107794,0.001500,-0.001969,-0.002625,0.016780
699,13.9800,-0.443464,0,squat_bounce,0.107767,0.001754,-0.001952,-0.000729,0.009011
700,14.0000,-0.192220,0,squat_bounce,0.107756,0.002069,-0.002071,0.000339,0.011862
701,14.0200,0.059023,0,squat_bounce,0.107785,0.002250,-0.002453,0.001995,0.009457
702,14.0400,0.310267,0,squat_bounce,0.107846,0.002428,-0.003020,0.003686,0.010304
703,14.0600,0.561511,0,squat_bounce,0.107927,0.002786,-0.003499,0.004987,0.019310
704,14.0800,0.812754,0,squat_bounce,0.108060,0.003071,-0.004014,0.007429,0.012773
705,14.1000,1.063998,0,squat_bounce,0.108227,0.003264,-0.004557,0.008825,0.009585
706,14.1200,1.315242,0,squat_bounce,0.108414,0.003416,-0.004874,0.009536,0.007363
707,14.1400,1.566485,0,squat_bounce,0.108607,0.003531,-0.004966,0.009634,0.004939
708,14.1600,1.817729,0,squat_bounce,0.108793,0.003592,-0.004978,0.009022,0.001844
709,14.1800,2.068972,0,squat_bounce,0.108957,0.003581,-0.005042,0.007613,-0.001903
710,14.2000,2.320216,0,squat_bounce,0.109093,0.003490,-0.005178,0.006657,-0.006138
711,14.2200,2.571460,0,squat_bounce,0.109193,0.003228,-0.005337,0.003715,-0.017089
712,14.2400,2.822703,0,squat_bounce,0.109232,0.002847,-0.005407,0.000924,-0.018084
713,14.2600,3.073947,0,squat_bounce,0.109222,0.002457,-0.005174,-0.001220,-0.022874
714,14.2800,-2.957995,0,squat_bounce,0.109169,0.001941,-0.004764,-0.003544,-0.028283
715,14.3000,-2.706751,0,squat_bounce,0.109068,0.001374,-0.004343,-0.006000,-0.029082
716,14.3200,-2.455507,0,squat_bounce,0.108915,0.000878,-0.003936,-0.009211,-0.018115
717,14.3400,-2.204264,0,squat_bounce,0.108729,0.000527,-0.003587,-0.009473,-0.018235
718,14.3600,-1.953020,0,squat_bounce,0.108522,0.000182,-0.003295,-0.010837,-0.016244
719,14.3800,-1.701776,0,squat_bounce,0.108298,0.000178,-0.002845,-0.010348,0.000786
720,14.4000,-1.450533,0,squat_bounce,0.108114,0.000293,-0.002456,-0.008496,0.007572
721,14.4200,-1.199289,0,squat_bounce,0.107971,0.000725,-0.002186,-0.006754,0.027352
722,14.4400,-0.948046,0,squat_bounce,0.107856,0.001156,-0.002045,-0.004997,0.018400
723,14.4600,-0.696802,0,squat_bounce,0.107784,0.001471,-0.002004,-0.002752,0.014602
724,14.4800,-0.445558,0,squat_bounce,0.107742,0.001875,-0.001959,-0.001205,0.017500
725,14.5000,-0.194315,0,squat_bounce,0.107741,0.002060,-0.002024,0.000509,0.006172
726,14.5200,0.056929,0,squat_bounce,0.107769,0.002156,-0.002337,0.001950,0.006055
727,14.5400,0.308173,0,squat_bounce,0.107818,0.002404,-0.002794,0.002824,0.018445
728,14.5600,0.559416,0,squat_bounce,0.107912,0.002694,-0.003333,0.005623,0.014123
729,14.5800,0.810660,0,squat_bounce,0.108049,0.002916,-0.003927,0.007419,0.011141
730,14.6000,1.061904,0,squat_bounce,0.108214,0.003107,-0.004371,0.008683,0.010014
731,14.6200,1.313147,0,squat_bounce,0.108398,0.003283,-0.004596,0.009484,0.008630
732,14.6400,1.564391,0,squat_bounce,0.108591,0.003427,-0.004661,0.009681,0.006355
733,14.6600,1.815634,0,squat_bounce,0.108779,0.003515,-0.004685,0.009101,0.003144
734,14.6800,2.066878,0,squat_bounce,0.108944,0.003526,-0.004770,0.007682,-0.000905
735,14.7000,2.318122,0,squat_bounce,0.109076,0.003444,-0.004929,0.006328,-0.005027
736,14.7200,2.569365,0,squat_bounce,0.109177,0.003218,-0.005119,0.003910,-0.015187
737,14.7400,2.820609,0,squat_bounce,0.109220,0.002869,-0.005237,0.001083,-0.016395
738,14.7600,3.071853,0,squat_bounce,0.109213,0.002502,-0.005057,-0.001108,-0.021783
739,14.7800,-2.960089,0,squat_bounce,0.109162,0.001999,-0.004688,-0.003465,-0.027746
740,14.8000,-2.708845,0,squat_bounce,0.109061,0.001437,-0.004293,-0.005948,-0.028952
741,14.8200,-2.457602,0,squat_bounce,0.108910,0.000940,-0.003901,-0.009183,-0.018298
742,14.8400,-2.206358,0,squat_bounce,0.108724,0.000583,-0.003563,-0.009454,-0.018537
743,14.8600,-1.955114,0,squat_bounce,0.108522,0.000238,-0.003279,-0.010722,-0.017284
744,14.8800,-1.703871,0,squat_bounce,0.108296,0.000199,-0.002825,-0.010470,-0.001178
745,14.9000,-1.452627,0,squat_bounce,0.108110,0.000281,-0.002420,-0.008599,0.006166
746,14.9200,-1.201384,0,squat_bounce,0.107964,0.000722,-0.002137,-0.006527,0.025250
747,14.9400,-0.950140,0,squat_bounce,0.107851,0.001127,-0.002022,-0.004955,0.017600
748,14.9600,-0.698896,0,squat_bounce,0.107779,0.001435,-0.001991,-0.002777,0.014477
749,14.9800,-0.447653,0,squat_bounce,0.107736,0.001847,-0.001897,-0.000969,0.014506
750,15.0000,-0.196409,0,squat_bounce,0.107737,0.001998,-0.001942,0.000573,0.004979
751,15.0200,0.054835,0,squat_bounce,0.107766,0.002082,-0.002241,0.001963,0.005673
752,15.0400,0.306078,0,squat_bounce,0.107813,0.002368,-0.002675,0.003210,0.016458
753,15.0600,0.557322,0,squat_bounce,0.107910,0.002639,-0.003229,0.005705,0.013713
754,15.0800,0.808566,0,squat_bounce,0.108047,0.002863,-0.003824,0.007413,0.011558
755,15.1000,1.059809,0,squat_bounce,0.108211,0.003067,-0.004244,0.008654,0.010680
756,15.1200,1.311053,0,squat_bounce,0.108395,0.003256,-0.004453,0.009465,0.009255
757,15.1400,1.562296,0,squat_bounce,0.108588,0.003411,-0.004515,0.009676,0.006835
758,15.1600,1.813540,0,squat_bounce,0.108775,0.003506,-0.004546,0.009102,0.003502
759,15.1800,2.064784,0,squat_bounce,0.108941,0.003521,-0.004641,0.007686,-0.000802
760,15.2000,2.316027,0,squat_bounce,0.109069,0.003433,-0.004811,0.005521,-0.006179
761,15.2200,2.567271,0,squat_bounce,0.109169,0.003231,-0.005013,0.004032,-0.013508
762,15.2400,2.818515,0,squat_bounce,0.109214,0.002907,-0.005160,0.001270,-0.015373
763,15.2600,3.069758,0,squat_bounce,0.109210,0.002559,-0.005007,-0.001015,-0.020723
764,15.2800,-2.962183,0,squat_bounce,0.109160,0.002071,-0.004650,-0.003416,-0.027298
765,15.3000,-2.710940,0,squat_bounce,0.109061,0.001510,-0.004257,-0.005924,-0.029060
766,15.3200,-2.459696,0,squat_bounce,0.108909,0.001008,-0.003862,-0.009178,-0.018702
767,15.3400,-2.208453,0,squat_bounce,0.108723,0.000640,-0.003521,-0.009453,-0.019149
768,15.3600,-1.957209,0,squat_bounce,0.108521,0.000281,-0.003235,-0.010740,-0.018021
769,15.3800,-1.705965,0,squat_bounce,0.108295,0.000228,-0.002779,-0.010495,-0.001876
770,15.4000,-1.454722,0,squat_bounce,0.108108,0.000298,-0.002375,-0.008626,0.005619
771,15.4200,-1.203478,0,squat_bounce,0.107964,0.000704,-0.002096,-0.006833,0.026276
772,15.4400,-0.952234,0,squat_bounce,0.107847,0.001120,-0.001954,-0.005061,0.017868
773,15.4600,-0.700991,0,squat_bounce,0.107774,0.001431,-0.001921,-0.002808,0.014521
774,15.4800,-0.449747,0,squat_bounce,0.107731,0.001844,-0.001841,-0.000969,0.014581
775,15.5000,-0.198503,0,squat_bounce,0.107733,0.001995,-0.001898,0.000592,0.004958
776,15.5200,0.052740,0,squat_bounce,0.107762,0.002077,-0.002205,0.001978,0.005596
777,15.5400,0.303984,0,squat_bounce,0.107809,0.002361,-0.002645,0.003215,0.016383
778,15.5600,0.555227,0,squat_bounce,0.107906,0.002631,-0.003201,0.005704,0.013695
779,15.5800,0.806471,0,squat_bounce,0.108042,0.002855,-0.003796,0.007413,0.011576
780,15.6000,1.057715,0,squat_bounce,0.108207,0.003059,-0.004215,0.008658,0.010698
781,15.6200,1.308958,0,squat_bounce,0.108391,0.003249,-0.004423,0.009474,0.009272
782,15.6400,1.560202,0,squat_bounce,0.108584,0.003403,-0.004484,0.009689,0.006844
783,15.6600,1.811446,0,squat_bounce,0.108772,0.003499,-0.004512,0.009120,0.003516
784,15.6800,2.062689,0,squat_bounce,0.108938,0.003515,-0.004605,0.007709,-0.000735
785,15.7000,2.313933,0,squat_bounce,0.109066,0.003428,-0.004775,0.005548,-0.006084
786,15.7200,2.565177,0,squat_bounce,0.109167,0.003226,-0.004978,0.004060,-0.013500
787,15.7400,2.816420,0,squat_bounce,0.109213,0.002902,-0.005127,0.001293,-0.015420
788,15.7600,3.067664,0,squat_bounce,0.109209,0.002555,-0.004977,-0.000996,-0.020643
789,15.7800,-2.964278,0,squat_bounce,0.109160,0.002068,-0.004621,-0.003392,-0.027219
790,15.8000,-2.713034,0,squat_bounce,0.109060,0.001509,-0.004228,-0.005899,-0.028992
791,15.8200,-2.461791,0,squat_bounce,0.108915,0.000966,-0.003863,-0.008054,-0.026735
792,15.8400,-2.210547,0,squat_bounce,0.108724,0.000631,-0.003450,-0.009586,-0.017286
793,15.8600,-1.959303,0,squat_bounce,0.108521,0.000306,-0.003104,-0.010678,-0.016864
794,15.8800,-1.708060,0,squat_bounce,0.108297,0.000240,-0.002661,-0.010742,0.000306
795,15.9000,-1.456816,0,squat_bounce,0.108108,0.000335,-0.002248,-0.008664,0.006293
796,15.9200,-1.205572,0,squat_bounce,0.107963,0.000743,-0.002009,-0.006831,0.026326
797,15.9400,-0.954329,0,squat_bounce,0.107847,0.001156,-0.001906,-0.005070,0.017704
798,15.9600,-0.703085,0,squat_bounce,0.107773,0.001462,-0.001902,-0.002838,0.014330
799,15.9800,-0.451841,0,squat_bounce,0.107730,0.001872,-0.001840,-0.000989,0.014553
800,16.0000,-0.200598,0,squat_bounce,0.107731,0.002021,-0.001908,0.000573,0.004826
801,16.0200,0.050646,0,squat_bounce,0.107760,0.002099,-0.002224,0.001965,0.005401
802,16.0400,0.301889,0,squat_bounce,0.107807,0.002378,-0.002671,0.003210,0.016156
803,16.0600,0.553133,0,squat_bounce,0.107904,0.002642,-0.003235,0.005704,0.013461
804,16.0800,0.804377,0,squat_bounce,0.108040,0.002861,-0.003834,0.007414,0.011361
805,16.1000,1.055620,0,squat_bounce,0.108205,0.003061,-0.004255,0.008661,0.010520
806,16.1200,1.306864,0,squat_bounce,0.108389,0.003248,-0.004463,0.009479,0.009132
807,16.1400,1.558108,0,squat_bounce,0.108582,0.003400,-0.004522,0.009699,0.006747
808,16.1600,1.809351,0,squat_bounce,0.108771,0.003494,-0.004546,0.009136,0.003457
809,16.1800,2.060595,0,squat_bounce,0.108937,0.003510,-0.004633,0.007731,-0.000785
810,16.2000,2.311839,0,squat_bounce,0.109066,0.003422,-0.004798,0.005575,-0.006131
811,16.2200,2.563082,0,squat_bounce,0.109167,0.003219,-0.004998,0.004086,-0.013563
812,16.2400,2.814326,0,squat_bounce,0.109213,0.002892,-0.005144,0.001282,-0.015548
813,16.2600,3.065569,0,squat_bounce,0.109209,0.002543,-0.004993,-0.000979,-0.020711
814,16.2800,-2.966372,0,squat_bounce,0.109160,0.002056,-0.004637,-0.003360,-0.027194
815,16.3000,-2.715129,0,squat_bounce,0.109062,0.001499,-0.004245,-0.005870,-0.028886
816,16.3200,-2.463885,0,squat_bounce,0.108917,0.000959,-0.003879,-0.008034,-0.026584
817,16.3400,-2.212641,0,squat_bounce,0.108726,0.000627,-0.003469,-0.009578,-0.017145
818,16.3600,-1.961398,0,squat_bounce,0.108524,0.000305,-0.003125,-0.010678,-0.016706
819,16.3800,-1.710154,0,squat_bounce,0.108299,0.000242,-0.002682,-0.010753,0.000425
820,16.4000,-1.458910,0,squat_bounce,0.108110,0.000339,-0.002265,-0.008683,0.006372
821,16.4200,-1.207667,0,squat_bounce,0.107966,0.000724,-0.002035,-0.007476,0.030845
822,16.4400,-0.956423,0,squat_bounce,0.107845,0.001177,-0.001910,-0.005199,0.018619
823,16.4600,-0.705179,0,squat_bounce,0.107770,0.001489,-0.001898,-0.002840,0.014453
824,16.4800,-0.453936,0,squat_bounce,0.107730,0.001853,-0.001900,-0.001540,0.020461
825,16.5000,-0.202692,0,squat_bounce,0.107727,0.002075,-0.001984,0.000430,0.007481
826,16.5200,0.048551,0,squat_bounce,0.107754,0.002184,-0.002303,0.001918,0.006467
827,16.5400,0.299795,1,weight_shift,0.108000,0.002355,-0.002743,0.021517,0.011305
828,16.5600,0.551039,1,weight_shift,0.108670,0.002463,-0.003260,0.038942,-0.002503
829,16.5800,0.802282,1,weight_shift,0.109552,0.002390,-0.003632,0.046679,0.006917
830,16.6000,1.053526,1,weight_shift,0.110491,0.002712,-0.003601,0.046234,0.020237
831,16.6200,1.304770,1,weight_shift,0.111358,0.002914,-0.003320,0.041948,0.010164
832,16.6400,1.556013,1,weight_shift,0.112117,0.002993,-0.003349,0.036397,0.012369
833,16.6600,1.807257,1,weight_shift,0.112758,0.002885,-0.003470,0.029471,-0.009048
834,16.6800,2.058501,1,weight_shift,0.113264,0.002646,-0.003529,0.022142,-0.020808
835,16.7000,2.309744,1,weight_shift,0.113670,0.002312,-0.003929,0.018742,-0.016125
836,16.7200,2.560988,1,weight_shift,0.113991,0.001951,-0.004409,0.014413,-0.018138
837,16.7400,2.812231,1,weight_shift,0.114239,0.001526,-0.004665,0.011157,-0.025178
838,16.7600,3.063475,1,weight_shift,0.114426,0.000979,-0.004655,0.008404,-0.027899
839,16.7800,-2.968467,1,weight_shift,0.114576,0.000485,-0.004712,0.007499,-0.016699
840,16.8000,-2.717223,1,weight_shift,0.114718,0.000431,-0.004918,0.006570,0.003137
841,16.8200,-2.465979,1,weight_shift,0.114816,0.000356,-0.005020,0.004783,0.001013
842,16.8400,-2.214736,1,weight_shift,0.114896,0.000409,-0.004961,0.003890,0.005599
843,16.8600,-1.963492,1,weight_shift,0.114963,0.000550,-0.004886,0.003306,0.009529
844,16.8800,-1.712248,1,weight_shift,0.115009,0.000913,-0.004781,0.002507,0.023930
845,16.9000,-1.461005,1,weight_shift,0.115041,0.001326,-0.004452,0.001978,0.022525
846,16.9200,-1.209761,1,weight_shift,0.115081,0.001851,-0.003905,0.001402,0.021677
847,16.9400,-0.958518,1,weight_shift,0.115125,0.002171,-0.003224,0.002703,0.010040
848,16.9600,-0.707274,1,weight_shift,0.115169,0.002368,-0.002570,0.002091,0.009354
849,16.9800,-0.456030,1,weight_shift,0.115187,0.002672,-0.002083,0.000763,0.006800
850,17.0000,-0.204787,1,weight_shift,0.115218,0.002934,-0.001769,0.001161,0.010218
851,17.0200,0.046457,1,weight_shift,0.115221,0.003177,-0.001510,0.000748,0.012868
852,17.0400,0.297701,1,weight_shift,0.115240,0.003410,-0.001252,-0.000002,0.009383
853,17.0600,0.548944,1,weight_shift,0.115250,0.003558,-0.001025,0.001411,0.006315
854,17.0800,0.800188,1,weight_shift,0.115253,0.003597,-0.000865,0.000114,-0.001724
855,17.1000,1.051432,1,weight_shift,0.115266,0.003539,-0.000790,0.000703,-0.007440
856,17.1200,1.302675,1,weight_shift,0.115278,0.003425,-0.000734,0.000233,-0.007068
857,17.1400,1.553919,1,weight_shift,0.115292,0.003213,-0.000741,0.000847,-0.010508
858,17.1600,1.805162,1,weight_shift,0.115312,0.002912,-0.000855,0.001029,-0.015096
859,17.1800,2.056406,1,weight_shift,0.115332,0.002742,-0.000985,0.000993,-0.010333
860,17.2000,2.307650,1,weight_shift,0.115351,0.002472,-0.001145,0.001389,-0.006809
861,17.2200,2.558893,1,weight_shift,0.115373,0.002337,-0.001208,0.001181,-0.004549
862,17.2400,2.810137,1,weight_shift,0.115390,0.002190,-0.001188,0.000924,-0.006200
863,17.2600,3.061381,1,weight_shift,0.115404,0.002032,-0.001104,0.000579,-0.010043
864,17.2800,-2.970561,1,weight_shift,0.115420,0.001909,-0.000974,0.000812,-0.005480
865,17.3000,-2.719317,1,weight_shift,0.115429,0.001715,-0.000824,0.000621,-0.009377
866,17.3200,-2.468074,1,weight_shift,0.115438,0.001524,-0.000676,0.000412,-0.010682
867,17.3400,-2.216830,1,weight_shift,0.115453,0.001417,-0.000555,0.000837,-0.003175
868,17.3600,-1.965586,1,weight_shift,0.115460,0.001307,-0.000491,0.000048,-0.006221
869,17.3800,-1.714343,1,weight_shift,0.115475,0.001342,-0.000521,0.000965,0.006262
870,17.4000,-1.463099,1,weight_shift,0.115482,0.001389,-0.000587,0.000754,0.006916
871,17.4200,-1.211856,1,weight_shift,0.115500,0.001634,-0.000732,0.000905,0.014969
872,17.4400,-0.960612,1,weight_shift,0.115511,0.001853,-0.000928,0.000720,0.013556
873,17.4600,-0.709368,1,weight_shift,0.115520,0.002039,-0.001133,0.000645,0.012083
874,17.4800,-0.458125,1,weight_shift,0.115533,0.002291,-0.001306,0.000601,0.013007
875,17.5000,-0.206881,1,weight_shift,0.115538,0.002471,-0.001425,0.000101,0.006727
876,17.5200,0.044363,1,weight_shift,0.115546,0.002644,-0.001492,0.000443,0.009653
877,17.5400,0.295606,1,weight_shift,0.115553,0.002844,-0.001484,0.000334,0.009984
878,17.5600,0.546850,1,weight_shift,0.115559,0.003042,-0.001381,0.000218,0.009354
879,17.5800,0.798094,1,weight_shift,0.115554,0.003118,-0.001266,-0.000419,0.000483
880,17.6000,1.049337,1,weight_shift,0.115554,0.003166,-0.001208,0.000353,0.004810
881,17.6200,1.300581,1,weight_shift,0.115551,0.003169,-0.001177,-0.000550,-0.004999
882,17.6400,1.551824,1,weight_shift,0.115561,0.003214,-0.001160,0.000712,0.004784
883,17.6600,1.803068,1,weight_shift,0.115564,0.003165,-0.001187,0.000527,0.000471
884,17.6800,2.054312,1,weight_shift,0.115567,0.003069,-0.001240,0.000264,-0.005242
885,17.7000,2.305555,1,weight_shift,0.115580,0.003078,-0.001222,0.000661,0.001805
886,17.7200,2.556799,1,weight_shift,0.115588,0.003059,-0.001112,-0.000175,-0.008636
887,17.7400,2.808043,1,weight_shift,0.115594,0.002962,-0.000977,0.000411,-0.004094
888,17.7600,3.059286,1,weight_shift,0.115597,0.002815,-0.000816,0.000088,-0.010709
889,17.7800,-2.972655,1,weight_shift,0.115605,0.002656,-0.000688,0.000483,-0.007139
890,17.8000,-2.721412,1,weight_shift,0.115613,0.002545,-0.000553,0.000395,-0.005290
891,17.8200,-2.470168,1,weight_shift,0.115616,0.002418,-0.000382,-0.000438,-0.012652
892,17.8400,-2.218924,1,weight_shift,0.115619,0.002297,-0.000243,0.000332,-0.003740
893,17.8600,-1.967681,1,weight_shift,0.115626,0.002273,-0.000135,0.000284,-0.000469
894,17.8800,-1.716437,1,weight_shift,0.115627,0.002258,-0.000036,-0.000429,-0.005989
895,17.9000,-1.465194,1,weight_shift,0.115630,0.002260,0.000017,0.000317,0.002685
896,17.9200,-1.213950,1,weight_shift,0.115634,0.002319,-0.000014,-0.000307,-0.001700
897,17.9400,-0.962706,1,weight_shift,0.115638,0.002378,-0.000135,0.000337,0.005228
898,17.9600,-0.711463,1,weight_shift,0.115645,0.002496,-0.000276,0.000292,0.006373
899,17.9800,-0.460219,1,weight_shift,0.115650,0.002607,-0.000399,0.000189,0.005450
900,18.0000,-0.208975,1,weight_shift,0.115653,0.002698,-0.000488,0.000129,0.004474
901,18.0200,0.042268,1,weight_shift,0.115655,0.002788,-0.000539,0.000100,0.004829
902,18.0400,0.293512,1,weight_shift,0.115657,0.002888,-0.000544,0.000076,0.005078
903,18.0600,0.544756,1,weight_shift,0.115658,0.002988,-0.000499,0.000064,0.004734
904,18.0800,0.795999,1,weight_shift,0.115654,0.003009,-0.000455,0.000109,0.002931
905,18.1000,1.047243,1,weight_shift,0.115650,0.003008,-0.000433,-0.000774,-0.006122
906,18.1200,1.298486,1,weight_shift,0.115652,0.003038,-0.000448,0.000340,0.004358
907,18.1400,1.549730,1,weight_shift,0.115649,0.003005,-0.000488,0.000246,0.001740
908,18.1600,1.800974,1,weight_shift,0.115653,0.003046,-0.000542,0.000125,0.001334
909,18.1800,2.052217,1,weight_shift,0.115655,0.003058,-0.000597,0.000087,-0.000642
910,18.2000,2.303461,1,weight_shift,0.115662,0.003101,-0.000594,0.000343,0.002730
911,18.2200,2.554705,1,weight_shift,0.115662,0.003072,-0.000540,-0.000063,-0.004472
912,18.2400,2.805948,1,weight_shift,0.115666,0.003034,-0.000472,0.000238,-0.001486
913,18.2600,3.057192,1,weight_shift,0.115670,0.002992,-0.000376,0.000190,-0.003323
914,18.2800,-2.974750,1,weight_shift,0.115674,0.002901,-0.000272,0.000163,-0.005527
915,18.3000,-2.723506,1,weight_shift,0.115673,0.002753,-0.000160,-0.000582,-0.013187
916,18.3200,-2.472262,1,weight_shift,0.115674,0.002598,-0.000069,0.000246,-0.005709
917,18.3400,-2.221019,1,weight_shift,0.115679,0.002535,0.000021,0.000208,-0.002222
918,18.3600,-1.969775,1,weight_shift,0.115682,0.002521,0.000115,0.000101,-0.000305
919,18.3800,-1.718532,1,weight_shift,0.115683,0.002531,0.000213,0.000086,0.000569
920,18.4000,-1.467288,1,weight_shift,0.115680,0.002489,0.000284,-0.000212,-0.004022
921,18.4200,-1.216044,1,weight_shift,0.115683,0.002497,0.000272,0.000217,0.002492
922,18.4400,-0.964801,1,weight_shift,0.115687,0.002570,0.000192,0.000196,0.004198
923,18.4600,-0.713557,1,weight_shift,0.115690,0.002645,0.000102,0.000116,0.003659
924,18.4800,-0.462313,1,weight_shift,0.115692,0.002701,0.000022,0.000061,0.002679
925,18.5000,-0.211070,1,weight_shift,0.115693,0.002748,-0.000047,0.000049,0.002557
926,18.5200,0.040174,1,weight_shift,0.115694,0.002810,-0.000096,0.000035,0.003636
927,18.5400,0.291417,1,weight_shift,0.115694,0.002890,-0.000110,0.000017,0.004206
928,18.5600,0.542661,1,weight_shift,0.115695,0.002974,-0.000080,0.000011,0.004050
929,18.5800,0.793905,1,weight_shift,0.115690,0.002980,-0.000056,0.000060,0.002290
930,18.6000,1.045148,1,weight_shift,0.115685,0.002966,-0.000062,-0.000824,-0.006798
931,18.6200,1.296392,1,weight_shift,0.115686,0.002988,-0.000115,0.000305,0.004326
932,18.6400,1.547636,1,weight_shift,0.115684,0.002989,-0.000180,-0.000370,-0.002681
933,18.6600,1.798879,1,weight_shift,0.115684,0.002989,-0.000279,0.000046,0.000453
934,18.6800,2.050123,1,weight_shift,0.115690,0.003073,-0.000346,0.000333,0.005278
935,18.7000,2.301367,1,weight_shift,0.115690,0.003081,-0.000366,0.000117,0.000572
936,18.7200,2.552610,1,weight_shift,0.115694,0.003116,-0.000339,0.000200,0.001687
937,18.7400,2.803854,1,weight_shift,0.115697,0.003130,-0.000267,0.000100,-0.000343
938,18.7600,3.055097,1,weight_shift,0.115693,0.003026,-0.000190,-0.000224,-0.009035
939,18.7800,-2.976844,1,weight_shift,0.115696,0.002873,-0.000149,0.000228,-0.007062
940,18.8000,-2.725601,1,weight_shift,0.115700,0.002750,-0.000090,0.000181,-0.005943
941,18.8200,-2.474357,1,weight_shift,0.115703,0.002651,0.000014,0.000093,-0.004636
942,18.8400,-2.223113,1,weight_shift,0.115704,0.002591,0.000138,0.000033,-0.002423
943,18.8600,-1.971870,1,weight_shift,0.115704,0.002569,0.000256,0.000016,-0.001002
944,18.8800,-1.720626,1,weight_shift,0.115699,0.002479,0.000343,-0.000059,-0.003423
945,18.9000,-1.469382,1,weight_shift,0.115701,0.002484,0.000411,0.000170,0.001657
946,18.9200,-1.218139,1,weight_shift,0.115705,0.002543,0.000416,0.000160,0.003434
947,18.9400,-0.966895,1,weight_shift,0.115702,0.002526,0.000338,0.000001,0.000038
948,18.9600,-0.715651,1,weight_shift,0.115705,0.002572,0.000239,0.000163,0.003422
949,18.9800,-0.464408,1,weight_shift,0.115708,0.002641,0.000153,0.000107,0.003603
950,19.0000,-0.213164,1,weight_shift,0.115709,0.002704,0.000087,0.000064,0.003210
951,19.0200,0.038079,1,weight_shift,0.115710,0.002774,0.000048,0.000038,0.003884
952,19.0400,0.289323,1,weight_shift,0.115711,0.002856,0.000046,0.000014,0.004192
953,19.0600,0.540567,1,weight_shift,0.115711,0.002939,0.000088,0.000004,0.003974
954,19.0800,0.791810,1,weight_shift,0.115703,0.002932,0.000138,-0.000972,-0.007027
955,19.1000,1.043054,1,weight_shift,0.115703,0.002938,0.000111,0.000238,0.003396
956,19.1200,1.294298,1,weight_shift,0.115698,0.002910,0.000036,-0.000166,-0.001569
957,19.1400,1.545541,1,weight_shift,0.115700,0.002954,-0.000050,-0.000311,-0.001034
958,19.1600,1.796785,1,weight_shift,0.115699,0.002949,-0.000186,0.000342,0.004440
959,19.1800,2.048029,1,weight_shift,0.115703,0.003027,-0.000276,-0.000322,-0.001656
960,19.2000,2.299272,1,weight_shift,0.115706,0.003069,-0.000323,0.000235,0.003210
961,19.2200,2.550516,1,weight_shift,0.115707,0.003081,-0.000308,-0.000501,-0.006138
962,19.2400,2.801759,1,weight_shift,0.115707,0.003036,-0.000284,0.000144,-0.001144
963,19.2600,3.053003,1,weight_shift,0.115710,0.003006,-0.000230,0.000120,-0.002423
964,19.2800,-2.978939,1,weight_shift,0.115712,0.002931,-0.000161,0.000070,-0.004796
965,19.3000,-2.727695,1,weight_shift,0.115713,0.002825,-0.000069,0.000044,-0.005812
966,19.3200,-2.476451,1,weight_shift,0.115713,0.002720,0.000063,0.000025,-0.005240
967,19.3400,-2.225208,1,weight_shift,0.115708,0.002553,0.000174,0.000080,-0.005462
968,19.3600,-1.973964,1,weight_shift,0.115711,0.002514,0.000257,0.000130,-0.000488
969,19.3800,-1.722720,1,weight_shift,0.115713,0.002531,0.000357,0.000073,0.000876
970,19.4000,-1.471477,1,weight_shift,0.115709,0.002490,0.000438,-0.000245,-0.004028
971,19.4200,-1.220233,1,weight_shift,0.115711,0.002497,0.000440,0.000170,0.002221
972,19.4400,-0.968990,1,weight_shift,0.115714,0.002562,0.000382,0.000144,0.003668
973,19.4600,-0.717746,1,weight_shift,0.115716,0.002626,0.000319,0.000071,0.003088
974,19.4800,-0.466502,1,weight_shift,0.115717,0.002677,0.000263,0.000040,0.002452
975,19.5000,-0.215259,1,weight_shift,0.115718,0.002721,0.000218,0.000030,0.002372
976,19.5200,0.035985,1,weight_shift,0.115713,0.002714,0.000163,-0.000061,0.001045
977,19.5400,0.287229,1,weight_shift,0.115715,0.002792,0.000116,0.000128,0.005186
978,19.5600,0.538472,1,weight_shift,0.115717,0.002904,0.000117,0.000076,0.005581
979,19.5800,0.789716,1,weight_shift,0.115715,0.002975,0.000148,-0.000627,-0.001532
980,19.6000,1.040960,1,weight_shift,0.115709,0.002944,0.000105,0.000168,0.002338
981,19.6200,1.292203,1,weight_shift,0.115704,0.002907,0.000006,-0.000145,-0.001623
982,19.6400,1.543447,1,weight_shift,0.115707,0.002955,-0.000099,-0.000292,-0.000738
983,19.6600,1.794691,1,weight_shift,0.115707,0.002953,-0.000246,0.000349,0.004680
984,19.6800,2.045934,1,weight_shift,0.115711,0.003035,-0.000341,-0.000322,-0.001484
985,19.7000,2.297178,1,weight_shift,0.115714,0.003079,-0.000388,0.000232,0.003275
986,19.7200,2.548421,1,weight_shift,0.115713,0.003066,-0.000381,-0.000141,-0.003320
987,19.7400,2.799665,1,weight_shift,0.115715,0.003048,-0.000348,0.000159,-0.000468
988,19.7600,3.050909,1,weight_shift,0.115718,0.003023,-0.000280,0.000091,-0.002327
989,19.7800,-2.981033,1,weight_shift,0.115719,0.002950,-0.000194,0.000043,-0.004785
990,19.8000,-2.729789,1,weight_shift,0.115719,0.002845,-0.000087,0.000023,-0.005806
991,19.8200,-2.478546,1,weight_shift,0.115714,0.002652,0.000019,0.000087,-0.007365
992,19.8400,-2.227302,1,weight_shift,0.115717,0.002571,0.000125,0.000140,-0.002676
993,19.8600,-1.976058,1,weight_shift,0.115719,0.002559,0.000238,0.000060,-0.000151
994,19.8800,-1.724815,1,weight_shift,0.115714,0.002486,0.000326,-0.000048,-0.002673
995,19.9000,-1.473571,1,weight_shift,0.115717,0.002501,0.000409,0.000152,0.001810
996,19.9200,-1.222328,1,weight_shift,0.115716,0.002517,0.000433,-0.000553,-0.005059
997,19.9400,-0.971084,1,weight_shift,0.115716,0.002520,0.000369,0.000151,0.002423
998,19.9600,-0.719840,1,weight_shift,0.115720,0.002587,0.000298,0.000134,0.003781
999,19.9800,-0.468597,1,weight_shift,0.115722,0.002655,0.000240,0.000075,0.003331
1000,20.0000,-0.217353,1,weight_shift,0.115723,0.002713,0.000200,0.000044,0.002904
1001,20.0200,0.033891,1,weight_shift,0.115723,0.002780,0.000182,0.000028,0.003758
1002,20.0400,0.285134,1,weight_shift,0.115720,0.002831,0.000191,-0.000676,-0.002011
1003,20.0600,0.536378,1,weight_shift,0.115719,0.002879,0.000198,0.000095,0.004154
1004,20.0800,0.787622,1,weight_shift,0.115718,0.002949,0.000217,-0.000556,-0.001076
1005,20.1000,1.038865,1,weight_shift,0.115713,0.002931,0.000159,0.000204,0.003152
1006,20.1200,1.290109,1,weight_shift,0.115711,0.002929,0.000047,-0.000369,-0.002006
1007,20.1400,1.541352,1,weight_shift,0.115710,0.002924,-0.000107,0.000376,0.005079
1008,20.1600,1.792596,1,weight_shift,0.115710,0.002959,-0.000249,-0.000630,-0.005521
1009,20.1800,2.043840,1,weight_shift,0.115714,0.003004,-0.000386,0.000361,0.005240
1010,20.2000,2.295083,1,weight_shift,0.115720,0.003108,-0.000427,0.000238,0.004661
1011,20.2200,2.546327,1,weight_shift,0.115719,0.003099,-0.000409,-0.000184,-0.003567
1012,20.2400,2.797571,1,weight_shift,0.115720,0.003072,-0.000364,0.000130,-0.001028
1013,20.2600,3.048814,1,weight_shift,0.115722,0.003039,-0.000284,0.000074,-0.002725
1014,20.2800,-2.983127,1,weight_shift,0.115723,0.002961,-0.000186,0.000033,-0.004997
1015,20.3000,-2.731884,1,weight_shift,0.115718,0.002765,-0.000114,0.000096,-0.008040
1016,20.3200,-2.480640,1,weight_shift,0.115722,0.002652,-0.000012,0.000153,-0.004786
1017,20.3400,-2.229396,1,weight_shift,0.115723,0.002598,0.000122,0.000054,-0.001994
1018,20.3600,-1.978153,1,weight_shift,0.115719,0.002502,0.000233,-0.000055,-0.003639
1019,20.3800,-1.726909,1,weight_shift,0.115721,0.002502,0.000332,0.000132,0.001006
1020,20.4000,-1.475666,1,weight_shift,0.115719,0.002502,0.000429,-0.000577,-0.006142
1021,20.4200,-1.224422,1,weight_shift,0.115719,0.002495,0.000441,0.000152,0.001945
1022,20.4400,-0.973178,1,weight_shift,0.115723,0.002560,0.000396,0.000150,0.003767
1023,20.4600,-0.721935,1,weight_shift,0.115725,0.002628,0.000345,0.000075,0.003269
1024,20.4800,-0.470691,1,weight_shift,0.115721,0.002614,0.000272,-0.000037,0.000195
1025,20.5000,-0.219447,1,weight_shift,0.115723,0.002663,0.000196,0.000144,0.003656
1026,20.5200,0.031796,1,weight_shift,0.115726,0.002754,0.000150,0.000095,0.005075
1027,20.5400,0.283040,2,head_bob,0.115729,0.002877,0.000150,0.000266,0.007316
1028,20.5600,0.534284,2,head_bob,0.115739,0.003082,0.000418,0.000666,0.010772
1029,20.5800,0.785527,2,head_bob,0.115753,0.003362,0.001085,0.000660,0.013219
1030,20.6000,1.036771,2,head_bob,0.115761,0.003629,0.001596,0.000337,0.010398
1031,20.6200,1.288014,2,head_bob,0.115743,0.003500,0.001738,-0.001166,-0.014504
1032,20.6400,1.539258,2,head_bob,0.115722,0.003099,0.001371,-0.001029,-0.020182
1033,20.6600,1.790502,2,head_bob,0.115704,0.002677,0.000613,-0.000775,-0.018311
1034,20.6800,2.041745,2,head_bob,0.115692,0.002331,-0.000192,-0.000505,-0.012909
1035,20.7000,2.292989,2,head_bob,0.115683,0.002189,-0.000864,-0.000442,0.000490
1036,20.7200,2.544233,2,head_bob,0.115672,0.002364,-0.001364,-0.000644,0.015888
1037,20.7400,2.795476,2,head_bob,0.115656,0.002716,-0.001462,-0.000857,0.016348
1038,20.7600,3.046720,2,head_bob,0.115639,0.002979,-0.001149,-0.000877,0.009764
1039,20.7800,-2.985222,2,head_bob,0.115629,0.003078,-0.000722,-0.000363,-0.000698
1040,20.8000,-2.733978,2,head_bob,0.115620,0.002955,-0.000164,-0.000628,-0.011238
1041,20.8200,-2.482735,2,head_bob,0.115616,0.002878,0.000737,0.000602,0.004761
1042,20.8400,-2.231491,2,head_bob,0.115623,0.003146,0.001890,-0.000300,0.006377
1043,20.8600,-1.980247,2,head_bob,0.115614,0.003194,0.002727,-0.000219,-0.000755
1044,20.8800,-1.729004,2,head_bob,0.115630,0.003236,0.002962,0.001536,0.003422
1045,20.9000,-1.477760,2,head_bob,0.115684,0.003352,0.002480,0.003396,0.008745
1046,20.9200,-1.226516,2,head_bob,0.115765,0.003538,0.001617,0.004331,0.012194
1047,20.9400,-0.975273,2,head_bob,0.115852,0.003744,0.000794,0.004212,0.011442
1048,20.9600,-0.724029,2,head_bob,0.115925,0.003867,0.000128,0.003305,0.004263
1049,20.9800,-0.472785,2,head_bob,0.115974,0.003808,-0.000124,0.001841,-0.006619
1050,21.0000,-0.221542,2,head_bob,0.115993,0.003677,0.000173,0.000124,-0.003642
1051,21.0200,0.029702,2,head_bob,0.115978,0.003749,0.000744,-0.000953,0.005137
1052,21.0400,0.280945,2,head_bob,0.115966,0.003840,0.001229,-0.000031,-0.000095
1053,21.0600,0.532189,2,head_bob,0.115981,0.003998,0.001745,0.000574,0.009018
1054,21.0800,0.783433,2,head_bob,0.115977,0.004071,0.002678,-0.001345,-0.006811
1055,21.1000,1.034676,2,head_bob,0.115937,0.003834,0.003955,-0.001460,-0.009951
1056,21.1200,1.285920,2,head_bob,0.115901,0.003607,0.004883,-0.002105,-0.017535
1057,21.1400,1.537164,2,head_bob,0.115865,0.003226,0.005302,-0.001544,-0.021607
1058,21.1600,1.788407,2,head_bob,0.115844,0.002787,0.005344,-0.000771,-0.021296
1059,21.1800,2.039651,2,head_bob,0.115835,0.002450,0.005138,-0.000274,-0.012356
1060,21.2000,2.290895,2,head_bob,0.115833,0.002270,0.004846,-0.000043,-0.007558
1061,21.2200,2.542138,2,head_bob,0.115824,0.002129,0.004593,-0.000972,-0.003733
1062,21.2400,2.793382,2,head_bob,0.115803,0.002180,0.004383,-0.000975,0.007030
1063,21.2600,3.044626,2,head_bob,0.115784,0.002287,0.004184,-0.000937,0.003510
1064,21.2800,-2.987316,2,head_bob,0.115770,0.002232,0.003859,-0.000101,-0.008020
1065,21.3000,-2.736073,2,head_bob,0.115782,0.001958,0.003574,0.001244,-0.009393
1066,21.3200,-2.484829,2,head_bob,0.115794,0.001846,0.003610,-0.000125,-0.007087
1067,21.3400,-2.233585,2,head_bob,0.115787,0.001742,0.003831,-0.000331,-0.003692
1068,21.3600,-1.982342,2,head_bob,0.115788,0.001758,0.003818,0.000278,0.003941
1069,21.3800,-1.731098,2,head_bob,0.115806,0.001980,0.003372,0.001341,0.017179
1070,21.4000,-1.479854,2,head_bob,0.115852,0.002464,0.002507,0.003345,0.033731
1071,21.4200,-1.228611,2,head_bob,0.115920,0.003156,0.001473,0.003101,0.032897
1072,21.4400,-0.977367,2,head_bob,0.115977,0.003683,0.000566,0.002716,0.024624
1073,21.4600,-0.726123,2,head_bob,0.116023,0.004023,-0.000117,0.002054,0.013634
1074,21.4800,-0.474880,2,head_bob,0.116051,0.004145,-0.000368,0.000914,0.001997
1075,21.5000,-0.223636,2,head_bob,0.116060,0.004108,-0.000223,0.000233,-0.003207
1076,21.5200,0.027607,2,head_bob,0.116049,0.004085,0.000141,-0.001346,0.001321
1077,21.5400,0.278851,2,head_bob,0.116018,0.004223,0.000610,-0.001630,0.008625
1078,21.5600,0.530095,2,head_bob,0.115997,0.004299,0.001282,-0.000343,0.001403
1079,21.5800,0.781338,2,head_bob,0.115983,0.004282,0.002204,-0.001036,-0.005398
1080,21.6000,1.032582,2,head_bob,0.115949,0.004011,0.003244,-0.002251,-0.022380
1081,21.6200,1.283826,2,head_bob,0.115908,0.003592,0.004032,-0.001780,-0.019852
1082,21.6400,1.535069,2,head_bob,0.115883,0.003197,0.004422,-0.001016,-0.022841
1083,21.6600,1.786313,2,head_bob,0.115870,0.002700,0.004578,-0.000392,-0.025603
1084,21.6800,2.037557,2,head_bob,0.115878,0.002370,0.004652,0.000080,-0.014225
1085,21.7000,2.288800,2,head_bob,0.115876,0.002177,0.004697,-0.000129,-0.006484
1086,21.7200,2.540044,2,head_bob,0.115869,0.002056,0.004762,-0.000755,-0.004081
1087,21.7400,2.791287,2,head_bob,0.115848,0.002106,0.004766,-0.001078,0.004985
1088,21.7600,3.042531,2,head_bob,0.115828,0.002170,0.004647,-0.000962,0.001264
1089,21.7800,-2.989411,2,head_bob,0.115810,0.002117,0.004323,-0.000884,-0.004144
1090,21.8000,-2.738167,2,head_bob,0.115819,0.001892,0.003965,0.001028,-0.008273
1091,21.8200,-2.486923,2,head_bob,0.115841,0.001969,0.003930,0.000861,0.010543
1092,21.8400,-2.235680,2,head_bob,0.115852,0.002309,0.004146,0.000497,0.019043
1093,21.8600,-1.984436,2,head_bob,0.115863,0.002681,0.004248,0.000570,0.016450
1094,21.8800,-1.733192,2,head_bob,0.115883,0.002999,0.003971,0.001371,0.017695
1095,21.9000,-1.481949,2,head_bob,0.115908,0.003352,0.003224,0.001538,0.020111
1096,21.9200,-1.230705,2,head_bob,0.115959,0.003821,0.002288,0.003482,0.029685
1097,21.9400,-0.979461,2,head_bob,0.116011,0.004318,0.001443,0.002312,0.024237
1098,21.9600,-0.728218,2,head_bob,0.116049,0.004685,0.000776,0.001696,0.015135
1099,21.9800,-0.476974,2,head_bob,0.116072,0.004839,0.000480,0.000739,0.003498
1100,22.0000,-0.225731,2,head_bob,0.116078,0.004795,0.000504,0.000122,-0.004768
1101,22.0200,0.025513,2,head_bob,0.116060,0.004737,0.000668,-0.001569,-0.000966
1102,22.0400,0.276757,2,head_bob,0.116030,0.004812,0.000943,-0.001862,0.002170
1103,22.0600,0.528000,2,head_bob,0.116021,0.004719,0.001499,-0.000162,-0.006174
1104,22.0800,0.779244,2,head_bob,0.116006,0.004544,0.002357,-0.001177,-0.012730
1105,22.1000,1.030488,2,head_bob,0.115976,0.004194,0.003402,-0.001633,-0.021754
1106,22.1200,1.281731,2,head_bob,0.115938,0.003771,0.004221,-0.001929,-0.021685
1107,22.1400,1.532975,2,head_bob,0.115909,0.003313,0.004623,-0.001235,-0.026339
1108,22.1600,1.784219,2,head_bob,0.115893,0.002741,0.004795,-0.000503,-0.029564
1109,22.1800,2.035462,2,head_bob,0.115897,0.002275,0.004857,0.000905,-0.015361
1110,22.2000,2.286706,2,head_bob,0.115900,0.002039,0.004908,-0.000066,-0.008653
1111,22.2200,2.537949,2,head_bob,0.115893,0.001928,0.004954,-0.000818,-0.002555
1112,22.2400,2.789193,2,head_bob,0.115871,0.002006,0.004929,-0.001129,0.006320
1113,22.2600,3.040437,2,head_bob,0.115850,0.002097,0.004748,-0.000958,0.002591
1114,22.2800,-2.991505,2,head_bob,0.115832,0.002066,0.004411,-0.000889,-0.003216
1115,22.3000,-2.740261,2,head_bob,0.115849,0.002001,0.004142,0.001319,0.001905
1116,22.3200,-2.489018,2,head_bob,0.115869,0.002173,0.004140,0.000675,0.012077
1117,22.3400,-2.237774,2,head_bob,0.115877,0.002482,0.004364,0.000341,0.016173
1118,22.3600,-1.986530,2,head_bob,0.115885,0.002776,0.004488,0.000473,0.012314
1119,22.3800,-1.735287,2,head_bob,0.115903,0.003054,0.004247,0.001283,0.016458
1120,22.4000,-1.484043,2,head_bob,0.115931,0.003407,0.003497,0.001446,0.019274
1121,22.4200,-1.232800,2,head_bob,0.115972,0.003814,0.002520,0.002934,0.025300
1122,22.4400,-0.981556,2,head_bob,0.116027,0.004324,0.001698,0.002277,0.024684
1123,22.4600,-0.730312,2,head_bob,0.116064,0.004714,0.001034,0.001590,0.016542
1124,22.4800,-0.479069,2,head_bob,0.116084,0.004899,0.000702,0.000689,0.005131
1125,22.5000,-0.227825,2,head_bob,0.116090,0.004874,0.000716,0.000106,-0.004231
1126,22.5200,0.023419,2,head_bob,0.116078,0.004764,0.000937,-0.001444,-0.003567
1127,22.5400,0.274662,2,head_bob,0.116054,0.004933,0.001309,-0.002006,0.005049
1128,22.5600,0.525906,2,head_bob,0.116032,0.004930,0.001926,-0.000426,-0.003769
1129,22.5800,0.777150,2,head_bob,0.116016,0.004761,0.002779,-0.001190,-0.013226
1130,22.6000,1.028393,2,head_bob,0.115986,0.004381,0.003796,-0.001605,-0.023568
1131,22.6200,1.279637,2,head_bob,0.115949,0.003919,0.004585,-0.001931,-0.023456
1132,22.6400,1.530881,2,head_bob,0.115919,0.003426,0.004944,-0.001207,-0.028003
1133,22.6600,1.782124,2,head_bob,0.115904,0.002820,0.005087,-0.000507,-0.031119
1134,22.6800,2.033368,2,head_bob,0.115908,0.002324,0.005135,0.000898,-0.016807
1135,22.7000,2.284611,2,head_bob,0.115911,0.002057,0.005162,-0.000063,-0.010117
1136,22.7200,2.535855,2,head_bob,0.115907,0.001909,0.005168,-0.000249,-0.007613
1137,22.7400,2.787099,2,head_bob,0.115885,0.001948,0.005127,-0.001217,0.005667
1138,22.7600,3.038342,2,head_bob,0.115863,0.002046,0.004932,-0.001059,0.003318
1139,22.7800,-2.993599,2,head_bob,0.115843,0.002032,0.004593,-0.000963,-0.002284
1140,22.8000,-2.742356,2,head_bob,0.115853,0.002033,0.004258,0.001354,0.004173
1141,22.8200,-2.491112,2,head_bob,0.115875,0.002231,0.004142,0.000811,0.013177
1142,22.8400,-2.239868,2,head_bob,0.115885,0.002552,0.004292,0.000397,0.016570
1143,22.8600,-1.988625,2,head_bob,0.115894,0.002848,0.004402,0.000479,0.012156
1144,22.8800,-1.737381,2,head_bob,0.115912,0.003115,0.004176,0.001269,0.015792
1145,22.9000,-1.486138,2,head_bob,0.115943,0.003484,0.003439,0.001506,0.019733
1146,22.9200,-1.234894,2,head_bob,0.115979,0.003860,0.002466,0.002046,0.019878
1147,22.9400,-0.983650,2,head_bob,0.116036,0.004366,0.001671,0.002413,0.025337
1148,22.9600,-0.732407,2,head_bob,0.116072,0.004766,0.001024,0.001544,0.016865
1149,22.9800,-0.481163,2,head_bob,0.116092,0.004952,0.000708,0.000638,0.005118
1150,23.0000,-0.229919,2,head_bob,0.116097,0.004927,0.000750,0.000077,-0.004374
1151,23.0200,0.021324,2,head_bob,0.116084,0.004814,0.000998,-0.001465,-0.003733
1152,23.0400,0.272568,2,head_bob,0.116060,0.004979,0.001384,-0.002006,0.004779
1153,23.0600,0.523812,2,head_bob,0.116046,0.004907,0.002035,-0.000452,-0.006202
1154,23.0800,0.775055,2,head_bob,0.116027,0.004711,0.002953,-0.001363,-0.014048
1155,23.1000,1.026299,2,head_bob,0.115994,0.004330,0.004033,-0.001715,-0.023203
1156,23.1200,1.277542,2,head_bob,0.115955,0.003882,0.004854,-0.001977,-0.022696
1157,23.1400,1.528786,2,head_bob,0.115926,0.003399,0.005214,-0.001207,-0.027623
1158,23.1600,1.780030,2,head_bob,0.115910,0.002796,0.005351,-0.000505,-0.031109
1159,23.1800,2.031273,2,head_bob,0.115914,0.002297,0.005392,0.000899,-0.017046
1160,23.2000,2.282517,2,head_bob,0.115917,0.002024,0.005401,-0.000056,-0.010377
1161,23.2200,2.533761,2,head_bob,0.115913,0.001875,0.005381,-0.000245,-0.007411
1162,23.2400,2.785004,2,head_bob,0.115892,0.001920,0.005303,-0.001211,0.006126
1163,23.2600,3.036248,2,head_bob,0.115869,0.002027,0.005068,-0.001051,0.003773
1164,23.2800,-2.995694,2,head_bob,0.115850,0.002021,0.004704,-0.000965,-0.001951
1165,23.3000,-2.744450,2,head_bob,0.115860,0.002028,0.004349,0.001349,0.004472
1166,23.3200,-2.493206,2,head_bob,0.115882,0.002231,0.004193,0.000810,0.013500
1167,23.3400,-2.241963,2,head_bob,0.115892,0.002554,0.004309,0.000387,0.016640
1168,23.3600,-1.990719,2,head_bob,0.115900,0.002850,0.004408,0.000465,0.012119
1169,23.3800,-1.739476,2,head_bob,0.115918,0.003115,0.004185,0.001247,0.015616
1170,23.4000,-1.488232,2,head_bob,0.115949,0.003483,0.003454,0.001478,0.019709
1171,23.4200,-1.236988,2,head_bob,0.115984,0.003860,0.002482,0.002021,0.019952
1172,23.4400,-0.985745,2,head_bob,0.116040,0.004368,0.001689,0.002391,0.025447
1173,23.4600,-0.734501,2,head_bob,0.116076,0.004773,0.001040,0.001530,0.017181
1174,23.4800,-0.483257,2,head_bob,0.116096,0.004964,0.000720,0.000635,0.005267
1175,23.5000,-0.232014,2,head_bob,0.116101,0.004943,0.000761,0.000077,-0.004235
1176,23.5200,0.019230,2,head_bob,0.116088,0.004831,0.001015,-0.001469,-0.003648
1177,23.5400,0.270474,2,head_bob,0.116064,0.004998,0.001405,-0.002006,0.004743
1178,23.5600,0.521717,2,head_bob,0.116050,0.004924,0.002051,-0.000453,-0.006248
1179,23.5800,0.772961,2,head_bob,0.116030,0.004729,0.002966,-0.001371,-0.013927
1180,23.6000,1.024204,2,head_bob,0.115997,0.004348,0.004055,-0.001726,-0.023275
1181,23.6200,1.275448,2,head_bob,0.115958,0.003898,0.004885,-0.001993,-0.022774
1182,23.6400,1.526692,2,head_bob,0.115929,0.003415,0.005248,-0.001210,-0.027679
1183,23.6600,1.777935,2,head_bob,0.115913,0.002810,0.005391,-0.000512,-0.031286
1184,23.6800,2.029179,2,head_bob,0.115917,0.002305,0.005437,0.000892,-0.017339
1185,23.7000,2.280423,2,head_bob,0.115920,0.002026,0.005450,-0.000059,-0.010703
1186,23.7200,2.531666,2,head_bob,0.115916,0.001874,0.005431,-0.000246,-0.007424
1187,23.7400,2.782910,2,head_bob,0.115894,0.001921,0.005349,-0.001210,0.006261
1188,23.7600,3.034154,2,head_bob,0.115872,0.002031,0.005112,-0.001049,0.003905
1189,23.7800,-2.997788,2,head_bob,0.115852,0.002027,0.004748,-0.000963,-0.001868
1190,23.8000,-2.746544,2,head_bob,0.115863,0.002036,0.004394,0.001348,0.004576
1191,23.8200,-2.495301,2,head_bob,0.115885,0.002240,0.004234,0.000807,0.013574
1192,23.8400,-2.244057,2,head_bob,0.115894,0.002564,0.004350,0.000380,0.016599
1193,23.8600,-1.992814,2,head_bob,0.115902,0.002859,0.004450,0.000455,0.012075
1194,23.8800,-1.741570,2,head_bob,0.115920,0.003122,0.004232,0.001233,0.015466
1195,23.9000,-1.490326,2,head_bob,0.115950,0.003487,0.003505,0.001466,0.019596
1196,23.9200,-1.239083,2,head_bob,0.115986,0.003863,0.002530,0.002013,0.019922
1197,23.9400,-0.987839,2,head_bob,0.116042,0.004371,0.001729,0.002390,0.025471
1198,23.9600,-0.736595,2,head_bob,0.116078,0.004778,0.001070,0.001533,0.017356
1199,23.9800,-0.485352,2,head_bob,0.116097,0.004971,0.000740,0.000642,0.005379
1200,24.0000,-0.234108,2,head_bob,0.116103,0.004953,0.000777,0.000082,-0.004125
1201,24.0200,0.017136,2,head_bob,0.116090,0.004843,0.001029,-0.001468,-0.003558
1202,24.0400,0.268379,2,head_bob,0.116066,0.005011,0.001416,-0.002003,0.004729
1203,24.0600,0.519623,2,head_bob,0.116052,0.004936,0.002057,-0.000450,-0.006266
1204,24.0800,0.770866,2,head_bob,0.116032,0.004742,0.002985,-0.001383,-0.013869
1205,24.1000,1.022110,2,head_bob,0.115999,0.004362,0.004086,-0.001734,-0.023342
1206,24.1200,1.273354,2,head_bob,0.115964,0.003947,0.004930,-0.001893,-0.021219
1207,24.1400,1.524597,2,head_bob,0.115934,0.003476,0.005295,-0.001289,-0.027576
1208,24.1600,1.775841,2,head_bob,0.115917,0.002862,0.005439,-0.000576,-0.031950
1209,24.1800,2.027085,2,head_bob,0.115920,0.002339,0.005484,0.000857,-0.018319
1210,24.2000,2.278328,2,head_bob,0.115922,0.002040,0.005491,-0.000077,-0.011709
1211,24.2200,2.529572,2,head_bob,0.115918,0.001875,0.005466,-0.000255,-0.007751
1212,24.2400,2.780816,2,head_bob,0.115896,0.001921,0.005377,-0.001210,0.006359
1213,24.2600,3.032059,2,head_bob,0.115874,0.002035,0.005133,-0.001045,0.004149
1214,24.2800,-2.999883,2,head_bob,0.115854,0.002033,0.004767,-0.000960,-0.001888
1215,24.3000,-2.748639,2,head_bob,0.115865,0.002038,0.004411,0.001346,0.004280
1216,24.3200,-2.497395,2,head_bob,0.115887,0.002235,0.004248,0.000806,0.013220
1217,24.3400,-2.246152,2,head_bob,0.115896,0.002552,0.004362,0.000375,0.016283
1218,24.3600,-1.994908,2,head_bob,0.115904,0.002843,0.004463,0.000448,0.011915
1219,24.3800,-1.743664,2,head_bob,0.115921,0.003104,0.004250,0.001220,0.015377
1220,24.4000,-1.492421,2,head_bob,0.115952,0.003469,0.003527,0.001456,0.019653
1221,24.4200,-1.241177,2,head_bob,0.115987,0.003848,0.002553,0.002009,0.020095
1222,24.4400,-0.989933,2,head_bob,0.116043,0.004360,0.001747,0.002390,0.025673
1223,24.4600,-0.738690,2,head_bob,0.116079,0.004771,0.001081,0.001537,0.017642
1224,24.4800,-0.487446,2,head_bob,0.116099,0.004969,0.000747,0.000650,0.005543
1225,24.5000,-0.236203,2,head_bob,0.116104,0.004954,0.000780,0.000089,-0.003994
1226,24.5200,0.015041,2,head_bob,0.116091,0.004846,0.001030,-0.001465,-0.003446
1227,24.5400,0.266285,0,squat_bounce,0.115929,0.005054,0.001487,-0.014666,0.007960
1228,24.5600,0.517528,0,squat_bounce,0.115465,0.005359,0.001944,-0.028285,0.023115
1229,24.5800,0.768772,0,squat_bounce,0.114772,0.005808,0.002206,-0.037731,0.017414
1230,24.6000,1.020016,0,squat_bounce,0.113978,0.005905,0.002361,-0.040190,-0.004629
1231,24.6200,1.271259,0,squat_bounce,0.113197,0.005500,0.002264,-0.037842,-0.029415
1232,24.6400,1.522503,0,squat_bounce,0.112490,0.004795,0.001850,-0.034063,-0.032069
1233,24.6600,1.773747,0,squat_bounce,0.111884,0.004191,0.001140,-0.027225,-0.030311
1234,24.6800,2.024990,0,squat_bounce,0.111410,0.003643,0.000130,-0.022116,-0.020217
1235,24.7000,2.276234,0,squat_bounce,0.111030,0.003292,-0.000844,-0.017391,-0.014752
1236,24.7200,2.527477,0,squat_bounce,0.110713,0.003052,-0.001500,-0.015048,-0.009668
1237,24.7400,2.778721,0,squat_bounce,0.110441,0.002810,-0.001852,-0.013564,-0.010785
1238,24.7600,3.029965,0,squat_bounce,0.110173,0.002606,-0.001964,-0.013379,-0.009989
1239,24.7800,-3.001977,0,squat_bounce,0.109903,0.002392,-0.001912,-0.013709,-0.011250
1240,24.8000,-2.750733,0,squat_bounce,0.109621,0.002160,-0.001771,-0.014350,-0.012178
1241,24.8200,-2.499490,0,squat_bounce,0.109327,0.001915,-0.001614,-0.014849,-0.012498
1242,24.8400,-2.248246,0,squat_bounce,0.109030,0.001691,-0.001479,-0.014835,-0.010037
1243,24.8600,-1.997002,0,squat_bounce,0.108741,0.001569,-0.001343,-0.014078,-0.003620
1244,24.8800,-1.745759,0,squat_bounce,0.108482,0.001608,-0.001181,-0.011626,0.007001
1245,24.9000,-1.494515,0,squat_bounce,0.108274,0.001869,-0.000996,-0.010412,0.012056
1246,24.9200,-1.243271,0,squat_bounce,0.108085,0.002063,-0.000768,-0.008606,0.008123
1247,24.9400,-0.992028,0,squat_bounce,0.107946,0.002205,-0.000598,-0.005911,0.006282
1248,24.9600,-0.740784,0,squat_bounce,0.107862,0.002322,-0.000483,-0.003186,0.005371
1249,24.9800,-0.489541,0,squat_bounce,0.107828,0.002429,-0.000397,-0.000978,0.005348
1250,25.0000,-0.238297,0,squat_bounce,0.107822,0.002558,-0.000397,0.000070,0.007384
1251,25.0200,0.012947,0,squat_bounce,0.107841,0.002716,-0.000770,0.001572,0.008915
1252,25.0400,0.264190,0,squat_bounce,0.107895,0.002891,-0.001428,0.003337,0.010208
1253,25.0600,0.515434,0,squat_bounce,0.107985,0.003076,-0.002164,0.005176,0.009972
1254,25.0800,0.766678,0,squat_bounce,0.108111,0.003221,-0.002928,0.006946,0.007023
1255,25.1000,1.017921,0,squat_bounce,0.108270,0.003303,-0.003641,0.008422,0.004270
1256,25.1200,1.269165,0,squat_bounce,0.108452,0.003360,-0.004208,0.009401,0.003388
1257,25.1400,1.520409,0,squat_bounce,0.108645,0.003403,-0.004595,0.009718,0.002234
1258,25.1600,1.771652,0,squat_bounce,0.108835,0.003417,-0.004853,0.009236,0.000236
1259,25.1800,2.022896,0,squat_bounce,0.109004,0.003381,-0.005083,0.007919,-0.002579
1260,25.2000,2.274139,0,squat_bounce,0.109146,0.003213,-0.005345,0.006028,-0.008934
1261,25.2200,2.525383,0,squat_bounce,0.109238,0.003039,-0.005544,0.004142,-0.008286
1262,25.2400,2.776627,0,squat_bounce,0.109292,0.002838,-0.005661,0.001759,-0.009541
1263,25.2600,3.027870,0,squat_bounce,0.109295,0.002595,-0.005502,-0.000708,-0.016345
1264,25.2800,-3.004071,0,squat_bounce,0.109250,0.002152,-0.005103,-0.003167,-0.026118
1265,25.3000,-2.752828,0,squat_bounce,0.109155,0.001583,-0.004680,-0.005718,-0.030183
1266,25.3200,-2.501584,0,squat_bounce,0.109012,0.000996,-0.004312,-0.007956,-0.029182
1267,25.3400,-2.250340,0,squat_bounce,0.108832,0.000473,-0.003950,-0.009547,-0.024878
1268,25.3600,-1.999097,0,squat_bounce,0.108623,0.000048,-0.003482,-0.011169,-0.020451
1269,25.3800,-1.747853,0,squat_bounce,0.108387,-0.000026,-0.002826,-0.010922,-0.002897
1270,25.4000,-1.496610,0,squat_bounce,0.108193,0.000038,-0.002311,-0.008996,0.005735
1271,25.4200,-1.245366,0,squat_bounce,0.108045,0.000328,-0.001998,-0.005932,0.021779
1272,25.4400,-0.994122,0,squat_bounce,0.107915,0.000875,-0.001751,-0.005631,0.022713
1273,25.4600,-0.742879,0,squat_bounce,0.107833,0.001256,-0.001644,-0.003214,0.017193
1274,25.4800,-0.491635,0,squat_bounce,0.107796,0.001549,-0.001598,-0.001070,0.012132
1275,25.5000,-0.240391,0,squat_bounce,0.107780,0.001809,-0.001601,-0.000623,0.015388
1276,25.5200,0.010852,0,squat_bounce,0.107795,0.002026,-0.001918,0.001469,0.010255
1277,25.5400,0.262096,0,squat_bounce,0.107848,0.002216,-0.002524,0.003284,0.010942
1278,25.5600,0.513340,0,squat_bounce,0.107936,0.002435,-0.003151,0.005062,0.012563
1279,25.5800,0.764583,0,squat_bounce,0.108046,0.002877,-0.003664,0.006723,0.020016
1280,25.6000,1.015827,0,squat_bounce,0.108206,0.003168,-0.004236,0.008656,0.012609
1281,25.6200,1.267070,0,squat_bounce,0.108392,0.003350,-0.004735,0.009559,0.008576
1282,25.6400,1.518314,0,squat_bounce,0.108587,0.003477,-0.004992,0.009728,0.005661
1283,25.6600,1.769558,0,squat_bounce,0.108776,0.003549,-0.005096,0.009199,0.002580
1284,25.6800,2.020801,0,squat_bounce,0.108945,0.003553,-0.005196,0.007915,-0.001092
1285,25.7000,2.272045,0,squat_bounce,0.109096,0.003487,-0.005352,0.007222,-0.005400
1286,25.7200,2.523289,0,squat_bounce,0.109204,0.003217,-0.005513,0.004095,-0.018189
1287,25.7400,2.774532,0,squat_bounce,0.109248,0.002789,-0.005602,0.001250,-0.020693
1288,25.7600,3.025776,0,squat_bounce,0.109245,0.002386,-0.005390,-0.000943,-0.022427
1289,25.7800,-3.006166,0,squat_bounce,0.109199,0.001881,-0.004955,-0.003171,-0.027769
1290,25.8000,-2.754922,0,squat_bounce,0.109105,0.001319,-0.004514,-0.005595,-0.028918
1291,25.8200,-2.503678,0,squat_bounce,0.108965,0.000780,-0.004129,-0.007784,-0.026367
1292,25.8400,-2.252435,0,squat_bounce,0.108778,0.000439,-0.003702,-0.009695,-0.015107
1293,25.8600,-2.001191,0,squat_bounce,0.108575,0.000147,-0.003333,-0.010709,-0.015453
1294,25.8800,-1.749948,0,squat_bounce,0.108355,0.000014,-0.002906,-0.011690,0.005460
1295,25.9000,-1.498704,0,squat_bounce,0.108156,0.000169,-0.002441,-0.009066,0.008229
1296,25.9200,-1.247460,0,squat_bounce,0.108009,0.000480,-0.002155,-0.005831,0.022652
1297,25.9400,-0.996217,0,squat_bounce,0.107882,0.001030,-0.001999,-0.005482,0.022672
1298,25.9600,-0.744973,0,squat_bounce,0.107802,0.001406,-0.001971,-0.003094,0.016971
1299,25.9800,-0.493729,0,squat_bounce,0.107767,0.001687,-0.001960,-0.001033,0.011372
1300,26.0000,-0.242486,0,squat_bounce,0.107752,0.002030,-0.002055,0.000114,0.012274
1301,26.0200,0.008758,0,squat_bounce,0.107774,0.002206,-0.002372,0.001675,0.008780
1302,26.0400,0.260002,0,squat_bounce,0.107828,0.002373,-0.002900,0.003321,0.009701
1303,26.0600,0.511245,0,squat_bounce,0.107903,0.002723,-0.003374,0.004634,0.018998
1304,26.0800,0.762489,0,squat_bounce,0.108028,0.003008,-0.003892,0.007110,0.012761
1305,26.1000,1.013732,0,squat_bounce,0.108190,0.003205,-0.004444,0.008583,0.009869
1306,26.1200,1.264976,0,squat_bounce,0.108373,0.003367,-0.004780,0.009412,0.007963
1307,26.1400,1.516220,0,squat_bounce,0.108566,0.003496,-0.004885,0.009660,0.005727
1308,26.1600,1.767463,0,squat_bounce,0.108754,0.003575,-0.004895,0.009215,0.002772
1309,26.1800,2.018707,0,squat_bounce,0.108924,0.003583,-0.004944,0.007966,-0.000922
1310,26.2000,2.269951,0,squat_bounce,0.109064,0.003512,-0.005072,0.006768,-0.004454
1311,26.2200,2.521194,0,squat_bounce,0.109175,0.003300,-0.005238,0.004449,-0.014580
1312,26.2400,2.772438,0,squat_bounce,0.109227,0.002936,-0.005379,0.001561,-0.017802
1313,26.2600,3.023682,0,squat_bounce,0.109227,0.002568,-0.005217,-0.000795,-0.021016
1314,26.2800,-3.008260,0,squat_bounce,0.109184,0.002076,-0.004817,-0.003070,-0.027515
1315,26.3000,-2.757016,0,squat_bounce,0.109091,0.001509,-0.004396,-0.005533,-0.029355
1316,26.3200,-2.505773,0,squat_bounce,0.108952,0.000957,-0.004021,-0.007748,-0.027158
1317,26.3400,-2.254529,0,squat_bounce,0.108766,0.000613,-0.003618,-0.009403,-0.017663
1318,26.3600,-2.003286,0,squat_bounce,0.108566,0.000277,-0.003303,-0.010637,-0.017203
1319,26.3800,-1.752042,0,squat_bounce,0.108340,0.000202,-0.002886,-0.010853,0.000012
1320,26.4000,-1.500798,0,squat_bounce,0.108148,0.000290,-0.002474,-0.008884,0.005986
1321,26.4200,-1.249555,0,squat_bounce,0.107997,0.000618,-0.002206,-0.006859,0.030835
1322,26.4400,-0.998311,0,squat_bounce,0.107875,0.001080,-0.002041,-0.005473,0.019055
1323,26.4600,-0.747067,0,squat_bounce,0.107792,0.001399,-0.001991,-0.003274,0.014628
1324,26.4800,-0.495824,0,squat_bounce,0.107742,0.001811,-0.001927,-0.001523,0.018846
1325,26.5000,-0.244580,0,squat_bounce,0.107736,0.002022,-0.001978,0.000249,0.006920
1326,26.5200,0.006664,0,squat_bounce,0.107759,0.002115,-0.002247,0.001651,0.005495
1327,26.5400,0.257907,0,squat_bounce,0.107801,0.002353,-0.002689,0.002494,0.017927
1328,26.5600,0.509151,0,squat_bounce,0.107888,0.002636,-0.003238,0.005279,0.013897
1329,26.5800,0.760394,0,squat_bounce,0.108018,0.002858,-0.003842,0.007114,0.011079
1330,26.6000,1.011638,0,squat_bounce,0.108178,0.003051,-0.004302,0.008456,0.010243
1331,26.6200,1.262882,0,squat_bounce,0.108359,0.003236,-0.004553,0.009373,0.009185
1332,26.6400,1.514125,0,squat_bounce,0.108552,0.003392,-0.004637,0.009716,0.007105
1333,26.6600,1.765369,0,squat_bounce,0.108742,0.003497,-0.004661,0.009297,0.004044
1334,26.6800,2.016613,0,squat_bounce,0.108913,0.003528,-0.004732,0.008035,0.000133
1335,26.7000,2.267856,0,squat_bounce,0.109050,0.003464,-0.004882,0.005999,-0.004981
1336,26.7200,2.519100,0,squat_bounce,0.109161,0.003283,-0.005073,0.004608,-0.012664
1337,26.7400,2.770344,0,squat_bounce,0.109216,0.002955,-0.005262,0.001747,-0.016037
1338,26.7600,3.021587,0,squat_bounce,0.109220,0.002616,-0.005149,-0.000686,-0.019578
1339,26.7800,-3.010355,0,squat_bounce,0.109178,0.002143,-0.004776,-0.002995,-0.026756
1340,26.8000,-2.759111,0,squat_bounce,0.109087,0.001585,-0.004370,-0.005484,-0.029152
1341,26.8200,-2.507867,0,squat_bounce,0.108949,0.001032,-0.004001,-0.007717,-0.027315
1342,26.8400,-2.256624,0,squat_bounce,0.108762,0.000681,-0.003608,-0.009386,-0.018056
1343,26.8600,-2.005380,0,squat_bounce,0.108567,0.000346,-0.003302,-0.010341,-0.017468
1344,26.8800,-1.754136,0,squat_bounce,0.108341,0.000238,-0.002881,-0.010968,-0.002055
1345,26.9000,-1.502893,0,squat_bounce,0.108146,0.000288,-0.002452,-0.009006,0.004280
1346,26.9200,-1.251649,0,squat_bounce,0.107995,0.000644,-0.002186,-0.007829,0.029776
1347,26.9400,-1.000405,0,squat_bounce,0.107867,0.001081,-0.002018,-0.005562,0.018003
1348,26.9600,-0.749162,0,squat_bounce,0.107784,0.001388,-0.001986,-0.003213,0.014327
1349,26.9800,-0.497918,0,squat_bounce,0.107736,0.001796,-0.001945,-0.001473,0.018752
1350,27.0000,-0.246675,0,squat_bounce,0.107730,0.002008,-0.002001,0.000277,0.007048
1351,27.0200,0.004569,0,squat_bounce,0.107753,0.002103,-0.002270,0.001668,0.005595
1352,27.0400,0.255813,0,squat_bounce,0.107796,0.002342,-0.002707,0.002501,0.017938
1353,27.0600,0.507056,0,squat_bounce,0.107883,0.002626,-0.003249,0.005280,0.013910
1354,27.0800,0.758300,0,squat_bounce,0.108013,0.002848,-0.003844,0.007112,0.011218
1355,27.1000,1.009544,0,squat_bounce,0.108173,0.003045,-0.004294,0.008457,0.010421
1356,27.1200,1.260787,0,squat_bounce,0.108354,0.003233,-0.004536,0.009379,0.009342
1357,27.1400,1.512031,0,squat_bounce,0.108547,0.003392,-0.004612,0.009727,0.007228
1358,27.1600,1.763275,0,squat_bounce,0.108738,0.003500,-0.004628,0.009314,0.004145
1359,27.1800,2.014518,0,squat_bounce,0.108909,0.003531,-0.004693,0.008058,0.000048
1360,27.2000,2.265762,0,squat_bounce,0.109046,0.003462,-0.004838,0.006027,-0.005317
1361,27.2200,2.517006,0,squat_bounce,0.109151,0.003285,-0.005025,0.004668,-0.011467
1362,27.2400,2.768249,0,squat_bounce,0.109210,0.002977,-0.005224,0.001922,-0.015330
1363,27.2600,3.019493,0,squat_bounce,0.109217,0.002650,-0.005126,-0.000574,-0.018627
1364,27.2800,-3.012449,0,squat_bounce,0.109176,0.002194,-0.004755,-0.002927,-0.026122
1365,27.3000,-2.761205,0,squat_bounce,0.109086,0.001642,-0.004341,-0.005444,-0.029071
1366,27.3200,-2.509962,0,squat_bounce,0.108949,0.001086,-0.003961,-0.007695,-0.027601
1367,27.3400,-2.258718,0,squat_bounce,0.108763,0.000727,-0.003560,-0.009376,-0.018560
1368,27.3600,-2.007474,0,squat_bounce,0.108567,0.000381,-0.003250,-0.010349,-0.018081
1369,27.3800,-1.756231,0,squat_bounce,0.108341,0.000260,-0.002827,-0.010990,-0.002701
1370,27.4000,-1.504987,0,squat_bounce,0.108145,0.000299,-0.002398,-0.009034,0.003766
1371,27.4200,-1.253743,0,squat_bounce,0.107994,0.000647,-0.002133,-0.007859,0.029408
1372,27.4400,-1.002500,0,squat_bounce,0.107865,0.001079,-0.001969,-0.005596,0.017735
1373,27.4600,-0.751256,0,squat_bounce,0.107782,0.001382,-0.001943,-0.003247,0.014176
1374,27.4800,-0.500013,0,squat_bounce,0.107733,0.001789,-0.001906,-0.001489,0.018807
1375,27.5000,-0.248769,0,squat_bounce,0.107727,0.002003,-0.001962,0.000268,0.007110
1376,27.5200,0.002475,0,squat_bounce,0.107750,0.002098,-0.002230,0.001659,0.005568
1377,27.5400,0.253718,0,squat_bounce,0.107793,0.002335,-0.002668,0.002493,0.017906
1378,27.5600,0.504962,0,squat_bounce,0.107880,0.002617,-0.003213,0.005271,0.013876
1379,27.5800,0.756206,0,squat_bounce,0.108009,0.002839,-0.003810,0.007107,0.011232
1380,27.6000,1.007449,0,squat_bounce,0.108169,0.003036,-0.004262,0.008457,0.010423
1381,27.6200,1.258693,0,squat_bounce,0.108351,0.003224,-0.004505,0.009383,0.009334
1382,27.6400,1.509937,0,squat_bounce,0.108544,0.003383,-0.004582,0.009738,0.007213
1383,27.6600,1.761180,0,squat_bounce,0.108734,0.003490,-0.004598,0.009331,0.004134
1384,27.6800,2.012424,0,squat_bounce,0.108907,0.003522,-0.004663,0.008081,0.000118
1385,27.7000,2.263667,0,squat_bounce,0.109044,0.003455,-0.004809,0.006055,-0.005156
1386,27.7200,2.514911,0,squat_bounce,0.109150,0.003280,-0.004998,0.004698,-0.011427
1387,27.7400,2.766155,0,squat_bounce,0.109209,0.002971,-0.005198,0.001944,-0.015349
1388,27.7600,3.017398,0,squat_bounce,0.109215,0.002646,-0.005105,-0.000568,-0.018551
1389,27.7800,-3.014543,0,squat_bounce,0.109176,0.002190,-0.004743,-0.002898,-0.026126
1390,27.8000,-2.763300,0,squat_bounce,0.109086,0.001638,-0.004340,-0.005414,-0.029024
1391,27.8200,-2.512056,0,squat_bounce,0.108949,0.001084,-0.003965,-0.007673,-0.027518
1392,27.8400,-2.260812,0,squat_bounce,0.108764,0.000709,-0.003556,-0.009636,-0.016988
1393,27.8600,-2.009569,0,squat_bounce,0.108565,0.000388,-0.003210,-0.010421,-0.017291
1394,27.8800,-1.758325,0,squat_bounce,0.108341,0.000237,-0.002793,-0.011337,-0.000574
1395,27.9000,-1.507081,0,squat_bounce,0.108142,0.000300,-0.002355,-0.009111,0.004475
1396,27.9200,-1.255838,0,squat_bounce,0.107989,0.000605,-0.002076,-0.006959,0.029855
1397,27.9400,-1.004594,0,squat_bounce,0.107865,0.001051,-0.001934,-0.005535,0.018472
1398,27.9600,-0.753351,0,squat_bounce,0.107781,0.001365,-0.001916,-0.003338,0.014604
1399,27.9800,-0.502107,0,squat_bounce,0.107730,0.001779,-0.001863,-0.001565,0.019124
1400,28.0000,-0.250863,0,squat_bounce,0.107724,0.001997,-0.001909,0.000223,0.007224
1401,28.0200,0.000380,0,squat_bounce,0.107746,0.002093,-0.002169,0.001631,0.005620
1402,28.0400,0.251624,0,squat_bounce,0.107788,0.002331,-0.002605,0.002487,0.017939
1403,28.0600,0.502868,0,squat_bounce,0.107875,0.002614,-0.003151,0.005273,0.013912
1404,28.0800,0.754111,0,squat_bounce,0.108005,0.002835,-0.003750,0.007114,0.011234
1405,28.1000,1.005355,0,squat_bounce,0.108165,0.003032,-0.004204,0.008466,0.010415
1406,28.1200,1.256599,0,squat_bounce,0.108346,0.003219,-0.004450,0.009394,0.009325
1407,28.1400,1.507842,0,squat_bounce,0.108539,0.003378,-0.004529,0.009752,0.007199
1408,28.1600,1.759086,0,squat_bounce,0.108731,0.003485,-0.004546,0.009351,0.004128
1409,28.1800,2.010329,0,squat_bounce,0.108903,0.003517,-0.004613,0.008105,0.000157
1410,28.2000,2.261573,0,squat_bounce,0.109041,0.003452,-0.004761,0.006083,-0.005063
1411,28.2200,2.512817,0,squat_bounce,0.109148,0.003277,-0.004953,0.004726,-0.011377
1412,28.2400,2.764060,0,squat_bounce,0.109207,0.002968,-0.005157,0.001964,-0.015398
1413,28.2600,3.015304,0,squat_bounce,0.109214,0.002644,-0.005070,-0.000554,-0.018442
1414,28.2800,-3.016638,0,squat_bounce,0.109175,0.002189,-0.004714,-0.002876,-0.026031
1415,28.3000,-2.765394,0,squat_bounce,0.109086,0.001639,-0.004315,-0.005389,-0.028954
1416,28.3200,-2.514150,0,squat_bounce,0.108949,0.001087,-0.003944,-0.007652,-0.027472
1417,28.3400,-2.262907,0,squat_bounce,0.108764,0.000713,-0.003536,-0.009624,-0.016968
1418,28.3600,-2.011663,0,squat_bounce,0.108566,0.000392,-0.003189,-0.010417,-0.017279
1419,28.3800,-1.760420,0,squat_bounce,0.108341,0.000241,-0.002771,-0.011343,-0.000576
1420,28.4000,-1.509176,0,squat_bounce,0.108142,0.000305,-0.002332,-0.009125,0.004459
1421,28.4200,-1.257932,0,squat_bounce,0.107989,0.000609,-0.002051,-0.006978,0.029848
1422,28.4400,-1.006689,0,squat_bounce,0.107864,0.001055,-0.001907,-0.005557,0.018464
1423,28.4600,-0.755445,0,squat_bounce,0.107780,0.001369,-0.001889,-0.003362,0.014603
1424,28.4800,-0.504201,0,squat_bounce,0.107729,0.001783,-0.001835,-0.001579,0.019173
1425,28.5000,-0.252958,0,squat_bounce,0.107722,0.002002,-0.001879,0.000213,0.007268
1426,28.5200,-0.001714,1,weight_shift,0.107951,0.002025,-0.002116,0.021285,-0.001680
1427,28.5400,0.249530,1,weight_shift,0.108590,0.002210,-0.002501,0.038190,0.001524
1428,28.5600,0.500773,1,weight_shift,0.109480,0.002142,-0.003011,0.047530,0.005499
1429,28.5800,0.752017,1,weight_shift,0.110440,0.002405,-0.003399,0.047261,0.017878
1430,28.6000,1.003261,1,weight_shift,0.111313,0.002359,-0.003382,0.042101,0.002414
1431,28.6200,1.254504,1,weight_shift,0.112097,0.002586,-0.003680,0.037090,0.013956
1432,28.6400,1.505748,1,weight_shift,0.112748,0.002771,-0.004101,0.030141,0.006872
1433,28.6600,1.756991,1,weight_shift,0.113258,0.002720,-0.004284,0.023304,-0.003042
1434,28.6800,2.008235,1,weight_shift,0.113673,0.002638,-0.004694,0.019155,-0.006110
1435,28.7000,2.259479,1,weight_shift,0.113996,0.002402,-0.005110,0.014414,-0.013997
1436,28.7200,2.510722,1,weight_shift,0.114241,0.002043,-0.005254,0.011190,-0.020835
1437,28.7400,2.761966,1,weight_shift,0.114429,0.001511,-0.005147,0.008411,-0.029112
1438,28.7600,3.013210,1,weight_shift,0.114572,0.000925,-0.004968,0.006561,-0.029475
1439,28.7800,-3.018732,1,weight_shift,0.114704,0.000595,-0.004980,0.006672,-0.005939
1440,28.8000,-2.767488,1,weight_shift,0.114811,0.000487,-0.005040,0.004069,-0.012407
1441,28.8200,-2.516245,1,weight_shift,0.114889,0.000403,-0.004930,0.003683,-0.002107
1442,28.8400,-2.265001,1,weight_shift,0.114957,0.000471,-0.004761,0.002636,0.000671
1443,28.8600,-2.013758,1,weight_shift,0.114999,0.000710,-0.004623,0.002001,0.014815
1444,28.8800,-1.762514,1,weight_shift,0.115034,0.001022,-0.004326,0.001968,0.016292
1445,28.9000,-1.511270,1,weight_shift,0.115074,0.001421,-0.003778,0.001403,0.016008
1446,28.9200,-1.260027,1,weight_shift,0.115124,0.001669,-0.003033,0.002131,0.004262
1447,28.9400,-1.008783,1,weight_shift,0.115167,0.001887,-0.002358,0.001529,0.006351
1448,28.9600,-0.757539,1,weight_shift,0.115196,0.002202,-0.001913,0.001107,0.009371
1449,28.9800,-0.506296,1,weight_shift,0.115221,0.002446,-0.001678,0.001087,0.011720
1450,29.0000,-0.255052,1,weight_shift,0.115236,0.002788,-0.001537,0.000808,0.013669
1451,29.0200,-0.003808,1,weight_shift,0.115254,0.003092,-0.001422,0.000813,0.022244
1452,29.0400,0.247435,1,weight_shift,0.115260,0.003317,-0.001289,0.000317,0.013859
1453,29.0600,0.498679,1,weight_shift,0.115271,0.003530,-0.001131,0.000349,0.006942
1454,29.0800,0.749922,1,weight_shift,0.115279,0.003639,-0.001011,0.000562,0.012201
1455,29.1000,1.001166,1,weight_shift,0.115287,0.003572,-0.000922,0.000391,-0.009979
1456,29.1200,1.252410,1,weight_shift,0.115299,0.003534,-0.000844,0.000895,-0.004928
1457,29.1400,1.503653,1,weight_shift,0.115307,0.003272,-0.000833,0.000285,-0.016497
1458,29.1600,1.754897,1,weight_shift,0.115326,0.003080,-0.000897,0.001048,-0.009937
1459,29.1800,2.006141,1,weight_shift,0.115344,0.002776,-0.001040,0.000840,-0.015373
1460,29.2000,2.257384,1,weight_shift,0.115364,0.002571,-0.001160,0.000450,-0.015416
1461,29.2200,2.508628,1,weight_shift,0.115387,0.002480,-0.001206,0.001212,-0.001195
1462,29.2400,2.759872,1,weight_shift,0.115402,0.002363,-0.001162,0.000839,-0.005649
1463,29.2600,3.011115,1,weight_shift,0.115414,0.002204,-0.001057,0.000521,-0.010373
1464,29.2800,-3.020826,1,weight_shift,0.115429,0.002072,-0.000913,0.000786,-0.006015
1465,29.3000,-2.769583,1,weight_shift,0.115439,0.001852,-0.000780,0.000756,-0.008631
1466,29.3200,-2.518339,1,weight_shift,0.115449,0.001655,-0.000627,0.000399,-0.011363
1467,29.3400,-2.267096,1,weight_shift,0.115463,0.001532,-0.000483,0.000781,-0.004214
1468,29.3600,-2.015852,1,weight_shift,0.115472,0.001420,-0.000393,0.000749,-0.002262
1469,29.3800,-1.764608,1,weight_shift,0.115482,0.001388,-0.000382,0.000823,0.002622
1470,29.4000,-1.513365,1,weight_shift,0.115494,0.001465,-0.000425,0.000713,0.006866
1471,29.4200,-1.262121,1,weight_shift,0.115504,0.001601,-0.000531,0.000780,0.011225
1472,29.4400,-1.010877,1,weight_shift,0.115515,0.001810,-0.000714,0.000440,0.009703
1473,29.4600,-0.759634,1,weight_shift,0.115525,0.002018,-0.000925,0.000028,0.006302
1474,29.4800,-0.508390,1,weight_shift,0.115536,0.002220,-0.001133,0.000609,0.012061
1475,29.5000,-0.257146,1,weight_shift,0.115547,0.002459,-0.001295,0.000514,0.012001
1476,29.5200,-0.005903,1,weight_shift,0.115556,0.002675,-0.001388,0.000381,0.010364
1477,29.5400,0.245341,1,weight_shift,0.115556,0.002801,-0.001411,0.000170,0.006694
1478,29.5600,0.496584,1,weight_shift,0.115563,0.002971,-0.001375,0.000325,0.009019
1479,29.5800,0.747828,1,weight_shift,0.115565,0.003122,-0.001274,-0.000404,0.002360
1480,29.6000,0.999072,1,weight_shift,0.115560,0.003156,-0.001191,-0.000651,-0.003665
1481,29.6200,1.250315,1,weight_shift,0.115563,0.003195,-0.001144,-0.000122,-0.000265
1482,29.6400,1.501559,1,weight_shift,0.115564,0.003173,-0.001111,-0.000184,-0.004251
1483,29.6600,1.752803,1,weight_shift,0.115569,0.003154,-0.001115,0.000362,-0.000646
1484,29.6800,2.004046,1,weight_shift,0.115576,0.003128,-0.001140,0.000531,0.000451
1485,29.7000,2.255290,1,weight_shift,0.115583,0.003084,-0.001116,0.000475,-0.001316
1486,29.7200,2.506534,1,weight_shift,0.115590,0.003046,-0.001020,-0.000150,-0.008603
1487,29.7400,2.757777,1,weight_shift,0.115597,0.002965,-0.000903,0.000436,-0.002969
1488,29.7600,3.009021,1,weight_shift,0.115602,0.002869,-0.000748,-0.000301,-0.011888
1489,29.7800,-3.022921,1,weight_shift,0.115608,0.002704,-0.000630,0.000456,-0.007238
1490,29.8000,-2.771677,1,weight_shift,0.115616,0.002592,-0.000514,0.000415,-0.005275
1491,29.8200,-2.520434,1,weight_shift,0.115623,0.002503,-0.000363,0.000288,-0.004442
1492,29.8400,-2.269190,1,weight_shift,0.115622,0.002352,-0.000207,0.000138,-0.006562
1493,29.8600,-2.017946,1,weight_shift,0.115628,0.002297,-0.000104,0.000310,-0.001436
1494,29.8800,-1.766703,1,weight_shift,0.115633,0.002307,-0.000010,0.000244,0.001287
1495,29.9000,-1.515459,1,weight_shift,0.115633,0.002294,0.000063,-0.000077,-0.002222
1496,29.9200,-1.264215,1,weight_shift,0.115638,0.002338,0.000053,0.000331,0.004145
1497,29.9400,-1.012972,1,weight_shift,0.115641,0.002405,-0.000043,-0.000356,-0.001617
1498,29.9600,-0.761728,1,weight_shift,0.115644,0.002454,-0.000183,0.000276,0.004563
1499,29.9800,-0.510485,1,weight_shift,0.115650,0.002558,-0.000319,0.000243,0.005694
1500,30.0000,-0.259241,1,weight_shift,0.115654,0.002660,-0.000424,0.000158,0.004974
1501,30.0200,-0.007997,1,weight_shift,0.115656,0.002756,-0.000485,0.000113,0.005052
1502,30.0400,0.243246,1,weight_shift,0.115658,0.002859,-0.000496,0.000080,0.005273
1503,30.0600,0.494490,1,weight_shift,0.115659,0.002963,-0.000451,0.000062,0.004913
1504,30.0800,0.745734,1,weight_shift,0.115661,0.003056,-0.000367,0.000063,0.004192
1505,30.1000,0.996977,1,weight_shift,0.115652,0.003010,-0.000323,-0.000182,-0.002001
1506,30.1200,1.248221,1,weight_shift,0.115652,0.003009,-0.000324,0.000012,0.000119
1507,30.1400,1.499465,1,weight_shift,0.115650,0.002984,-0.000355,-0.000397,-0.004368
1508,30.1600,1.750708,1,weight_shift,0.115656,0.003043,-0.000405,0.000428,0.005533
1509,30.1800,2.001952,1,weight_shift,0.115658,0.003077,-0.000464,0.000347,0.003732
1510,30.2000,2.253195,1,weight_shift,0.115660,0.003069,-0.000480,0.000218,0.000084
1511,30.2200,2.504439,1,weight_shift,0.115666,0.003099,-0.000444,0.000281,0.001481
1512,30.2400,2.755683,1,weight_shift,0.115665,0.003039,-0.000376,-0.000118,-0.006385
1513,30.2600,3.006926,1,weight_shift,0.115669,0.002948,-0.000319,0.000256,-0.004410
1514,30.2800,-3.025015,1,weight_shift,0.115674,0.002850,-0.000254,0.000228,-0.005553
1515,30.3000,-2.773772,1,weight_shift,0.115678,0.002742,-0.000171,0.000173,-0.005411
1516,30.3200,-2.522528,1,weight_shift,0.115680,0.002647,-0.000057,0.000122,-0.004707
1517,30.3400,-2.271284,1,weight_shift,0.115682,0.002576,0.000072,0.000078,-0.003239
1518,30.3600,-2.020041,1,weight_shift,0.115680,0.002495,0.000187,-0.000641,-0.009970
1519,30.3800,-1.768797,1,weight_shift,0.115679,0.002427,0.000258,0.000149,-0.000865
1520,30.4000,-1.517553,1,weight_shift,0.115683,0.002460,0.000320,0.000201,0.002518
1521,30.4200,-1.266310,1,weight_shift,0.115687,0.002528,0.000325,0.000182,0.003722
1522,30.4400,-1.015066,1,weight_shift,0.115685,0.002502,0.000241,0.000129,0.001444
1523,30.4600,-0.763823,1,weight_shift,0.115688,0.002561,0.000138,0.000181,0.003747
1524,30.4800,-0.512579,1,weight_shift,0.115691,0.002631,0.000043,0.000110,0.003510
1525,30.5000,-0.261335,1,weight_shift,0.115693,0.002691,-0.000032,0.000072,0.003050
1526,30.5200,-0.010092,1,weight_shift,0.115694,0.002757,-0.000081,0.000050,0.003725
1527,30.5400,0.241152,1,weight_shift,0.115695,0.002838,-0.000093,0.000025,0.004280
1528,30.5600,0.492396,1,weight_shift,0.115695,0.002924,-0.000057,0.000014,0.004165
1529,30.5800,0.743639,1,weight_shift,0.115695,0.003005,0.000014,0.000018,0.003620
1530,30.6000,0.994883,1,weight_shift,0.115686,0.002935,0.000029,-0.000010,-0.000678
1531,30.6200,1.246127,1,weight_shift,0.115687,0.002967,0.000005,-0.000384,-0.001870
1532,30.6400,1.497370,1,weight_shift,0.115685,0.002951,-0.000064,0.000296,0.003687
1533,30.6600,1.748614,1,weight_shift,0.115682,0.002922,-0.000170,-0.000064,-0.001685
1534,30.6800,1.999857,1,weight_shift,0.115689,0.003000,-0.000269,0.000387,0.005837
1535,30.7000,2.251101,1,weight_shift,0.115695,0.003106,-0.000284,0.000227,0.004473
1536,30.7200,2.502345,1,weight_shift,0.115693,0.003072,-0.000281,0.000142,0.000033
1537,30.7400,2.753588,1,weight_shift,0.115696,0.003081,-0.000235,0.000146,0.000061
1538,30.7600,3.004832,1,weight_shift,0.115698,0.003058,-0.000162,0.000076,-0.002358
1539,30.7800,-3.027110,1,weight_shift,0.115699,0.002979,-0.000084,0.000059,-0.005071
1540,30.8000,-2.775866,1,weight_shift,0.115695,0.002804,-0.000010,-0.000243,-0.011119
1541,30.8200,-2.524622,1,weight_shift,0.115698,0.002653,0.000050,0.000210,-0.006040
1542,30.8400,-2.273379,1,weight_shift,0.115701,0.002578,0.000133,0.000139,-0.002767
1543,30.8600,-2.022135,1,weight_shift,0.115703,0.002557,0.000223,0.000055,-0.000571
1544,30.8800,-1.770891,1,weight_shift,0.115704,0.002559,0.000321,0.000036,0.000037
1545,30.9000,-1.519648,1,weight_shift,0.115701,0.002530,0.000411,-0.000620,-0.007540
1546,30.9200,-1.268404,1,weight_shift,0.115701,0.002501,0.000420,0.000149,0.001094
1547,30.9400,-1.017161,1,weight_shift,0.115705,0.002558,0.000358,0.000174,0.003661
1548,30.9600,-0.765917,1,weight_shift,0.115707,0.002627,0.000278,0.000099,0.003458
1549,30.9800,-0.514673,1,weight_shift,0.115709,0.002683,0.000208,0.000051,0.002658
1550,31.0000,-0.263430,1,weight_shift,0.115709,0.002727,0.000149,0.000035,0.002289
1551,31.0200,-0.012186,1,weight_shift,0.115710,0.002783,0.000105,0.000024,0.003311
1552,31.0400,0.239058,1,weight_shift,0.115710,0.002858,0.000090,0.000006,0.004079
1553,31.0600,0.490301,1,weight_shift,0.115707,0.002911,0.000111,-0.000679,-0.002152
1554,31.0800,0.741545,1,weight_shift,0.115706,0.002951,0.000124,0.000102,0.003616
1555,31.1000,0.992789,1,weight_shift,0.115700,0.002952,0.000119,-0.000854,-0.006348
1556,31.1200,1.244032,1,weight_shift,0.115702,0.002977,0.000056,0.000286,0.004359
1557,31.1400,1.495276,1,weight_shift,0.115697,0.002936,-0.000053,0.000188,0.001883
1558,31.1600,1.746519,1,weight_shift,0.115700,0.002981,-0.000163,0.000064,0.001757
1559,31.1800,1.997763,1,weight_shift,0.115701,0.003010,-0.000267,0.000021,0.000547
1560,31.2000,2.249007,1,weight_shift,0.115706,0.003077,-0.000317,0.000272,0.004081
1561,31.2200,2.500250,1,weight_shift,0.115707,0.003100,-0.000300,-0.000500,-0.005768
1562,31.2400,2.751494,1,weight_shift,0.115707,0.003061,-0.000273,0.000142,-0.000905
1563,31.2600,3.002738,1,weight_shift,0.115710,0.003036,-0.000214,0.000112,-0.002106
1564,31.2800,-3.029204,1,weight_shift,0.115711,0.002966,-0.000142,0.000063,-0.004615
1565,31.3000,-2.777960,1,weight_shift,0.115712,0.002860,-0.000054,0.000040,-0.005884
1566,31.3200,-2.526717,1,weight_shift,0.115709,0.002713,0.000070,-0.000669,-0.012933
1567,31.3400,-2.275473,1,weight_shift,0.115709,0.002573,0.000170,0.000142,-0.004551
1568,31.3600,-2.024230,1,weight_shift,0.115711,0.002542,0.000256,0.000115,-0.000431
1569,31.3800,-1.772986,1,weight_shift,0.115713,0.002555,0.000355,0.000061,0.000647
1570,31.4000,-1.521742,1,weight_shift,0.115709,0.002509,0.000441,-0.000253,-0.004344
1571,31.4200,-1.270499,1,weight_shift,0.115711,0.002511,0.000459,0.000165,0.001931
1572,31.4400,-1.019255,1,weight_shift,0.115714,0.002572,0.000412,0.000147,0.003567
1573,31.4600,-0.768011,1,weight_shift,0.115716,0.002636,0.000349,0.000073,0.003064
1574,31.4800,-0.516768,1,weight_shift,0.115717,0.002686,0.000291,0.000040,0.002420
1575,31.5000,-0.265524,1,weight_shift,0.115714,0.002695,0.000236,-0.000649,-0.004401
1576,31.5200,-0.014280,1,weight_shift,0.115714,0.002708,0.000158,0.000119,0.003252
1577,31.5400,0.236963,1,weight_shift,0.115716,0.002806,0.000110,0.000109,0.005624
1578,31.5600,0.488207,1,weight_shift,0.115718,0.002919,0.000115,0.000050,0.005423
1579,31.5800,0.739450,1,weight_shift,0.115715,0.002986,0.000153,-0.000641,-0.001768
1580,31.6000,0.990694,1,weight_shift,0.115709,0.002969,0.000143,-0.000175,-0.000947
1581,31.6200,1.241938,1,weight_shift,0.115708,0.002960,0.000072,0.000161,0.002146
1582,31.6400,1.493181,1,weight_shift,0.115705,0.002944,-0.000037,-0.000343,-0.002676
1583,31.6600,1.744425,1,weight_shift,0.115706,0.002954,-0.000167,0.000065,0.001162
1584,31.6800,1.995669,1,weight_shift,0.115709,0.003012,-0.000276,-0.000299,-0.001697
1585,31.7000,2.246912,1,weight_shift,0.115713,0.003065,-0.000342,0.000269,0.003985
1586,31.7200,2.498156,1,weight_shift,0.115717,0.003133,-0.000328,0.000165,0.002528
1587,31.7400,2.749400,1,weight_shift,0.115714,0.003058,-0.000304,0.000091,-0.002087
1588,31.7600,3.000643,1,weight_shift,0.115717,0.003024,-0.000251,0.000123,-0.002204
1589,31.7800,-3.031298,1,weight_shift,0.115718,0.002957,-0.000180,0.000065,-0.004384
1590,31.8000,-2.780055,1,weight_shift,0.115719,0.002857,-0.000089,0.000032,-0.005606
1591,31.8200,-2.528811,1,weight_shift,0.115714,0.002690,0.000032,-0.000278,-0.010362
1592,31.8400,-2.277568,1,weight_shift,0.115716,0.002577,0.000135,0.000151,-0.003743
1593,31.8600,-2.026324,1,weight_shift,0.115718,0.002554,0.000237,0.000089,-0.000278
1594,31.8800,-1.775080,1,weight_shift,0.115719,0.002567,0.000350,0.000046,0.000506
1595,31.9000,-1.523837,1,weight_shift,0.115715,0.002492,0.000428,0.000068,-0.000841
1596,31.9200,-1.272593,1,weight_shift,0.115718,0.002526,0.000465,0.000157,0.002622
1597,31.9400,-1.021349,1,weight_shift,0.115715,0.002522,0.000421,-0.000193,-0.001907
1598,31.9600,-0.770106,1,weight_shift,0.115718,0.002554,0.000336,0.000164,0.003226
1599,31.9800,-0.518862,1,weight_shift,0.115720,0.002626,0.000260,0.000116,0.003854
