step,t,phase,move,move_name,trunk_z,trunk_roll,trunk_pitch,trunk_vz,trunk_roll_rate
0,0.0000,3.074804,0,squat_bounce,0.123500,-0.000049,-0.000211,-0.149889,-0.004709
1,0.0200,-3.082759,0,squat_bounce,0.118010,-0.000214,-0.001232,-0.349139,-0.010503
2,0.0400,-2.957138,0,squat_bounce,0.113833,0.000813,-0.000567,-0.074587,0.080805
3,0.0600,-2.831516,0,squat_bounce,0.113250,0.001582,0.000779,-0.018486,-0.003500
4,0.0800,-2.705894,0,squat_bounce,0.112786,0.001070,0.001762,-0.028068,-0.022687
5,0.1000,-2.580272,0,squat_bounce,0.112166,0.000473,0.003561,-0.032084,-0.031074
6,0.1200,-2.454650,0,squat_bounce,0.111516,-0.000037,0.005243,-0.032245,-0.020115
7,0.1400,-2.329029,0,squat_bounce,0.110913,-0.000297,0.006822,-0.028379,-0.007339
8,0.1600,-2.203407,0,squat_bounce,0.110440,-0.000106,0.008289,-0.021151,0.017312
9,0.1800,-2.077785,0,squat_bounce,0.110066,0.000221,0.009518,-0.017273,0.021443
10,0.2000,-1.952163,0,squat_bounce,0.109784,0.000670,0.010415,-0.012370,0.025746
11,0.2200,-1.826541,0,squat_bounce,0.109570,0.001157,0.010786,-0.009711,0.022429
12,0.2400,-1.700919,0,squat_bounce,0.109419,0.001515,0.010393,-0.006681,0.013232
13,0.2600,-1.575298,0,squat_bounce,0.109290,0.001840,0.009354,-0.006452,0.005578
14,0.2800,-1.449676,0,squat_bounce,0.109174,0.001951,0.007804,-0.006257,-0.004984
15,0.3000,-1.324054,0,squat_bounce,0.109036,0.002177,0.005849,-0.007219,0.016282
16,0.3200,-1.198432,0,squat_bounce,0.108892,0.002524,0.003857,-0.006923,0.013508
17,0.3400,-1.072810,0,squat_bounce,0.108754,0.002696,0.002141,-0.007233,0.005700
18,0.3600,-0.947189,0,squat_bounce,0.108605,0.002772,0.000620,-0.007468,0.002919
19,0.3800,-0.821567,0,squat_bounce,0.108455,0.002728,-0.000652,-0.007785,-0.004318
20,0.4000,-0.695945,0,squat_bounce,0.108306,0.002618,-0.001641,-0.007340,-0.008241
21,0.4200,-0.570323,0,squat_bounce,0.108164,0.002413,-0.002275,-0.006625,-0.009196
22,0.4400,-0.444701,0,squat_bounce,0.108044,0.002094,-0.002555,-0.005723,-0.018654
23,0.4600,-0.319079,0,squat_bounce,0.107955,0.001710,-0.002650,-0.003863,-0.022330
24,0.4800,-0.193458,0,squat_bounce,0.107899,0.001298,-0.002604,-0.001945,-0.019624
25,0.5000,-0.067836,0,squat_bounce,0.107880,0.000901,-0.002571,-0.000425,-0.017578
26,0.5200,0.057786,0,squat_bounce,0.107887,0.000669,-0.002555,0.000564,-0.012940
27,0.5400,0.183408,0,squat_bounce,0.107908,0.000456,-0.002597,0.001611,-0.005273
28,0.5600,0.309030,0,squat_bounce,0.107959,0.000235,-0.002689,0.002960,-0.011987
29,0.5800,0.434651,0,squat_bounce,0.108034,0.000067,-0.002839,0.004446,-0.007324
30,0.6000,0.560273,0,squat_bounce,0.108134,-0.000131,-0.002919,0.005195,-0.009995
31,0.6200,0.685895,0,squat_bounce,0.108249,-0.000259,-0.003032,0.006190,-0.008329
32,0.6400,0.811517,0,squat_bounce,0.108371,-0.000450,-0.003055,0.005927,-0.009606
33,0.6600,0.937139,0,squat_bounce,0.108492,-0.000593,-0.003095,0.005942,-0.010319
34,0.6800,1.062761,0,squat_bounce,0.108598,-0.000787,-0.003084,0.004964,-0.004918
35,0.7000,1.188382,0,squat_bounce,0.108682,-0.001064,-0.003023,0.003471,-0.016540
36,0.7200,1.314004,0,squat_bounce,0.108732,-0.001376,-0.002932,0.001980,-0.019709
37,0.7400,1.439626,0,squat_bounce,0.108751,-0.001721,-0.002787,0.000529,-0.009117
38,0.7600,1.565248,0,squat_bounce,0.108749,-0.002057,-0.002471,-0.000563,-0.018813
39,0.7800,1.690870,0,squat_bounce,0.108731,-0.002262,-0.002002,-0.000231,-0.006989
40,0.8000,1.816491,0,squat_bounce,0.108700,-0.002394,-0.001177,-0.003336,-0.008052
41,0.8200,1.942113,0,squat_bounce,0.108603,-0.002567,-0.000112,-0.004638,-0.009812
42,0.8400,2.067735,0,squat_bounce,0.108510,-0.002702,0.000795,-0.004771,-0.004673
43,0.8600,2.193357,0,squat_bounce,0.108396,-0.002782,0.001407,-0.006143,-0.003507
44,0.8800,2.318979,0,squat_bounce,0.108260,-0.002745,0.001912,-0.006854,0.002817
45,0.9000,2.444601,0,squat_bounce,0.108104,-0.002626,0.002290,-0.008236,0.006676
46,0.9200,2.570222,0,squat_bounce,0.107952,-0.002531,0.002514,-0.007008,0.003198
47,0.9400,2.695844,0,squat_bounce,0.107836,-0.002507,0.002477,-0.005030,0.000454
48,0.9600,2.821466,0,squat_bounce,0.107767,-0.002308,0.002194,-0.001455,0.007749
49,0.9800,2.947088,0,squat_bounce,0.107758,-0.002163,0.001633,-0.000601,0.007792
50,1.0000,3.072710,0,squat_bounce,0.107744,-0.002008,0.001204,-0.000510,0.007280
51,1.0200,-3.084854,0,squat_bounce,0.107751,-0.001897,0.000720,0.000837,0.005033
52,1.0400,-2.959232,0,squat_bounce,0.107788,-0.001854,-0.000085,0.002359,0.000690
53,1.0600,-2.833610,0,squat_bounce,0.107856,-0.001911,-0.001043,0.003987,-0.004379
54,1.0800,-2.707988,0,squat_bounce,0.107958,-0.002068,-0.001998,0.005638,-0.009159
55,1.1000,-2.582367,0,squat_bounce,0.108109,-0.002342,-0.002912,0.008560,-0.015072
56,1.1200,-2.456745,0,squat_bounce,0.108286,-0.002599,-0.003729,0.008216,-0.007802
57,1.1400,-2.331123,0,squat_bounce,0.108462,-0.002687,-0.004335,0.009107,-0.004923
58,1.1600,-2.205501,0,squat_bounce,0.108639,-0.002760,-0.004731,0.008947,0.000901
59,1.1800,-2.079879,0,squat_bounce,0.108785,-0.002709,-0.004917,0.006964,0.001017
60,1.2000,-1.954257,0,squat_bounce,0.108910,-0.002607,-0.004952,0.005376,0.005696
61,1.2200,-1.828636,0,squat_bounce,0.108976,-0.002411,-0.004830,0.002311,0.011762
62,1.2400,-1.703014,0,squat_bounce,0.109009,-0.002107,-0.004639,0.001762,0.020157
63,1.2600,-1.577392,0,squat_bounce,0.109012,-0.001810,-0.004572,-0.000351,0.011389
64,1.2800,-1.451770,0,squat_bounce,0.108990,-0.001661,-0.004337,-0.001580,0.007609
65,1.3000,-1.326148,0,squat_bounce,0.108941,-0.001426,-0.003927,-0.002928,0.014534
66,1.3200,-1.200527,0,squat_bounce,0.108881,-0.000908,-0.003555,-0.003660,0.023093
67,1.3400,-1.074905,0,squat_bounce,0.108786,-0.000434,-0.003028,-0.005285,0.024119
68,1.3600,-0.949283,0,squat_bounce,0.108667,0.000063,-0.002468,-0.006216,0.024777
69,1.3800,-0.823661,0,squat_bounce,0.108537,0.000543,-0.002017,-0.006620,0.022956
70,1.4000,-0.698039,0,squat_bounce,0.108404,0.000957,-0.001661,-0.006607,0.018872
71,1.4200,-0.572417,0,squat_bounce,0.108277,0.001264,-0.001349,-0.006103,0.012830
72,1.4400,-0.446796,0,squat_bounce,0.108166,0.001435,-0.001060,-0.005074,0.005705
73,1.4600,-0.321174,0,squat_bounce,0.108082,0.001472,-0.000804,-0.003585,-0.000403
74,1.4800,-0.195552,0,squat_bounce,0.108033,0.001398,-0.000621,-0.001722,-0.005691
75,1.5000,-0.069930,0,squat_bounce,0.108017,0.001296,-0.000626,-0.000376,-0.003537
76,1.5200,0.055692,0,squat_bounce,0.108018,0.001220,-0.000821,0.000326,-0.004721
77,1.5400,0.181313,0,squat_bounce,0.108039,0.001071,-0.001267,0.001485,-0.009130
78,1.5600,0.306935,0,squat_bounce,0.108086,0.000848,-0.001940,0.002794,-0.011607
79,1.5800,0.432557,0,squat_bounce,0.108157,0.000599,-0.002624,0.003959,-0.012448
80,1.6000,0.558179,0,squat_bounce,0.108249,0.000344,-0.003196,0.004845,-0.012551
81,1.6200,0.683801,0,squat_bounce,0.108357,0.000158,-0.003761,0.005770,-0.008484
82,1.6400,0.809423,0,squat_bounce,0.108472,-0.000100,-0.004077,0.005557,-0.013443
83,1.6600,0.935044,0,squat_bounce,0.108575,-0.000373,-0.004131,0.004886,-0.013814
84,1.6800,1.060666,0,squat_bounce,0.108663,-0.000664,-0.004161,0.004099,-0.015160
85,1.7000,1.186288,0,squat_bounce,0.108740,-0.000932,-0.004322,0.003392,-0.017725
86,1.7200,1.311910,0,squat_bounce,0.108783,-0.001334,-0.004243,0.001474,-0.020737
87,1.7400,1.437532,0,squat_bounce,0.108808,-0.001561,-0.004119,0.001570,0.003811
88,1.7600,1.563153,0,squat_bounce,0.108813,-0.001733,-0.003872,0.000179,-0.009244
89,1.7800,1.688775,0,squat_bounce,0.108795,-0.001944,-0.003432,-0.001727,-0.012297
90,1.8000,1.814397,0,squat_bounce,0.108738,-0.002176,-0.002805,-0.002674,-0.008912
91,1.8200,1.940019,0,squat_bounce,0.108650,-0.002572,-0.001887,-0.004549,-0.021583
92,1.8400,2.065641,0,squat_bounce,0.108541,-0.002908,-0.001026,-0.006112,-0.022614
93,1.8600,2.191263,0,squat_bounce,0.108413,-0.003353,-0.000116,-0.006806,-0.021965
94,1.8800,2.316884,0,squat_bounce,0.108274,-0.003584,0.000568,-0.006548,-0.012726
95,1.9000,2.442506,0,squat_bounce,0.108100,-0.003632,0.001313,-0.008671,-0.001227
96,1.9200,2.568128,0,squat_bounce,0.107990,-0.003515,0.001889,-0.004898,0.006353
97,1.9400,2.693750,0,squat_bounce,0.107875,-0.003307,0.002198,-0.005541,0.011302
98,1.9600,2.819372,0,squat_bounce,0.107786,-0.002875,0.002347,-0.002142,0.017960
99,1.9800,2.944993,0,squat_bounce,0.107764,-0.002551,0.002122,-0.001189,0.015817
100,2.0000,3.070615,0,squat_bounce,0.107750,-0.002304,0.001839,-0.000390,0.010592
101,2.0200,-3.086948,0,squat_bounce,0.107759,-0.002147,0.001375,0.000958,0.007203
102,2.0400,-2.961326,0,squat_bounce,0.107797,-0.002055,0.000577,0.002450,0.003431
103,2.0600,-2.835705,0,squat_bounce,0.107868,-0.002057,-0.000375,0.004046,-0.001573
104,2.0800,-2.710083,0,squat_bounce,0.107970,-0.002168,-0.001340,0.005660,-0.007142
105,2.1000,-2.584461,0,squat_bounce,0.108111,-0.002290,-0.002287,0.007142,-0.009059
106,2.1200,-2.458839,0,squat_bounce,0.108291,-0.002483,-0.003147,0.009470,-0.012144
107,2.1400,-2.333217,0,squat_bounce,0.108481,-0.002637,-0.003822,0.008470,-0.003605
108,2.1600,-2.207595,0,squat_bounce,0.108650,-0.002674,-0.004227,0.008434,-0.003159
109,2.1800,-2.081974,0,squat_bounce,0.108803,-0.002645,-0.004444,0.006201,0.004562
110,2.2000,-1.956352,0,squat_bounce,0.108923,-0.002442,-0.004495,0.004795,0.015869
111,2.2200,-1.830730,0,squat_bounce,0.108987,-0.002192,-0.004378,0.002410,0.010299
112,2.2400,-1.705108,0,squat_bounce,0.109017,-0.001960,-0.004251,0.000768,0.009732
113,2.2600,-1.579486,0,squat_bounce,0.109021,-0.001718,-0.004248,-0.000385,0.009015
114,2.2800,-1.453865,0,squat_bounce,0.108998,-0.001586,-0.004065,-0.001715,0.007618
115,2.3000,-1.328243,0,squat_bounce,0.108954,-0.001261,-0.003699,-0.002848,0.019157
116,2.3200,-1.202621,0,squat_bounce,0.108892,-0.000727,-0.003344,-0.003699,0.025311
117,2.3400,-1.076999,0,squat_bounce,0.108794,-0.000214,-0.002772,-0.005458,0.025900
118,2.3600,-0.951377,0,squat_bounce,0.108673,0.000318,-0.002154,-0.006311,0.026423
119,2.3800,-0.825755,0,squat_bounce,0.108541,0.000830,-0.001660,-0.006639,0.024466
120,2.4000,-0.700134,0,squat_bounce,0.108408,0.001270,-0.001284,-0.006588,0.019892
121,2.4200,-0.574512,0,squat_bounce,0.108281,0.001594,-0.000971,-0.006067,0.013538
122,2.4400,-0.448890,0,squat_bounce,0.108172,0.001776,-0.000698,-0.005029,0.006133
123,2.4600,-0.323268,0,squat_bounce,0.108089,0.001808,-0.000489,-0.003522,-0.001289
124,2.4800,-0.197646,0,squat_bounce,0.108041,0.001700,-0.000376,-0.001658,-0.007714
125,2.5000,-0.072025,0,squat_bounce,0.108026,0.001537,-0.000452,-0.000361,-0.007080
126,2.5200,0.053597,0,squat_bounce,0.108027,0.001395,-0.000711,0.000314,-0.007589
127,2.5400,0.179219,0,squat_bounce,0.108048,0.001207,-0.001214,0.001469,-0.010327
128,2.5600,0.304841,0,squat_bounce,0.108095,0.000969,-0.001931,0.002783,-0.012117
129,2.5800,0.430463,0,squat_bounce,0.108166,0.000710,-0.002646,0.003949,-0.012754
130,2.6000,0.556084,0,squat_bounce,0.108257,0.000448,-0.003238,0.004834,-0.012809
131,2.6200,0.681706,0,squat_bounce,0.108362,0.000189,-0.003721,0.005373,-0.012691
132,2.6400,0.807328,0,squat_bounce,0.108475,-0.000002,-0.004240,0.005879,-0.008957
133,2.6600,0.932950,0,squat_bounce,0.108587,-0.000277,-0.004518,0.005180,-0.014592
134,2.6800,1.058572,0,squat_bounce,0.108676,-0.000586,-0.004524,0.004040,-0.016030
135,2.7000,1.184194,0,squat_bounce,0.108743,-0.000892,-0.004549,0.003080,-0.009985
136,2.7200,1.309815,0,squat_bounce,0.108788,-0.001280,-0.004530,0.001559,-0.021962
137,2.7400,1.435437,0,squat_bounce,0.108820,-0.001490,-0.004320,0.001655,-0.001379
138,2.7600,1.561059,0,squat_bounce,0.108815,-0.001640,-0.004062,-0.000836,-0.004261
139,2.7800,1.686681,0,squat_bounce,0.108797,-0.001858,-0.003558,-0.001505,-0.014153
140,2.8000,1.812303,0,squat_bounce,0.108746,-0.002194,-0.002769,-0.003329,-0.019066
141,2.8200,1.937925,0,squat_bounce,0.108657,-0.002509,-0.001920,-0.004964,-0.021026
142,2.8400,2.063546,0,squat_bounce,0.108548,-0.002949,-0.000970,-0.005963,-0.022600
143,2.8600,2.189168,0,squat_bounce,0.108415,-0.003263,-0.000189,-0.006868,-0.020439
144,2.8800,2.314790,0,squat_bounce,0.108283,-0.003623,0.000497,-0.006079,-0.010816
145,2.9000,2.440412,0,squat_bounce,0.108130,-0.003734,0.001225,-0.008358,-0.003050
146,2.9200,2.566034,0,squat_bounce,0.107994,-0.003406,0.001837,-0.005493,0.013564
147,2.9400,2.691655,0,squat_bounce,0.107891,-0.003106,0.002092,-0.005373,0.016685
148,2.9600,2.817277,0,squat_bounce,0.107802,-0.002764,0.002211,-0.003671,0.016631
149,2.9800,2.942899,0,squat_bounce,0.107759,-0.002471,0.002119,-0.001278,0.012841
150,3.0000,3.068521,0,squat_bounce,0.107739,-0.002078,0.001784,-0.000003,0.013557
151,3.0200,-3.089043,0,squat_bounce,0.107759,-0.001927,0.001160,0.001480,0.005448
152,3.0400,-2.963421,0,squat_bounce,0.107807,-0.001890,0.000193,0.002806,0.000765
153,3.0600,-2.837799,0,squat_bounce,0.107881,-0.001948,-0.000905,0.004188,-0.004234
154,3.0800,-2.712177,0,squat_bounce,0.107989,-0.002074,-0.001943,0.006459,-0.002622
155,3.1000,-2.586555,0,squat_bounce,0.108135,-0.002189,-0.002880,0.007891,-0.011190
156,3.1200,-2.460934,0,squat_bounce,0.108315,-0.002458,-0.003630,0.009701,-0.008243
157,3.1400,-2.335312,0,squat_bounce,0.108490,-0.002533,-0.004154,0.008623,-0.001458
158,3.1600,-2.209690,0,squat_bounce,0.108664,-0.002585,-0.004439,0.008486,-0.001492
159,3.1800,-2.084068,0,squat_bounce,0.108809,-0.002537,-0.004542,0.006963,0.003858
160,3.2000,-1.958446,0,squat_bounce,0.108923,-0.002391,-0.004504,0.005221,0.008340
161,3.2200,-1.832824,0,squat_bounce,0.108988,-0.002209,-0.004338,0.002279,0.009588
162,3.2400,-1.707203,0,squat_bounce,0.109019,-0.001983,-0.004193,0.000671,0.008244
163,3.2600,-1.581581,0,squat_bounce,0.109022,-0.001762,-0.004183,-0.000238,0.009932
164,3.2800,-1.455959,0,squat_bounce,0.109000,-0.001620,-0.003991,-0.001657,0.008008
165,3.3000,-1.330337,0,squat_bounce,0.108957,-0.001288,-0.003625,-0.002811,0.019480
166,3.3200,-1.204715,0,squat_bounce,0.108892,-0.000728,-0.003309,-0.003637,0.027166
167,3.3400,-1.079094,0,squat_bounce,0.108797,-0.000204,-0.002814,-0.005381,0.026026
168,3.3600,-0.953472,0,squat_bounce,0.108676,0.000329,-0.002213,-0.006305,0.026442
169,3.3800,-0.827850,0,squat_bounce,0.108544,0.000844,-0.001715,-0.006645,0.024577
170,3.4000,-0.702228,0,squat_bounce,0.108411,0.001286,-0.001336,-0.006584,0.020009
171,3.4200,-0.576606,0,squat_bounce,0.108284,0.001613,-0.001025,-0.006062,0.013635
172,3.4400,-0.450984,0,squat_bounce,0.108175,0.001797,-0.000751,-0.005033,0.006207
173,3.4600,-0.325363,0,squat_bounce,0.108092,0.001830,-0.000533,-0.003539,-0.001266
174,3.4800,-0.199741,0,squat_bounce,0.108043,0.001722,-0.000407,-0.001685,-0.007787
175,3.5000,-0.074119,0,squat_bounce,0.108028,0.001557,-0.000472,-0.000370,-0.007158
176,3.5200,0.051503,0,squat_bounce,0.108029,0.001414,-0.000721,0.000293,-0.007608
177,3.5400,0.177125,0,squat_bounce,0.108049,0.001224,-0.001210,0.001441,-0.010368
178,3.5600,0.302746,0,squat_bounce,0.108095,0.000984,-0.001916,0.002757,-0.012188
179,3.5800,0.428368,0,squat_bounce,0.108166,0.000723,-0.002627,0.003930,-0.012845
180,3.6000,0.553990,0,squat_bounce,0.108257,0.000459,-0.003216,0.004823,-0.012910
181,3.6200,0.679612,0,squat_bounce,0.108362,0.000197,-0.003698,0.005369,-0.012789
182,3.6400,0.805234,0,squat_bounce,0.108475,0.000003,-0.004215,0.005883,-0.009047
183,3.6600,0.930856,0,squat_bounce,0.108587,-0.000275,-0.004492,0.005191,-0.014791
184,3.6800,1.056477,0,squat_bounce,0.108676,-0.000588,-0.004499,0.004054,-0.016223
185,3.7000,1.182099,0,squat_bounce,0.108744,-0.000897,-0.004525,0.003095,-0.010027
186,3.7200,1.307721,0,squat_bounce,0.108789,-0.001286,-0.004506,0.001573,-0.022058
187,3.7400,1.433343,0,squat_bounce,0.108816,-0.001535,-0.004310,0.000802,-0.008862
188,3.7600,1.558965,0,squat_bounce,0.108817,-0.001633,-0.004049,0.000355,0.001106
189,3.7800,1.684586,0,squat_bounce,0.108790,-0.001906,-0.003488,-0.002230,-0.020350
190,3.8000,1.810208,0,squat_bounce,0.108744,-0.002198,-0.002720,-0.003201,-0.016678
191,3.8200,1.935830,0,squat_bounce,0.108656,-0.002469,-0.001940,-0.004913,-0.019199
192,3.8400,2.061452,0,squat_bounce,0.108546,-0.002905,-0.001030,-0.005301,-0.019921
193,3.8600,2.187074,0,squat_bounce,0.108421,-0.003195,-0.000228,-0.006547,-0.022349
194,3.8800,2.312696,0,squat_bounce,0.108285,-0.003573,0.000534,-0.006887,-0.015919
195,3.9000,2.438317,0,squat_bounce,0.108126,-0.003715,0.001317,-0.008421,-0.003420
196,3.9200,2.563939,0,squat_bounce,0.107977,-0.003435,0.001987,-0.006832,0.017042
197,3.9400,2.689561,0,squat_bounce,0.107885,-0.003169,0.002238,-0.003669,0.013390
198,3.9600,2.815183,0,squat_bounce,0.107815,-0.002816,0.002223,-0.003485,0.019593
199,3.9800,2.940805,0,squat_bounce,0.107769,-0.002453,0.002100,-0.001486,0.016209
200,4.0000,3.066426,0,squat_bounce,0.107746,-0.002059,0.001821,-0.000455,0.016838
201,4.0200,-3.091137,0,squat_bounce,0.107761,-0.001875,0.001205,0.001377,0.006543
202,4.0400,-2.965515,0,squat_bounce,0.107808,-0.001832,0.000220,0.002779,0.000838
203,4.0600,-2.839893,0,squat_bounce,0.107883,-0.001900,-0.000909,0.004173,-0.004896
204,4.0800,-2.714272,0,squat_bounce,0.107986,-0.002082,-0.001971,0.005613,-0.010449
205,4.1000,-2.588650,0,squat_bounce,0.108135,-0.002221,-0.002953,0.008335,-0.008591
206,4.1200,-2.463028,0,squat_bounce,0.108314,-0.002483,-0.003754,0.009036,-0.013278
207,4.1400,-2.337406,0,squat_bounce,0.108487,-0.002544,-0.004306,0.008051,0.001339
208,4.1600,-2.211784,0,squat_bounce,0.108658,-0.002611,-0.004612,0.008887,-0.001003
209,4.1800,-2.086162,0,squat_bounce,0.108816,-0.002621,-0.004735,0.007274,0.001417
210,4.2000,-1.960541,0,squat_bounce,0.108922,-0.002480,-0.004689,0.005075,0.012426
211,4.2200,-1.834919,0,squat_bounce,0.108996,-0.002276,-0.004483,0.003188,0.013465
212,4.2400,-1.709297,0,squat_bounce,0.109022,-0.002073,-0.004333,0.000574,0.007394
213,4.2600,-1.583675,0,squat_bounce,0.109028,-0.001845,-0.004318,-0.000292,0.006415
214,4.2800,-1.458053,0,squat_bounce,0.109004,-0.001720,-0.004120,-0.001704,0.007870
215,4.3000,-1.332432,0,squat_bounce,0.108961,-0.001383,-0.003767,-0.002801,0.019795
216,4.3200,-1.206810,0,squat_bounce,0.108899,-0.000798,-0.003419,-0.003806,0.025705
217,4.3400,-1.081188,0,squat_bounce,0.108802,-0.000276,-0.002862,-0.005403,0.026275
218,4.3600,-0.955566,0,squat_bounce,0.108681,0.000267,-0.002268,-0.006262,0.026891
219,4.3800,-0.829944,0,squat_bounce,0.108550,0.000790,-0.001796,-0.006637,0.024961
220,4.4000,-0.704322,0,squat_bounce,0.108416,0.001241,-0.001429,-0.006629,0.020407
221,4.4200,-0.578701,0,squat_bounce,0.108289,0.001576,-0.001115,-0.006140,0.014041
222,4.4400,-0.453079,0,squat_bounce,0.108177,0.001769,-0.000828,-0.005123,0.006608
223,4.4600,-0.327457,0,squat_bounce,0.108092,0.001811,-0.000591,-0.003624,-0.000857
224,4.4800,-0.201835,0,squat_bounce,0.108042,0.001710,-0.000447,-0.001759,-0.007507
225,4.5000,-0.076213,0,squat_bounce,0.108026,0.001547,-0.000489,-0.000384,-0.007132
226,4.5200,0.049408,0,squat_bounce,0.108027,0.001406,-0.000721,0.000276,-0.007432
227,4.5400,0.175030,1,weight_shift,0.108232,0.001061,-0.001658,0.018900,-0.020602
228,4.5600,0.300652,1,weight_shift,0.108795,0.000155,-0.003228,0.034708,-0.056869
229,4.5800,0.426274,1,weight_shift,0.109722,-0.000627,-0.004595,0.050586,-0.031500
230,4.6000,0.551896,1,weight_shift,0.110778,-0.000405,-0.005601,0.052658,0.042783
231,4.6200,0.677518,1,weight_shift,0.111767,0.001307,-0.005650,0.046657,0.109428
232,4.6400,0.803139,1,weight_shift,0.112600,0.004005,-0.005012,0.039046,0.146087
233,4.6600,0.928761,1,weight_shift,0.113279,0.007308,-0.004610,0.030778,0.179405
234,4.6800,1.054383,1,weight_shift,0.113807,0.011103,-0.004465,0.024220,0.191298
235,4.7000,1.180005,1,weight_shift,0.114226,0.014663,-0.004051,0.019998,0.158764
236,4.7200,1.305627,1,weight_shift,0.114542,0.017223,-0.002988,0.012935,0.114350
237,4.7400,1.431248,1,weight_shift,0.114744,0.019126,-0.001731,0.009141,0.080883
238,4.7600,1.556870,1,weight_shift,0.114908,0.019989,-0.000260,0.006186,0.027508
239,4.7800,1.682492,1,weight_shift,0.114995,0.020190,0.000966,0.004256,-0.002680
240,4.8000,1.808114,1,weight_shift,0.115099,0.019429,0.002021,0.004497,-0.050216
241,4.8200,1.933736,1,weight_shift,0.115144,0.018605,0.002813,0.002839,-0.048528
242,4.8400,2.059358,1,weight_shift,0.115191,0.017526,0.003476,0.002078,-0.049698
243,4.8600,2.184979,1,weight_shift,0.115241,0.016156,0.003813,0.003009,-0.083815
244,4.8800,2.310601,1,weight_shift,0.115269,0.014808,0.003594,0.001856,-0.072038
245,4.9000,2.436223,1,weight_shift,0.115290,0.012864,0.003450,-0.000392,-0.113208
246,4.9200,2.561845,1,weight_shift,0.115247,0.010192,0.003236,-0.002887,-0.143024
247,4.9400,2.687467,1,weight_shift,0.115174,0.007228,0.002721,-0.002217,-0.144608
248,4.9600,2.813088,1,weight_shift,0.115254,0.004425,0.002125,0.007460,-0.124116
249,4.9800,2.938710,1,weight_shift,0.115395,0.002212,0.000854,0.006097,-0.095643
250,5.0000,3.064332,1,weight_shift,0.115482,0.000608,-0.000895,0.002951,-0.066515
251,5.0200,-3.093231,1,weight_shift,0.115556,-0.001110,-0.002227,0.002407,-0.079474
252,5.0400,-2.967610,1,weight_shift,0.115601,-0.003051,-0.003098,0.002129,-0.117429
253,5.0600,-2.841988,1,weight_shift,0.115676,-0.005210,-0.003247,0.004613,-0.090783
254,5.0800,-2.716366,1,weight_shift,0.115755,-0.006877,-0.002586,0.003009,-0.086145
255,5.1000,-2.590744,1,weight_shift,0.115808,-0.008602,-0.001579,0.002784,-0.086735
256,5.1200,-2.465122,1,weight_shift,0.115864,-0.010217,-0.000631,0.002738,-0.078767
257,5.1400,-2.339500,1,weight_shift,0.115911,-0.011616,0.000414,0.002128,-0.066594
258,5.1600,-2.213879,1,weight_shift,0.115952,-0.012784,0.001395,0.002146,-0.056232
259,5.1800,-2.088257,1,weight_shift,0.115985,-0.013860,0.002342,0.001374,-0.053980
260,5.2000,-1.962635,1,weight_shift,0.116002,-0.014761,0.003439,0.000539,-0.038484
261,5.2200,-1.837013,1,weight_shift,0.116005,-0.015204,0.004619,0.000008,-0.015284
262,5.2400,-1.711391,1,weight_shift,0.116000,-0.015240,0.005853,-0.000353,0.002791
263,5.2600,-1.585770,1,weight_shift,0.116002,-0.014979,0.007180,0.000765,0.021715
264,5.2800,-1.460148,1,weight_shift,0.115985,-0.014658,0.008303,-0.000780,0.017242
265,5.3000,-1.334526,1,weight_shift,0.115934,-0.014488,0.009034,-0.002123,0.011690
266,5.3200,-1.208904,1,weight_shift,0.115876,-0.014101,0.009457,-0.003753,0.020338
267,5.3400,-1.083282,1,weight_shift,0.115795,-0.013509,0.009581,-0.004965,0.034838
268,5.3600,-0.957660,1,weight_shift,0.115691,-0.012555,0.009366,-0.006083,0.055647
269,5.3800,-0.832039,1,weight_shift,0.115559,-0.011134,0.008927,-0.006450,0.085540
270,5.4000,-0.706417,1,weight_shift,0.115406,-0.009107,0.008389,-0.008692,0.110667
271,5.4200,-0.580795,1,weight_shift,0.115313,-0.007081,0.007834,-0.000667,0.086588
272,5.4400,-0.455173,1,weight_shift,0.115307,-0.005455,0.006853,-0.000227,0.086385
273,5.4600,-0.329551,1,weight_shift,0.115296,-0.003674,0.005432,-0.000722,0.089145
274,5.4800,-0.203930,1,weight_shift,0.115242,-0.002212,0.004286,-0.003932,0.062383
275,5.5000,-0.078308,1,weight_shift,0.115135,-0.001426,0.003693,-0.003123,0.044203
276,5.5200,0.047314,1,weight_shift,0.115148,0.000048,0.002217,0.002052,0.091399
277,5.5400,0.172936,1,weight_shift,0.115197,0.002439,-0.000157,0.003522,0.137243
278,5.5600,0.298558,1,weight_shift,0.115286,0.005034,-0.001468,0.003458,0.123251
279,5.5800,0.424180,1,weight_shift,0.115324,0.007137,-0.001641,0.001469,0.094246
280,5.6000,0.549801,1,weight_shift,0.115353,0.008914,-0.001703,0.001118,0.090263
281,5.6200,0.675423,1,weight_shift,0.115384,0.010783,-0.001983,0.001916,0.095628
282,5.6400,0.801045,1,weight_shift,0.115425,0.012618,-0.001870,0.002004,0.087278
283,5.6600,0.926667,1,weight_shift,0.115479,0.014014,-0.000761,0.002616,0.055176
284,5.6800,1.052289,1,weight_shift,0.115469,0.015093,0.000921,-0.000976,0.051279
285,5.7000,1.177910,1,weight_shift,0.115461,0.016053,0.002489,0.001011,0.036347
286,5.7200,1.303532,1,weight_shift,0.115461,0.016501,0.003793,-0.001498,0.016467
287,5.7400,1.429154,1,weight_shift,0.115450,0.016604,0.004809,0.000901,-0.011542
288,5.7600,1.554776,1,weight_shift,0.115445,0.016317,0.005486,-0.001801,-0.007398
289,5.7800,1.680398,1,weight_shift,0.115432,0.016021,0.005875,0.000123,-0.023757
290,5.8000,1.806020,1,weight_shift,0.115402,0.015836,0.005888,-0.002311,0.003719
291,5.8200,1.931641,1,weight_shift,0.115391,0.015593,0.005750,-0.001672,-0.010306
292,5.8400,2.057263,1,weight_shift,0.115365,0.015331,0.005419,0.000259,-0.026054
293,5.8600,2.182885,1,weight_shift,0.115348,0.014986,0.005230,-0.001702,-0.026850
294,5.8800,2.308507,1,weight_shift,0.115311,0.013843,0.004913,-0.001914,-0.070383
295,5.9000,2.434129,1,weight_shift,0.115268,0.012240,0.004251,-0.001989,-0.075159
296,5.9200,2.559750,1,weight_shift,0.115184,0.010365,0.003539,-0.006270,-0.098921
297,5.9400,2.685372,1,weight_shift,0.115071,0.007743,0.002497,-0.004244,-0.161579
298,5.9600,2.810994,1,weight_shift,0.115135,0.005195,0.001773,0.005676,-0.107729
299,5.9800,2.936616,1,weight_shift,0.115231,0.003350,0.001021,0.004104,-0.082293
300,6.0000,3.062238,1,weight_shift,0.115327,0.001494,-0.000072,0.005193,-0.102529
301,6.0200,-3.095326,1,weight_shift,0.115395,-0.000377,-0.001065,0.003287,-0.091847
302,6.0400,-2.969704,1,weight_shift,0.115462,-0.002294,-0.001471,0.003588,-0.096078
303,6.0600,-2.844082,1,weight_shift,0.115529,-0.004737,-0.001488,0.004295,-0.112339
304,6.0800,-2.718460,1,weight_shift,0.115622,-0.006393,-0.001143,0.004396,-0.070454
305,6.1000,-2.592839,1,weight_shift,0.115689,-0.007935,-0.000524,0.003163,-0.081209
306,6.1200,-2.467217,1,weight_shift,0.115753,-0.009508,0.000167,0.003298,-0.076565
307,6.1400,-2.341595,1,weight_shift,0.115812,-0.010958,0.001125,0.002614,-0.071350
308,6.1600,-2.215973,1,weight_shift,0.115853,-0.012259,0.002442,0.001963,-0.062792
309,6.1800,-2.090351,1,weight_shift,0.115890,-0.013411,0.003737,0.001700,-0.056701
310,6.2000,-1.964729,1,weight_shift,0.115915,-0.014277,0.005091,0.000989,-0.034655
311,6.2200,-1.839108,1,weight_shift,0.115936,-0.014543,0.006560,0.000431,-0.008181
312,6.2400,-1.713486,1,weight_shift,0.115934,-0.014680,0.007785,0.000634,0.000640
313,6.2600,-1.587864,1,weight_shift,0.115932,-0.014691,0.008654,-0.000891,-0.007968
314,6.2800,-1.462242,1,weight_shift,0.115920,-0.014675,0.009374,-0.001676,-0.004270
315,6.3000,-1.336620,1,weight_shift,0.115890,-0.014630,0.009917,-0.002124,0.004043
316,6.3200,-1.210999,1,weight_shift,0.115830,-0.014489,0.010158,-0.003821,0.007637
317,6.3400,-1.085377,1,weight_shift,0.115758,-0.013974,0.010227,-0.005140,0.028370
318,6.3600,-0.959755,1,weight_shift,0.115667,-0.013017,0.010105,-0.004287,0.063252
319,6.3800,-0.834133,1,weight_shift,0.115541,-0.011621,0.009465,-0.005893,0.081257
320,6.4000,-0.708511,1,weight_shift,0.115396,-0.009634,0.008652,-0.008273,0.111574
321,6.4200,-0.582889,1,weight_shift,0.115307,-0.007550,0.007924,-0.000648,0.090493
322,6.4400,-0.457268,1,weight_shift,0.115308,-0.005859,0.006830,-0.000051,0.088015
323,6.4600,-0.331646,1,weight_shift,0.115294,-0.004006,0.005266,-0.001274,0.094321
324,6.4800,-0.206024,1,weight_shift,0.115249,-0.002406,0.003880,-0.003177,0.071287
325,6.5000,-0.080402,1,weight_shift,0.115152,-0.001429,0.003232,-0.004013,0.047001
326,6.5200,0.045220,1,weight_shift,0.115151,0.000085,0.002031,0.001414,0.091420
327,6.5400,0.170841,1,weight_shift,0.115198,0.002390,-0.000136,0.001851,0.140918
328,6.5600,0.296463,1,weight_shift,0.115282,0.005023,-0.001587,0.004340,0.125170
329,6.5800,0.422085,1,weight_shift,0.115331,0.007174,-0.001830,0.001727,0.096471
330,6.6000,0.547707,1,weight_shift,0.115355,0.008941,-0.001777,0.000900,0.088405
331,6.6200,0.673329,1,weight_shift,0.115384,0.010755,-0.001945,0.001944,0.092715
332,6.6400,0.798951,1,weight_shift,0.115427,0.012576,-0.001806,0.002115,0.088041
333,6.6600,0.924572,1,weight_shift,0.115480,0.013993,-0.000652,0.002380,0.055763
334,6.6800,1.050194,1,weight_shift,0.115467,0.015066,0.001078,-0.001058,0.050760
335,6.7000,1.175816,1,weight_shift,0.115460,0.016010,0.002612,0.001326,0.035938
336,6.7200,1.301438,1,weight_shift,0.115466,0.016478,0.003856,-0.001288,0.018758
337,6.7400,1.427060,1,weight_shift,0.115452,0.016517,0.004739,-0.000722,-0.005943
338,6.7600,1.552681,1,weight_shift,0.115438,0.016316,0.005284,-0.000215,-0.014991
339,6.7800,1.678303,1,weight_shift,0.115430,0.015974,0.005596,-0.001562,-0.007438
340,6.8000,1.803925,1,weight_shift,0.115409,0.015744,0.005690,-0.001737,-0.002556
341,6.8200,1.929547,1,weight_shift,0.115384,0.015541,0.005665,-0.002449,-0.003739
342,6.8400,2.055169,1,weight_shift,0.115363,0.015215,0.005478,-0.002016,-0.010298
343,6.8600,2.180791,1,weight_shift,0.115342,0.014861,0.005405,-0.002765,-0.018646
344,6.8800,2.306412,1,weight_shift,0.115306,0.013740,0.005100,-0.001788,-0.070562
345,6.9000,2.432034,1,weight_shift,0.115270,0.012235,0.004542,-0.001996,-0.069516
346,6.9200,2.557656,1,weight_shift,0.115184,0.010186,0.003719,-0.005184,-0.118521
347,6.9400,2.683278,1,weight_shift,0.115086,0.007204,0.002479,-0.005313,-0.161959
348,6.9600,2.808900,1,weight_shift,0.115118,0.004799,0.001403,0.004670,-0.094375
349,6.9800,2.934521,1,weight_shift,0.115214,0.003111,0.000066,0.004940,-0.082543
350,7.0000,3.060143,1,weight_shift,0.115320,0.001220,-0.001385,0.005364,-0.102199
351,7.0200,-3.097420,1,weight_shift,0.115403,-0.000828,-0.002390,0.003193,-0.094250
352,7.0400,-2.971798,1,weight_shift,0.115465,-0.002702,-0.002764,0.003292,-0.093225
353,7.0600,-2.846177,1,weight_shift,0.115526,-0.005073,-0.002589,0.003905,-0.110489
354,7.0800,-2.720555,1,weight_shift,0.115611,-0.006740,-0.001869,0.004029,-0.071962
355,7.1000,-2.594933,1,weight_shift,0.115674,-0.008280,-0.000926,0.003106,-0.080246
356,7.1200,-2.469311,1,weight_shift,0.115739,-0.009809,-0.000087,0.003391,-0.073646
357,7.1400,-2.343689,1,weight_shift,0.115797,-0.011193,0.000927,0.002613,-0.067031
358,7.1600,-2.218067,1,weight_shift,0.115842,-0.012401,0.002146,0.002270,-0.057673
359,7.1800,-2.092446,1,weight_shift,0.115878,-0.013474,0.003397,0.001555,-0.052039
360,7.2000,-1.966824,1,weight_shift,0.115903,-0.014256,0.004661,0.001125,-0.030821
361,7.2200,-1.841202,1,weight_shift,0.115927,-0.014514,0.006011,0.001405,0.000421
362,7.2400,-1.715580,1,weight_shift,0.115924,-0.014621,0.007236,-0.000524,-0.008529
363,7.2600,-1.589958,1,weight_shift,0.115927,-0.014538,0.008269,-0.000740,-0.000196
364,7.2800,-1.464337,1,weight_shift,0.115914,-0.014477,0.009085,-0.001192,0.001780
365,7.3000,-1.338715,1,weight_shift,0.115883,-0.014450,0.009571,-0.000950,0.009803
366,7.3200,-1.213093,1,weight_shift,0.115829,-0.014289,0.009745,-0.003335,0.010317
367,7.3400,-1.087471,1,weight_shift,0.115754,-0.013833,0.009731,-0.003640,0.032397
368,7.3600,-0.961849,1,weight_shift,0.115663,-0.012948,0.009498,-0.004520,0.052194
369,7.3800,-0.836227,1,weight_shift,0.115551,-0.011525,0.009120,-0.006339,0.082135
370,7.4000,-0.710606,1,weight_shift,0.115405,-0.009572,0.008438,-0.007871,0.107204
371,7.4200,-0.584984,1,weight_shift,0.115321,-0.007589,0.007649,-0.000532,0.086283
372,7.4400,-0.459362,1,weight_shift,0.115309,-0.005941,0.006663,-0.001343,0.084667
373,7.4600,-0.333740,1,weight_shift,0.115292,-0.004126,0.005352,-0.000692,0.091361
374,7.4800,-0.208118,1,weight_shift,0.115250,-0.002542,0.004190,-0.003199,0.070700
375,7.5000,-0.082497,1,weight_shift,0.115151,-0.001573,0.003642,-0.004073,0.046457
376,7.5200,0.043125,1,weight_shift,0.115150,-0.000057,0.002441,0.001438,0.091500
377,7.5400,0.168747,1,weight_shift,0.115197,0.002263,0.000231,0.001869,0.141718
378,7.5600,0.294369,1,weight_shift,0.115283,0.004920,-0.001270,0.004406,0.126341
379,7.5800,0.419991,1,weight_shift,0.115332,0.007088,-0.001549,0.001736,0.097197
380,7.6000,0.545613,1,weight_shift,0.115356,0.008866,-0.001517,0.000874,0.088935
381,7.6200,0.671234,1,weight_shift,0.115384,0.010695,-0.001678,0.001791,0.093251
382,7.6400,0.796856,1,weight_shift,0.115424,0.012496,-0.001581,0.002041,0.086459
383,7.6600,0.922478,1,weight_shift,0.115482,0.013891,-0.000593,0.003118,0.056822
384,7.6800,1.048100,1,weight_shift,0.115470,0.015002,0.001031,-0.001393,0.052837
385,7.7000,1.173722,1,weight_shift,0.115467,0.015900,0.002610,0.001473,0.031552
386,7.7200,1.299343,1,weight_shift,0.115476,0.016385,0.003759,0.000885,0.012849
387,7.7400,1.424965,1,weight_shift,0.115459,0.016567,0.004602,-0.001171,0.002525
388,7.7600,1.550587,1,weight_shift,0.115442,0.016346,0.005188,-0.002010,-0.008568
389,7.7800,1.676209,1,weight_shift,0.115430,0.016026,0.005422,-0.001531,-0.007393
390,7.8000,1.801831,1,weight_shift,0.115409,0.015782,0.005535,-0.001945,-0.003803
391,7.8200,1.927453,1,weight_shift,0.115391,0.015578,0.005460,-0.002009,-0.002385
392,7.8400,2.053074,1,weight_shift,0.115363,0.015268,0.005369,-0.002367,-0.011387
393,7.8600,2.178696,1,weight_shift,0.115347,0.014785,0.005306,-0.000798,-0.036037
394,7.8800,2.304318,1,weight_shift,0.115317,0.013654,0.004955,-0.001753,-0.065324
395,7.9000,2.429940,1,weight_shift,0.115274,0.012267,0.004404,-0.002581,-0.072392
396,7.9200,2.555562,1,weight_shift,0.115182,0.010309,0.003529,-0.006051,-0.098895
397,7.9400,2.681183,1,weight_shift,0.115070,0.007809,0.002435,-0.005119,-0.149633
398,7.9600,2.806805,1,weight_shift,0.115127,0.005401,0.001865,0.006556,-0.101440
399,7.9800,2.932427,1,weight_shift,0.115241,0.003541,0.001465,0.004497,-0.087583
400,8.0000,3.058049,1,weight_shift,0.115295,0.001854,0.000998,0.002956,-0.091481
401,8.0200,-3.099515,1,weight_shift,0.115384,-0.000292,0.000150,0.004888,-0.110214
402,8.0400,-2.973893,1,weight_shift,0.115475,-0.002498,-0.001028,0.003630,-0.116792
403,8.0600,-2.848271,1,weight_shift,0.115556,-0.004718,-0.001676,0.004554,-0.096005
404,8.0800,-2.722649,1,weight_shift,0.115625,-0.006458,-0.001205,0.002971,-0.083444
405,8.1000,-2.597027,1,weight_shift,0.115679,-0.008293,-0.000432,0.002987,-0.094548
406,8.1200,-2.471405,1,weight_shift,0.115746,-0.010022,0.000119,0.003558,-0.079656
407,8.1400,-2.345784,1,weight_shift,0.115810,-0.011456,0.000921,0.002789,-0.068563
408,8.1600,-2.220162,1,weight_shift,0.115850,-0.012689,0.002269,0.001644,-0.058708
409,8.1800,-2.094540,1,weight_shift,0.115884,-0.013746,0.003708,0.001710,-0.050748
410,8.2000,-1.968918,1,weight_shift,0.115914,-0.014496,0.005179,0.001913,-0.022678
411,8.2200,-1.843296,1,weight_shift,0.115926,-0.014808,0.006650,-0.000146,-0.018374
412,8.2400,-1.717675,1,weight_shift,0.115934,-0.014954,0.007898,0.001233,0.006172
413,8.2600,-1.592053,1,weight_shift,0.115932,-0.014996,0.008865,0.000328,0.000597
414,8.2800,-1.466431,1,weight_shift,0.115923,-0.014991,0.009620,-0.000523,0.001812
415,8.3000,-1.340809,1,weight_shift,0.115895,-0.014956,0.010205,-0.001372,0.006117
416,8.3200,-1.215187,1,weight_shift,0.115846,-0.014798,0.010551,-0.001955,0.018087
417,8.3400,-1.089565,1,weight_shift,0.115767,-0.014383,0.010625,-0.004591,0.025734
418,8.3600,-0.963944,1,weight_shift,0.115670,-0.013496,0.010518,-0.006054,0.051984
419,8.3800,-0.838322,1,weight_shift,0.115544,-0.012054,0.010192,-0.006201,0.088362
420,8.4000,-0.712700,1,weight_shift,0.115398,-0.009922,0.009533,-0.007836,0.116513
421,8.4200,-0.587078,1,weight_shift,0.115314,-0.007767,0.008647,-0.000555,0.094048
422,8.4400,-0.461456,1,weight_shift,0.115317,-0.005957,0.007428,0.000105,0.096303
423,8.4600,-0.335835,1,weight_shift,0.115303,-0.004001,0.005866,-0.000907,0.096274
424,8.4800,-0.210213,1,weight_shift,0.115250,-0.002399,0.004574,-0.003456,0.070872
425,8.5000,-0.084591,1,weight_shift,0.115149,-0.001439,0.003919,-0.004105,0.045706
426,8.5200,0.041031,1,weight_shift,0.115146,0.000041,0.002581,0.001349,0.089312
427,8.5400,0.166653,2,head_bob,0.115172,0.002774,0.000863,-0.000610,0.175845
428,8.5600,0.292275,2,head_bob,0.115196,0.005788,0.000348,0.001271,0.133394
429,8.5800,0.417896,2,head_bob,0.115198,0.007698,0.000375,-0.000628,0.071714
430,8.6000,0.543518,2,head_bob,0.115158,0.008517,0.000459,-0.002483,0.034482
431,8.6200,0.669140,2,head_bob,0.115125,0.007918,0.000606,-0.001742,-0.062693
432,8.6400,0.794762,2,head_bob,0.115108,0.006090,0.000891,0.000909,-0.100575
433,8.6600,0.920384,2,head_bob,0.115211,0.004111,0.000871,0.005971,-0.103411
434,8.6800,1.046005,2,head_bob,0.115315,0.001975,0.000091,0.004501,-0.102143
435,8.7000,1.171627,2,head_bob,0.115380,0.000228,-0.000740,0.002165,-0.073353
436,8.7200,1.297249,2,head_bob,0.115399,-0.000830,-0.001020,0.000462,-0.042834
437,8.7400,1.422871,2,head_bob,0.115402,-0.001470,-0.001033,0.000024,-0.026696
438,8.7600,1.548493,2,head_bob,0.115401,-0.001881,-0.001070,-0.000081,-0.017449
439,8.7800,1.674115,2,head_bob,0.115403,-0.002175,-0.001182,0.000700,-0.015612
440,8.8000,1.799736,2,head_bob,0.115410,-0.002391,-0.001326,-0.000163,-0.005133
441,8.8200,1.925358,2,head_bob,0.115403,-0.002381,-0.001399,-0.000393,0.003223
442,8.8400,2.050980,2,head_bob,0.115396,-0.002271,-0.001451,-0.000278,0.006342
443,8.8600,2.176602,2,head_bob,0.115392,-0.002143,-0.001520,-0.000111,0.006247
444,8.8800,2.302224,2,head_bob,0.115392,-0.002041,-0.001600,0.000030,0.004120
445,8.9000,2.427845,2,head_bob,0.115400,-0.002059,-0.001515,0.000062,0.000203
446,8.9200,2.553467,2,head_bob,0.115399,-0.002014,-0.001374,-0.000054,0.002931
447,8.9400,2.679089,2,head_bob,0.115400,-0.001935,-0.001236,0.000094,0.004498
448,8.9600,2.804711,2,head_bob,0.115405,-0.001815,-0.001141,0.000367,0.006928
449,8.9800,2.930333,2,head_bob,0.115416,-0.001637,-0.001122,0.000689,0.010122
450,9.0000,3.055955,2,head_bob,0.115434,-0.001401,-0.001181,0.001007,0.012848
451,9.0200,-3.101609,2,head_bob,0.115457,-0.001124,-0.001312,0.001304,0.014441
452,9.0400,-2.975987,2,head_bob,0.115491,-0.000864,-0.001528,0.002392,0.008544
453,9.0600,-2.850365,2,head_bob,0.115528,-0.000641,-0.001805,0.001705,0.012356
454,9.0800,-2.724744,2,head_bob,0.115569,-0.000452,-0.002107,0.002202,0.007421
455,9.1000,-2.599122,2,head_bob,0.115610,-0.000307,-0.002407,0.002583,0.003243
456,9.1200,-2.473500,2,head_bob,0.115647,-0.000181,-0.002681,0.001664,0.007710
457,9.1400,-2.347878,2,head_bob,0.115687,-0.000103,-0.002924,0.001569,0.006097
458,9.1600,-2.222256,2,head_bob,0.115721,-0.000032,-0.003120,0.001315,0.006439
459,9.1800,-2.096634,2,head_bob,0.115750,0.000064,-0.003257,0.000998,0.008199
460,9.2000,-1.971013,2,head_bob,0.115777,0.000177,-0.003325,0.001494,0.004383
461,9.2200,-1.845391,2,head_bob,0.115793,0.000351,-0.003286,0.000634,0.009950
462,9.2400,-1.719769,2,head_bob,0.115806,0.000544,-0.003088,0.000920,0.006416
463,9.2600,-1.594147,2,head_bob,0.115809,0.000755,-0.002827,0.000590,0.007660
464,9.2800,-1.468525,2,head_bob,0.115812,0.000903,-0.002463,-0.000419,0.009537
465,9.3000,-1.342904,2,head_bob,0.115807,0.001041,-0.002117,-0.000144,0.003859
466,9.3200,-1.217282,2,head_bob,0.115802,0.001086,-0.001766,-0.000214,0.000079
467,9.3400,-1.091660,2,head_bob,0.115789,0.001157,-0.001426,-0.000717,0.004758
468,9.3600,-0.966038,2,head_bob,0.115783,0.001177,-0.001081,-0.000634,0.003112
469,9.3800,-0.840416,2,head_bob,0.115775,0.001185,-0.000717,-0.000753,0.002789
470,9.4000,-0.714794,2,head_bob,0.115764,0.001227,-0.000333,-0.000463,0.000224
471,9.4200,-0.589173,2,head_bob,0.115749,0.001256,0.000102,-0.000155,-0.003458
472,9.4400,-0.463551,2,head_bob,0.115731,0.001262,0.000578,-0.001124,0.001140
473,9.4600,-0.337929,2,head_bob,0.115716,0.001206,0.001053,-0.000924,-0.003641
474,9.4800,-0.212307,2,head_bob,0.115693,0.001149,0.001423,-0.001157,-0.003352
475,9.5000,-0.086685,2,head_bob,0.115671,0.001058,0.001674,-0.001038,-0.005757
476,9.5200,0.038936,2,head_bob,0.115657,0.000878,0.001834,-0.000016,-0.015085
477,9.5400,0.164558,2,head_bob,0.115644,0.000631,0.001965,-0.000824,-0.011272
478,9.5600,0.290180,2,head_bob,0.115627,0.000429,0.002069,-0.000777,-0.009630
479,9.5800,0.415802,2,head_bob,0.115614,0.000255,0.002169,-0.000617,-0.008230
480,9.6000,0.541424,2,head_bob,0.115603,0.000111,0.002279,-0.000465,-0.006654
481,9.6200,0.667046,2,head_bob,0.115596,-0.000001,0.002402,-0.000343,-0.005145
482,9.6400,0.792667,2,head_bob,0.115590,-0.000089,0.002534,-0.000264,-0.004130
483,9.6600,0.918289,2,head_bob,0.115585,-0.000165,0.002669,-0.000233,-0.003932
484,9.6800,1.043911,2,head_bob,0.115580,-0.000250,0.002796,-0.000248,-0.004705
485,9.7000,1.169533,2,head_bob,0.115574,-0.000360,0.002907,-0.000315,-0.006211
486,9.7200,1.295155,2,head_bob,0.115567,-0.000501,0.002979,-0.000391,-0.007648
487,9.7400,1.420776,2,head_bob,0.115558,-0.000669,0.003004,-0.000461,-0.008879
488,9.7600,1.546398,2,head_bob,0.115549,-0.000857,0.002988,-0.000505,-0.009593
489,9.7800,1.672020,2,head_bob,0.115538,-0.001051,0.002934,-0.000516,-0.009690
490,9.8000,1.797642,2,head_bob,0.115528,-0.001240,0.002846,-0.000477,-0.009075
491,9.8200,1.923264,2,head_bob,0.115520,-0.001405,0.002724,-0.000379,-0.007519
492,9.8400,2.048886,2,head_bob,0.115514,-0.001527,0.002568,-0.000219,-0.004852
493,9.8600,2.174507,2,head_bob,0.115513,-0.001581,0.002384,-0.000003,-0.001107
494,9.8800,2.300129,2,head_bob,0.115515,-0.001559,0.002173,0.000190,0.002597
495,9.9000,2.425751,2,head_bob,0.115519,-0.001490,0.001954,0.000204,0.003847
496,9.9200,2.551373,2,head_bob,0.115523,-0.001419,0.001762,0.000200,0.003516
497,9.9400,2.676995,2,head_bob,0.115528,-0.001357,0.001598,0.000232,0.003095
498,9.9600,2.802616,2,head_bob,0.115534,-0.001290,0.001427,0.000338,0.003828
499,9.9800,2.928238,2,head_bob,0.115542,-0.001197,0.001211,0.000459,0.005498
500,10.0000,3.053860,2,head_bob,0.115556,-0.001033,0.000927,0.000792,0.009785
501,10.0200,-3.103703,2,head_bob,0.115570,-0.000873,0.000529,0.000734,0.008026
502,10.0400,-2.978082,2,head_bob,0.115591,-0.000664,0.000016,0.000918,0.009447
503,10.0600,-2.852460,2,head_bob,0.115612,-0.000486,-0.000597,0.001097,0.009459
504,10.0800,-2.726838,2,head_bob,0.115636,-0.000292,-0.001275,0.001233,0.010652
505,10.1000,-2.601216,2,head_bob,0.115661,-0.000077,-0.001946,0.001278,0.011350
506,10.1200,-2.475594,2,head_bob,0.115687,0.000144,-0.002547,0.001280,0.011457
507,10.1400,-2.349972,2,head_bob,0.115728,0.000190,-0.002982,0.001492,0.004810
508,10.1600,-2.224351,2,head_bob,0.115749,0.000363,-0.003306,0.000920,0.010699
509,10.1800,-2.098729,2,head_bob,0.115782,0.000440,-0.003498,0.001030,0.007130
510,10.2000,-1.973107,2,head_bob,0.115797,0.000650,-0.003576,0.001295,0.007343
511,10.2200,-1.847485,2,head_bob,0.115821,0.000740,-0.003439,0.000377,0.009420
512,10.2400,-1.721863,2,head_bob,0.115824,0.000995,-0.003282,0.000756,0.008884
513,10.2600,-1.596242,2,head_bob,0.115832,0.001164,-0.002997,-0.000178,0.011181
514,10.2800,-1.470620,2,head_bob,0.115839,0.001268,-0.002677,0.000220,0.003033
515,10.3000,-1.344998,2,head_bob,0.115829,0.001402,-0.002314,-0.000704,0.007332
516,10.3200,-1.219376,2,head_bob,0.115825,0.001446,-0.001932,0.000569,-0.006554
517,10.3400,-1.093754,2,head_bob,0.115815,0.001449,-0.001526,-0.000783,0.002952
518,10.3600,-0.968132,2,head_bob,0.115798,0.001567,-0.001130,-0.000827,0.006632
519,10.3800,-0.842511,2,head_bob,0.115793,0.001564,-0.000714,0.000085,-0.004108
520,10.4000,-0.716889,2,head_bob,0.115777,0.001593,-0.000252,-0.001023,0.003302
521,10.4200,-0.591267,2,head_bob,0.115762,0.001625,0.000252,-0.000628,-0.001035
522,10.4400,-0.465645,2,head_bob,0.115746,0.001617,0.000785,-0.000251,-0.005675
523,10.4600,-0.340023,2,head_bob,0.115726,0.001569,0.001278,-0.001172,-0.002063
524,10.4800,-0.214402,2,head_bob,0.115702,0.001519,0.001654,-0.001162,-0.003624
525,10.5000,-0.088780,2,head_bob,0.115681,0.001413,0.001914,-0.001016,-0.006723
526,10.5200,0.036842,2,head_bob,0.115670,0.001169,0.002084,-0.000674,-0.013056
527,10.5400,0.162464,2,head_bob,0.115652,0.000934,0.002197,-0.000888,-0.011244
528,10.5600,0.288086,2,head_bob,0.115636,0.000723,0.002283,-0.000766,-0.010236
529,10.5800,0.413708,2,head_bob,0.115623,0.000535,0.002366,-0.000605,-0.008939
530,10.6000,0.539329,2,head_bob,0.115612,0.000378,0.002456,-0.000457,-0.007255
531,10.6200,0.664951,2,head_bob,0.115605,0.000256,0.002556,-0.000348,-0.005543
532,10.6400,0.790573,2,head_bob,0.115598,0.000163,0.002668,-0.000285,-0.004255
533,10.6600,0.916195,2,head_bob,0.115593,0.000087,0.002788,-0.000263,-0.003805
534,10.6800,1.041817,2,head_bob,0.115588,0.000007,0.002904,-0.000274,-0.004445
535,10.7000,1.167438,2,head_bob,0.115582,-0.000100,0.002999,-0.000313,-0.006089
536,10.7200,1.293060,2,head_bob,0.115575,-0.000244,0.003047,-0.000393,-0.008030
537,10.7400,1.418682,2,head_bob,0.115566,-0.000423,0.003047,-0.000467,-0.009437
538,10.7600,1.544304,2,head_bob,0.115556,-0.000623,0.003009,-0.000513,-0.010228
539,10.7800,1.669926,2,head_bob,0.115545,-0.000831,0.002936,-0.000519,-0.010380
540,10.8000,1.795548,2,head_bob,0.115536,-0.001035,0.002826,-0.000481,-0.009814
541,10.8200,1.921169,2,head_bob,0.115527,-0.001215,0.002685,-0.000388,-0.008282
542,10.8400,2.046791,2,head_bob,0.115521,-0.001352,0.002515,-0.000233,-0.005619
543,10.8600,2.172413,2,head_bob,0.115519,-0.001422,0.002318,-0.000021,-0.001853
544,10.8800,2.298035,2,head_bob,0.115521,-0.001413,0.002100,0.000177,0.001988
545,10.9000,2.423657,2,head_bob,0.115525,-0.001356,0.001880,0.000194,0.003336
546,10.9200,2.549278,2,head_bob,0.115529,-0.001293,0.001691,0.000190,0.003077
547,10.9400,2.674900,2,head_bob,0.115533,-0.001239,0.001534,0.000221,0.002682
548,10.9600,2.800522,2,head_bob,0.115539,-0.001181,0.001371,0.000327,0.003428
549,10.9800,2.926144,2,head_bob,0.115547,-0.001092,0.001166,0.000436,0.005385
550,11.0000,3.051766,2,head_bob,0.115561,-0.000920,0.000892,0.000609,0.008667
551,11.0200,-3.105798,2,head_bob,0.115576,-0.000742,0.000513,0.001165,0.012577
552,11.0400,-2.980176,2,head_bob,0.115594,-0.000554,-0.000000,0.000892,0.009002
553,11.0600,-2.854554,2,head_bob,0.115618,-0.000343,-0.000612,0.001262,0.012136
554,11.0800,-2.728932,2,head_bob,0.115641,-0.000140,-0.001306,0.001149,0.010232
555,11.1000,-2.603310,2,head_bob,0.115665,0.000060,-0.002021,0.001250,0.010749
556,11.1200,-2.477689,2,head_bob,0.115691,0.000274,-0.002671,0.001272,0.011275
557,11.1400,-2.352067,2,head_bob,0.115731,0.000352,-0.003151,0.001908,0.002382
558,11.1600,-2.226445,2,head_bob,0.115754,0.000502,-0.003479,0.000928,0.010163
559,11.1800,-2.100823,2,head_bob,0.115785,0.000605,-0.003657,0.001419,0.004511
560,11.2000,-1.975201,2,head_bob,0.115797,0.000829,-0.003719,0.000361,0.014338
561,11.2200,-1.849580,2,head_bob,0.115825,0.000916,-0.003550,0.000850,0.005481
562,11.2400,-1.723958,2,head_bob,0.115825,0.001169,-0.003361,-0.000169,0.014866
563,11.2600,-1.598336,2,head_bob,0.115836,0.001307,-0.003063,-0.000001,0.008657
564,11.2800,-1.472714,2,head_bob,0.115836,0.001460,-0.002751,0.000039,0.005482
565,11.3000,-1.347092,2,head_bob,0.115834,0.001541,-0.002408,-0.000111,0.001613
566,11.3200,-1.221470,2,head_bob,0.115821,0.001624,-0.002032,-0.000739,0.004733
567,11.3400,-1.095849,2,head_bob,0.115814,0.001626,-0.001632,-0.000692,0.002060
568,11.3600,-0.970227,2,head_bob,0.115805,0.001626,-0.001221,-0.000605,0.000736
569,11.3800,-0.844605,2,head_bob,0.115793,0.001673,-0.000803,-0.000010,-0.002339
570,11.4000,-0.718983,2,head_bob,0.115782,0.001683,-0.000343,-0.000074,-0.003368
571,11.4200,-0.593361,2,head_bob,0.115764,0.001707,0.000180,-0.001135,0.002425
572,11.4400,-0.467740,2,head_bob,0.115747,0.001709,0.000739,-0.000698,-0.002921
573,11.4600,-0.342118,2,head_bob,0.115725,0.001688,0.001244,-0.001189,-0.001332
574,11.4800,-0.216496,2,head_bob,0.115702,0.001641,0.001628,-0.001115,-0.003705
575,11.5000,-0.090874,2,head_bob,0.115689,0.001437,0.001925,-0.000949,-0.009702
576,11.5200,0.034748,2,head_bob,0.115669,0.001247,0.002113,-0.001005,-0.009831
577,11.5400,0.160370,2,head_bob,0.115650,0.001043,0.002226,-0.000855,-0.010497
578,11.5600,0.285991,2,head_bob,0.115635,0.000833,0.002301,-0.000690,-0.010471
579,11.5800,0.411613,2,head_bob,0.115623,0.000635,0.002368,-0.000539,-0.009486
580,11.6000,0.537235,2,head_bob,0.115614,0.000467,0.002443,-0.000420,-0.007776
581,11.6200,0.662857,2,head_bob,0.115607,0.000336,0.002537,-0.000338,-0.005906
582,11.6400,0.788479,2,head_bob,0.115600,0.000239,0.002652,-0.000290,-0.004461
583,11.6600,0.914100,2,head_bob,0.115595,0.000160,0.002777,-0.000272,-0.003901
584,11.6800,1.039722,2,head_bob,0.115589,0.000079,0.002899,-0.000281,-0.004477
585,11.7000,1.165344,2,head_bob,0.115583,-0.000028,0.002996,-0.000313,-0.006116
586,11.7200,1.290966,2,head_bob,0.115576,-0.000174,0.003041,-0.000393,-0.008129
587,11.7400,1.416588,2,head_bob,0.115567,-0.000356,0.003038,-0.000468,-0.009583
588,11.7600,1.542210,2,head_bob,0.115557,-0.000559,0.002996,-0.000514,-0.010379
589,11.7800,1.667831,2,head_bob,0.115547,-0.000770,0.002918,-0.000521,-0.010535
590,11.8000,1.793453,2,head_bob,0.115537,-0.000977,0.002805,-0.000484,-0.009985
591,11.8200,1.919075,2,head_bob,0.115528,-0.001161,0.002661,-0.000393,-0.008473
592,11.8400,2.044697,2,head_bob,0.115522,-0.001302,0.002488,-0.000239,-0.005830
593,11.8600,2.170319,2,head_bob,0.115520,-0.001377,0.002289,-0.000027,-0.002077
594,11.8800,2.295940,2,head_bob,0.115522,-0.001372,0.002070,0.000174,0.001802
595,11.9000,2.421562,2,head_bob,0.115526,-0.001317,0.001849,0.000193,0.003222
596,11.9200,2.547184,2,head_bob,0.115530,-0.001257,0.001662,0.000189,0.002991
597,11.9400,2.672806,2,head_bob,0.115534,-0.001205,0.001506,0.000217,0.002573
598,11.9600,2.798428,2,head_bob,0.115540,-0.001149,0.001346,0.000322,0.003271
599,11.9800,2.924050,2,head_bob,0.115548,-0.001063,0.001145,0.000433,0.005271
600,12.0000,3.049671,2,head_bob,0.115562,-0.000892,0.000874,0.000605,0.008602
601,12.0200,-3.107892,2,head_bob,0.115577,-0.000703,0.000496,0.000871,0.010614
602,12.0400,-2.982270,2,head_bob,0.115594,-0.000531,-0.000016,0.000882,0.008588
603,12.0600,-2.856649,2,head_bob,0.115618,-0.000322,-0.000622,0.001278,0.012125
604,12.0800,-2.731027,2,head_bob,0.115641,-0.000119,-0.001311,0.001154,0.010305
605,12.1000,-2.605405,2,head_bob,0.115666,0.000083,-0.002023,0.001245,0.010855
606,12.1200,-2.479783,2,head_bob,0.115691,0.000299,-0.002673,0.001262,0.011406
607,12.1400,-2.354161,2,head_bob,0.115724,0.000440,-0.003177,0.001437,0.007728
608,12.1600,-2.228539,2,head_bob,0.115755,0.000545,-0.003508,0.001046,0.008654
609,12.1800,-2.102918,2,head_bob,0.115779,0.000694,-0.003702,0.000938,0.009321
610,12.2000,-1.977296,2,head_bob,0.115798,0.000861,-0.003758,0.000472,0.012383
611,12.2200,-1.851674,2,head_bob,0.115819,0.000990,-0.003620,0.000359,0.010158
612,12.2400,-1.726052,2,head_bob,0.115826,0.001199,-0.003408,0.000077,0.011921
613,12.2600,-1.600430,2,head_bob,0.115834,0.001352,-0.003117,0.000692,0.004382
614,12.2800,-1.474809,2,head_bob,0.115831,0.001527,-0.002816,-0.000379,0.009461
615,12.3000,-1.349187,2,head_bob,0.115829,0.001611,-0.002469,-0.000517,0.004946
616,12.3200,-1.223565,2,head_bob,0.115823,0.001619,-0.002075,-0.000647,0.002085
617,12.3400,-1.097943,2,head_bob,0.115814,0.001634,-0.001680,-0.000341,-0.001391
618,12.3600,-0.972321,2,head_bob,0.115804,0.001651,-0.001272,0.000035,-0.003551
619,12.3800,-0.846699,2,head_bob,0.115791,0.001691,-0.000844,-0.000859,0.003882
620,12.4000,-0.721078,2,head_bob,0.115780,0.001719,-0.000394,-0.000754,0.001235
621,12.4200,-0.595456,2,head_bob,0.115764,0.001750,0.000111,-0.000200,-0.003781
622,12.4400,-0.469834,2,head_bob,0.115745,0.001748,0.000651,-0.001142,0.000619
623,12.4600,-0.344212,2,head_bob,0.115728,0.001698,0.001164,-0.000675,-0.005867
624,12.4800,-0.218590,2,head_bob,0.115707,0.001608,0.001575,-0.001147,-0.004824
625,12.5000,-0.092969,2,head_bob,0.115684,0.001493,0.001858,-0.001068,-0.006882
626,12.5200,0.032653,0,squat_bounce,0.115537,0.001217,0.002231,-0.012488,-0.022511
627,12.5400,0.158275,0,squat_bounce,0.115112,0.000556,0.002709,-0.027265,-0.035085
628,12.5600,0.283897,0,squat_bounce,0.114435,-0.000086,0.003100,-0.036474,-0.026382
629,12.5800,0.409519,0,squat_bounce,0.113665,-0.000434,0.003417,-0.039923,-0.013163
630,12.6000,0.535141,0,squat_bounce,0.112841,-0.000638,0.003839,-0.041888,-0.012616
631,12.6200,0.660762,0,squat_bounce,0.112051,-0.000971,0.004433,-0.038073,-0.017435
632,12.6400,0.786384,0,squat_bounce,0.111340,-0.001167,0.005059,-0.033586,-0.004793
633,12.6600,0.912006,0,squat_bounce,0.110745,-0.001117,0.005479,-0.027336,0.006056
634,12.6800,1.037628,0,squat_bounce,0.110274,-0.000911,0.005561,-0.021338,0.012104
635,12.7000,1.163250,0,squat_bounce,0.109912,-0.000660,0.005362,-0.016288,0.012313
636,12.7200,1.288871,0,squat_bounce,0.109637,-0.000474,0.005000,-0.012411,0.007083
637,12.7400,1.414493,0,squat_bounce,0.109447,-0.000533,0.004579,-0.008130,-0.007822
638,12.7600,1.540115,0,squat_bounce,0.109305,-0.000718,0.004153,-0.006771,-0.009191
639,12.7800,1.665737,0,squat_bounce,0.109167,-0.000824,0.003840,-0.006869,-0.004296
640,12.8000,1.791359,0,squat_bounce,0.109027,-0.000927,0.003611,-0.007186,-0.005835
641,12.8200,1.916981,0,squat_bounce,0.108872,-0.001014,0.003499,-0.007945,-0.003321
642,12.8400,2.042602,0,squat_bounce,0.108710,-0.001112,0.003384,-0.008275,-0.005910
643,12.8600,2.168224,0,squat_bounce,0.108541,-0.001247,0.003237,-0.008590,-0.006790
644,12.8800,2.293846,0,squat_bounce,0.108365,-0.001334,0.003144,-0.008730,-0.002332
645,12.9000,2.419468,0,squat_bounce,0.108199,-0.001351,0.002971,-0.007959,0.000094
646,12.9200,2.545090,0,squat_bounce,0.108054,-0.001319,0.002694,-0.006846,0.002673
647,12.9400,2.670712,0,squat_bounce,0.107916,-0.001207,0.002412,-0.006900,0.006307
648,12.9600,2.796333,0,squat_bounce,0.107819,-0.001162,0.002086,-0.003063,-0.000501
649,12.9800,2.921955,0,squat_bounce,0.107776,-0.001131,0.001600,-0.001867,0.002727
650,13.0000,3.047577,0,squat_bounce,0.107756,-0.001077,0.001113,-0.000627,0.002797
651,13.0200,-3.109987,0,squat_bounce,0.107789,-0.001171,0.000711,0.002363,-0.006259
652,13.0400,-2.984365,0,squat_bounce,0.107823,-0.001160,0.000086,0.001837,0.001615
653,13.0600,-2.858743,0,squat_bounce,0.107884,-0.001204,-0.000737,0.004284,-0.006738
654,13.0800,-2.733121,0,squat_bounce,0.107991,-0.001376,-0.001639,0.005126,-0.006530
655,13.1000,-2.607499,0,squat_bounce,0.108126,-0.001612,-0.002480,0.006632,-0.009795
656,13.1200,-2.481877,0,squat_bounce,0.108283,-0.001900,-0.003194,0.008205,-0.015329
657,13.1400,-2.356256,0,squat_bounce,0.108443,-0.002134,-0.003762,0.008186,-0.011598
658,13.1600,-2.230634,0,squat_bounce,0.108612,-0.002306,-0.004171,0.008334,-0.005692
659,13.1800,-2.105012,0,squat_bounce,0.108760,-0.002433,-0.004406,0.006828,-0.006225
660,13.2000,-1.979390,0,squat_bounce,0.108868,-0.002453,-0.004456,0.004749,0.001174
661,13.2200,-1.853768,0,squat_bounce,0.108945,-0.002326,-0.004424,0.002904,0.007275
662,13.2400,-1.728147,0,squat_bounce,0.108987,-0.002118,-0.004485,0.001409,0.007668
663,13.2600,-1.602525,0,squat_bounce,0.108994,-0.002033,-0.004537,-0.000189,0.004272
664,13.2800,-1.476903,0,squat_bounce,0.108979,-0.001901,-0.004385,-0.001133,0.005053
665,13.3000,-1.351281,0,squat_bounce,0.108942,-0.001693,-0.003948,-0.001807,0.018438
666,13.3200,-1.225659,0,squat_bounce,0.108889,-0.001175,-0.003468,-0.003465,0.023521
667,13.3400,-1.100037,0,squat_bounce,0.108795,-0.000715,-0.002863,-0.005279,0.023324
668,13.3600,-0.974416,0,squat_bounce,0.108675,-0.000231,-0.002246,-0.006246,0.024521
669,13.3800,-0.848794,0,squat_bounce,0.108548,0.000300,-0.001873,-0.006204,0.025987
670,13.4000,-0.723172,0,squat_bounce,0.108418,0.000706,-0.001435,-0.006677,0.018014
671,13.4200,-0.597550,0,squat_bounce,0.108284,0.001005,-0.000851,-0.006525,0.012821
672,13.4400,-0.471928,0,squat_bounce,0.108165,0.001187,-0.000332,-0.005479,0.006820
673,13.4600,-0.346307,0,squat_bounce,0.108074,0.001257,0.000026,-0.003909,0.001556
674,13.4800,-0.220685,0,squat_bounce,0.108018,0.001227,0.000186,-0.002018,-0.003216
675,13.5000,-0.095063,0,squat_bounce,0.107999,0.001157,0.000121,-0.000490,-0.002026
676,13.5200,0.030559,0,squat_bounce,0.107997,0.001125,-0.000123,0.000168,-0.002217
677,13.5400,0.156181,0,squat_bounce,0.108015,0.001039,-0.000621,0.001288,-0.005946
678,13.5600,0.281803,0,squat_bounce,0.108058,0.000862,-0.001398,0.002612,-0.010547
679,13.5800,0.407424,0,squat_bounce,0.108133,0.000713,-0.002212,0.004242,-0.012534
680,13.6000,0.533046,0,squat_bounce,0.108225,0.000447,-0.002652,0.004726,-0.012876
681,13.6200,0.658668,0,squat_bounce,0.108326,0.000204,-0.002887,0.005174,-0.011794
682,13.6400,0.784290,0,squat_bounce,0.108433,-0.000029,-0.003164,0.005463,-0.011679
683,13.6600,0.909912,0,squat_bounce,0.108547,-0.000202,-0.003624,0.005751,-0.011618
684,13.6800,1.035533,0,squat_bounce,0.108649,-0.000483,-0.003866,0.004571,-0.014646
685,13.7000,1.161155,0,squat_bounce,0.108723,-0.000799,-0.003915,0.003182,-0.016694
686,13.7200,1.286777,0,squat_bounce,0.108775,-0.001110,-0.004073,0.002167,-0.019236
687,13.7400,1.412399,0,squat_bounce,0.108816,-0.001338,-0.004029,0.002048,-0.002884
688,13.7600,1.538021,0,squat_bounce,0.108815,-0.001557,-0.003846,-0.000761,-0.015230
689,13.7800,1.663643,0,squat_bounce,0.108803,-0.001695,-0.003448,-0.001451,-0.015453
690,13.8000,1.789264,0,squat_bounce,0.108763,-0.002013,-0.002732,-0.002097,-0.014029
691,13.8200,1.914886,0,squat_bounce,0.108681,-0.002346,-0.001924,-0.004759,-0.023015
692,13.8400,2.040508,0,squat_bounce,0.108578,-0.002807,-0.000977,-0.006143,-0.025291
693,13.8600,2.166130,0,squat_bounce,0.108450,-0.003163,-0.000153,-0.006567,-0.023974
694,13.8800,2.291752,0,squat_bounce,0.108321,-0.003481,0.000608,-0.006822,-0.013966
695,13.9000,2.417373,0,squat_bounce,0.108168,-0.003614,0.001358,-0.008427,-0.002157
696,13.9200,2.542995,0,squat_bounce,0.108017,-0.003319,0.002055,-0.005971,0.017204
697,13.9400,2.668617,0,squat_bounce,0.107920,-0.003018,0.002341,-0.004233,0.015348
698,13.9600,2.794239,0,squat_bounce,0.107828,-0.002646,0.002435,-0.004168,0.018902
699,13.9800,2.919861,0,squat_bounce,0.107774,-0.002306,0.002376,-0.001795,0.015630
700,14.0000,3.045483,0,squat_bounce,0.107745,-0.001879,0.002073,-0.000326,0.013976
701,14.0200,-3.112081,0,squat_bounce,0.107759,-0.001737,0.001505,0.001184,0.004362
702,14.0400,-2.986459,0,squat_bounce,0.107800,-0.001719,0.000574,0.002503,-0.000378
703,14.0600,-2.860837,0,squat_bounce,0.107869,-0.001792,-0.000546,0.003881,-0.005179
704,14.0800,-2.735215,0,squat_bounce,0.107966,-0.001965,-0.001631,0.005337,-0.010204
705,14.1000,-2.609594,0,squat_bounce,0.108110,-0.002110,-0.002653,0.008244,-0.007820
706,14.1200,-2.483972,0,squat_bounce,0.108287,-0.002376,-0.003506,0.008900,-0.014314
707,14.1400,-2.358350,0,squat_bounce,0.108458,-0.002502,-0.004091,0.009583,-0.001575
708,14.1600,-2.232728,0,squat_bounce,0.108633,-0.002517,-0.004454,0.007948,-0.002261
709,14.1800,-2.107106,0,squat_bounce,0.108783,-0.002608,-0.004578,0.007062,-0.004777
710,14.2000,-1.981485,0,squat_bounce,0.108906,-0.002418,-0.004575,0.004388,0.013951
711,14.2200,-1.855863,0,squat_bounce,0.108980,-0.002246,-0.004422,0.002832,0.008044
712,14.2400,-1.730241,0,squat_bounce,0.109021,-0.001977,-0.004253,0.001363,0.014285
713,14.2600,-1.604619,0,squat_bounce,0.109023,-0.001771,-0.004254,-0.000319,0.007268
714,14.2800,-1.478997,0,squat_bounce,0.109003,-0.001679,-0.004093,-0.001456,0.005680
715,14.3000,-1.353376,0,squat_bounce,0.108962,-0.001432,-0.003756,-0.001912,0.020824
716,14.3200,-1.227754,0,squat_bounce,0.108909,-0.000851,-0.003422,-0.003486,0.025136
717,14.3400,-1.102132,0,squat_bounce,0.108816,-0.000347,-0.002877,-0.005193,0.025617
718,14.3600,-0.976510,0,squat_bounce,0.108699,0.000183,-0.002289,-0.006112,0.026630
719,14.3800,-0.850888,0,squat_bounce,0.108570,0.000704,-0.001826,-0.006535,0.025232
720,14.4000,-0.725266,0,squat_bounce,0.108438,0.001162,-0.001476,-0.006604,0.021007
721,14.4200,-0.599645,0,squat_bounce,0.108309,0.001510,-0.001182,-0.006217,0.014885
722,14.4400,-0.474023,0,squat_bounce,0.108195,0.001720,-0.000910,-0.005301,0.007571
723,14.4600,-0.348401,0,squat_bounce,0.108106,0.001778,-0.000675,-0.003889,0.000042
724,14.4800,-0.222779,0,squat_bounce,0.108050,0.001695,-0.000520,-0.002087,-0.006526
725,14.5000,-0.097157,0,squat_bounce,0.108029,0.001533,-0.000529,-0.000503,-0.007653
726,14.5200,0.028465,0,squat_bounce,0.108027,0.001388,-0.000723,0.000113,-0.007577
727,14.5400,0.154086,0,squat_bounce,0.108043,0.001205,-0.001147,0.001188,-0.010170
728,14.5600,0.279708,0,squat_bounce,0.108084,0.000972,-0.001821,0.002506,-0.012062
729,14.5800,0.405330,0,squat_bounce,0.108150,0.000717,-0.002531,0.003720,-0.012721
730,14.6000,0.530952,0,squat_bounce,0.108238,0.000459,-0.003130,0.004677,-0.012712
731,14.6200,0.656574,0,squat_bounce,0.108340,0.000205,-0.003609,0.005298,-0.012520
732,14.6400,0.782195,0,squat_bounce,0.108453,0.000020,-0.004123,0.005902,-0.008700
733,14.6600,0.907817,0,squat_bounce,0.108566,-0.000247,-0.004400,0.005305,-0.014164
734,14.6800,1.033439,0,squat_bounce,0.108659,-0.000545,-0.004411,0.004257,-0.015370
735,14.7000,1.159061,0,squat_bounce,0.108731,-0.000876,-0.004390,0.003119,-0.017507
736,14.7200,1.284683,0,squat_bounce,0.108784,-0.001198,-0.004491,0.002106,-0.020674
737,14.7400,1.410305,0,squat_bounce,0.108816,-0.001506,-0.004372,0.001876,-0.005980
738,14.7600,1.535926,0,squat_bounce,0.108824,-0.001639,-0.004121,-0.000585,-0.011919
739,14.7800,1.661548,0,squat_bounce,0.108810,-0.001804,-0.003693,-0.000447,-0.008299
740,14.8000,1.787170,0,squat_bounce,0.108769,-0.002111,-0.002936,-0.002224,-0.014963
741,14.8200,1.912792,0,squat_bounce,0.108689,-0.002441,-0.002101,-0.003943,-0.015508
742,14.8400,2.038414,0,squat_bounce,0.108587,-0.002889,-0.001148,-0.005062,-0.021460
743,14.8600,2.164035,0,squat_bounce,0.108456,-0.003254,-0.000307,-0.006233,-0.015216
744,14.8800,2.289657,0,squat_bounce,0.108319,-0.003657,0.000438,-0.006874,-0.018918
745,14.9000,2.415279,0,squat_bounce,0.108181,-0.003812,0.001132,-0.007699,-0.002468
746,14.9200,2.540901,0,squat_bounce,0.108017,-0.003554,0.001816,-0.005898,0.015085
747,14.9400,2.666523,0,squat_bounce,0.107914,-0.003256,0.002112,-0.005229,0.016798
748,14.9600,2.792144,0,squat_bounce,0.107818,-0.002885,0.002222,-0.004185,0.018446
749,14.9800,2.917766,0,squat_bounce,0.107752,-0.002416,0.002165,-0.002638,0.027266
750,15.0000,3.043388,0,squat_bounce,0.107737,-0.002084,0.001856,-0.000034,0.011619
751,15.0200,-3.114175,0,squat_bounce,0.107753,-0.001953,0.001300,0.001264,0.004708
752,15.0400,-2.988554,0,squat_bounce,0.107795,-0.001917,0.000409,0.002505,0.000766
753,15.0600,-2.862932,0,squat_bounce,0.107864,-0.001967,-0.000644,0.003857,-0.004007
754,15.0800,-2.737310,0,squat_bounce,0.107960,-0.002115,-0.001654,0.005315,-0.008819
755,15.1000,-2.611688,0,squat_bounce,0.108098,-0.002231,-0.002607,0.007574,-0.004202
756,15.1200,-2.486066,0,squat_bounce,0.108274,-0.002476,-0.003423,0.009087,-0.014028
757,15.1400,-2.360444,0,squat_bounce,0.108451,-0.002618,-0.004016,0.007773,-0.002507
758,15.1600,-2.234823,0,squat_bounce,0.108625,-0.002596,-0.004393,0.008607,-0.001977
759,15.1800,-2.109201,0,squat_bounce,0.108780,-0.002671,-0.004563,0.007186,-0.003863
760,15.2000,-1.983579,0,squat_bounce,0.108909,-0.002531,-0.004576,0.005105,0.014907
761,15.2200,-1.857957,0,squat_bounce,0.108974,-0.002250,-0.004442,0.002812,0.010710
762,15.2400,-1.732335,0,squat_bounce,0.109018,-0.001970,-0.004259,0.001509,0.014020
763,15.2600,-1.606714,0,squat_bounce,0.109020,-0.001784,-0.004230,-0.000440,0.011242
764,15.2800,-1.481092,0,squat_bounce,0.109001,-0.001680,-0.004086,-0.001381,0.005487
765,15.3000,-1.355470,0,squat_bounce,0.108963,-0.001415,-0.003742,-0.002296,0.018578
766,15.3200,-1.229848,0,squat_bounce,0.108905,-0.000876,-0.003426,-0.003389,0.026291
767,15.3400,-1.104226,0,squat_bounce,0.108813,-0.000366,-0.002925,-0.005190,0.025629
768,15.3600,-0.978604,0,squat_bounce,0.108695,0.000167,-0.002320,-0.006165,0.026846
769,15.3800,-0.852983,0,squat_bounce,0.108566,0.000697,-0.001824,-0.006567,0.025742
770,15.4000,-0.727361,0,squat_bounce,0.108433,0.001168,-0.001449,-0.006598,0.021656
771,15.4200,-0.601739,0,squat_bounce,0.108305,0.001530,-0.001141,-0.006188,0.015579
772,15.4400,-0.476117,0,squat_bounce,0.108191,0.001754,-0.000861,-0.005266,0.008238
773,15.4600,-0.350495,0,squat_bounce,0.108103,0.001825,-0.000624,-0.003857,0.000614
774,15.4800,-0.224874,0,squat_bounce,0.108047,0.001749,-0.000472,-0.002062,-0.006412
775,15.5000,-0.099252,0,squat_bounce,0.108027,0.001585,-0.000489,-0.000491,-0.007713
776,15.5200,0.026370,0,squat_bounce,0.108025,0.001439,-0.000696,0.000109,-0.007598
777,15.5400,0.151992,0,squat_bounce,0.108040,0.001255,-0.001127,0.001180,-0.010201
778,15.5600,0.277614,0,squat_bounce,0.108081,0.001020,-0.001807,0.002501,-0.012108
779,15.5800,0.403236,0,squat_bounce,0.108148,0.000762,-0.002524,0.003719,-0.012792
780,15.6000,0.528857,0,squat_bounce,0.108235,0.000502,-0.003130,0.004680,-0.012821
781,15.6200,0.654479,0,squat_bounce,0.108338,0.000244,-0.003616,0.005306,-0.012654
782,15.6400,0.780101,0,squat_bounce,0.108449,0.000036,-0.004105,0.005711,-0.003135
783,15.6600,0.905723,0,squat_bounce,0.108563,-0.000211,-0.004454,0.005404,-0.014407
784,15.6800,1.031345,0,squat_bounce,0.108657,-0.000522,-0.004494,0.004263,-0.016049
785,15.7000,1.156966,0,squat_bounce,0.108728,-0.000866,-0.004455,0.003083,-0.018126
786,15.7200,1.282588,0,squat_bounce,0.108780,-0.001199,-0.004527,0.002090,-0.021154
787,15.7400,1.408210,0,squat_bounce,0.108813,-0.001514,-0.004392,0.001892,-0.006310
788,15.7600,1.533832,0,squat_bounce,0.108817,-0.001708,-0.004167,0.000107,-0.006834
789,15.7800,1.659454,0,squat_bounce,0.108802,-0.001819,-0.003717,-0.001556,-0.015598
790,15.8000,1.785076,0,squat_bounce,0.108764,-0.002125,-0.002971,-0.001992,-0.013379
791,15.8200,1.910697,0,squat_bounce,0.108682,-0.002443,-0.002146,-0.004664,-0.018111
792,15.8400,2.036319,0,squat_bounce,0.108582,-0.002865,-0.001198,-0.006003,-0.024343
793,15.8600,2.161941,0,squat_bounce,0.108455,-0.003184,-0.000367,-0.006487,-0.013772
794,15.8800,2.287563,0,squat_bounce,0.108316,-0.003572,0.000388,-0.006900,-0.018771
795,15.9000,2.413185,0,squat_bounce,0.108172,-0.003804,0.001099,-0.007844,-0.006298
796,15.9200,2.538806,0,squat_bounce,0.108018,-0.003501,0.001781,-0.006887,0.014867
797,15.9400,2.664428,0,squat_bounce,0.107910,-0.003238,0.002123,-0.005238,0.014592
798,15.9600,2.790050,0,squat_bounce,0.107815,-0.002909,0.002243,-0.004095,0.016519
799,15.9800,2.915672,0,squat_bounce,0.107763,-0.002603,0.002159,-0.001653,0.014375
800,16.0000,3.041294,0,squat_bounce,0.107737,-0.002184,0.001835,-0.000228,0.014270
801,16.0200,-3.116270,0,squat_bounce,0.107752,-0.002026,0.001271,0.001226,0.005457
802,16.0400,-2.990648,0,squat_bounce,0.107794,-0.001982,0.000360,0.002506,0.001197
803,16.0600,-2.865026,0,squat_bounce,0.107863,-0.002025,-0.000731,0.003869,-0.003467
804,16.0800,-2.739404,0,squat_bounce,0.107960,-0.002163,-0.001775,0.005318,-0.008272
805,16.1000,-2.613782,0,squat_bounce,0.108104,-0.002239,-0.002754,0.007867,-0.007823
806,16.1200,-2.488161,0,squat_bounce,0.108279,-0.002484,-0.003551,0.008874,-0.012637
807,16.1400,-2.362539,0,squat_bounce,0.108450,-0.002522,-0.004114,0.008270,0.001015
808,16.1600,-2.236917,0,squat_bounce,0.108624,-0.002586,-0.004446,0.009036,-0.000575
809,16.1800,-2.111295,0,squat_bounce,0.108784,-0.002615,-0.004592,0.007846,0.003494
810,16.2000,-1.985673,0,squat_bounce,0.108899,-0.002445,-0.004579,0.005917,0.010704
811,16.2200,-1.860052,0,squat_bounce,0.108985,-0.002300,-0.004460,0.003240,0.007248
812,16.2400,-1.734430,0,squat_bounce,0.109026,-0.002046,-0.004269,0.001907,0.018123
813,16.2600,-1.608808,0,squat_bounce,0.109028,-0.001814,-0.004189,-0.000553,0.008636
814,16.2800,-1.483186,0,squat_bounce,0.109009,-0.001612,-0.004099,-0.001258,0.008364
815,16.3000,-1.357564,0,squat_bounce,0.108967,-0.001377,-0.003793,-0.002613,0.014507
816,16.3200,-1.231942,0,squat_bounce,0.108913,-0.000832,-0.003406,-0.003625,0.027825
817,16.3400,-1.106321,0,squat_bounce,0.108827,-0.000244,-0.003089,-0.004775,0.026144
818,16.3600,-0.980699,0,squat_bounce,0.108714,0.000272,-0.002528,-0.006109,0.025473
819,16.3800,-0.855077,0,squat_bounce,0.108582,0.000772,-0.001922,-0.006718,0.024089
820,16.4000,-0.729455,0,squat_bounce,0.108446,0.001212,-0.001431,-0.006749,0.020129
821,16.4200,-0.603833,0,squat_bounce,0.108315,0.001547,-0.001053,-0.006296,0.014198
822,16.4400,-0.478212,0,squat_bounce,0.108200,0.001747,-0.000746,-0.005349,0.007164
823,16.4600,-0.352590,0,squat_bounce,0.108109,0.001801,-0.000503,-0.003938,-0.000114
824,16.4800,-0.226968,0,squat_bounce,0.108052,0.001719,-0.000353,-0.002148,-0.006458
825,16.5000,-0.101346,0,squat_bounce,0.108031,0.001557,-0.000374,-0.000534,-0.007757
826,16.5200,0.024276,0,squat_bounce,0.108028,0.001411,-0.000582,0.000080,-0.007506
827,16.5400,0.149898,1,weight_shift,0.108229,0.001083,-0.001493,0.018706,-0.019417
828,16.5600,0.275519,1,weight_shift,0.108790,0.000223,-0.003091,0.034609,-0.054504
829,16.5800,0.401141,1,weight_shift,0.109714,-0.000523,-0.004508,0.050424,-0.030724
830,16.6000,0.526763,1,weight_shift,0.110768,-0.000297,-0.005565,0.052604,0.042486
831,16.6200,0.652385,1,weight_shift,0.111752,0.001403,-0.005602,0.046375,0.107694
832,16.6400,0.778007,1,weight_shift,0.112593,0.004053,-0.005078,0.039478,0.144337
833,16.6600,0.903628,1,weight_shift,0.113276,0.007352,-0.004724,0.030796,0.180291
834,16.6800,1.029250,1,weight_shift,0.113803,0.011130,-0.004470,0.024169,0.189202
835,16.7000,1.154872,1,weight_shift,0.114221,0.014637,-0.003962,0.019999,0.156362
836,16.7200,1.280494,1,weight_shift,0.114539,0.017221,-0.002890,0.013045,0.116531
837,16.7400,1.406116,1,weight_shift,0.114744,0.019151,-0.001696,0.009294,0.082224
838,16.7600,1.531738,1,weight_shift,0.114915,0.020059,-0.000339,0.006566,0.032288
839,16.7800,1.657359,1,weight_shift,0.114999,0.020340,0.000915,0.003845,-0.000131
840,16.8000,1.782981,1,weight_shift,0.115098,0.019564,0.002030,0.004388,-0.052275
841,16.8200,1.908603,1,weight_shift,0.115145,0.018694,0.002761,0.002901,-0.049727
842,16.8400,2.034225,1,weight_shift,0.115194,0.017595,0.003268,0.002007,-0.053350
843,16.8600,2.159847,1,weight_shift,0.115251,0.016377,0.003651,0.002968,-0.071197
844,16.8800,2.285468,1,weight_shift,0.115286,0.015038,0.003680,0.002035,-0.082525
845,16.9000,2.411090,1,weight_shift,0.115297,0.013278,0.003416,0.000151,-0.098905
846,16.9200,2.536712,1,weight_shift,0.115271,0.010799,0.002955,-0.002206,-0.135908
847,16.9400,2.662334,1,weight_shift,0.115204,0.007793,0.002451,-0.004152,-0.169155
848,16.9600,2.787956,1,weight_shift,0.115264,0.004960,0.001703,0.006376,-0.122385
849,16.9800,2.913578,1,weight_shift,0.115387,0.002790,0.000168,0.005146,-0.096912
850,17.0000,3.039199,1,weight_shift,0.115466,0.001192,-0.001690,0.002878,-0.067212
851,17.0200,-3.118364,1,weight_shift,0.115531,-0.000359,-0.002904,0.003898,-0.087740
852,17.0400,-2.992742,1,weight_shift,0.115600,-0.002325,-0.003545,0.002388,-0.108217
853,17.0600,-2.867120,1,weight_shift,0.115661,-0.004489,-0.003705,0.003828,-0.097957
854,17.0800,-2.741499,1,weight_shift,0.115734,-0.006387,-0.003259,0.003289,-0.097954
855,17.1000,-2.615877,1,weight_shift,0.115789,-0.008391,-0.002374,0.002750,-0.099718
856,17.1200,-2.490255,1,weight_shift,0.115849,-0.010149,-0.001380,0.003154,-0.081054
857,17.1400,-2.364633,1,weight_shift,0.115899,-0.011585,-0.000123,0.002136,-0.068314
858,17.1600,-2.239011,1,weight_shift,0.115937,-0.012778,0.001274,0.001990,-0.057346
859,17.1800,-2.113390,1,weight_shift,0.115967,-0.013854,0.002628,0.001281,-0.053400
860,17.2000,-1.987768,1,weight_shift,0.115985,-0.014756,0.003982,0.000679,-0.039079
861,17.2200,-1.862146,1,weight_shift,0.115992,-0.015215,0.005282,0.000207,-0.015375
862,17.2400,-1.736524,1,weight_shift,0.115997,-0.015219,0.006598,0.001022,0.012752
863,17.2600,-1.610902,1,weight_shift,0.116003,-0.014852,0.007768,-0.001038,0.009694
864,17.2800,-1.485280,1,weight_shift,0.115981,-0.014723,0.008730,-0.000477,0.011253
865,17.3000,-1.359659,1,weight_shift,0.115946,-0.014585,0.009432,-0.001428,0.012063
866,17.3200,-1.234037,1,weight_shift,0.115880,-0.014429,0.009789,-0.002730,0.014387
867,17.3400,-1.108415,1,weight_shift,0.115805,-0.013889,0.009952,-0.005517,0.027702
868,17.3600,-0.982793,1,weight_shift,0.115699,-0.013068,0.009819,-0.004109,0.058517
869,17.3800,-0.857171,1,weight_shift,0.115590,-0.011572,0.009365,-0.007407,0.077709
870,17.4000,-0.731550,1,weight_shift,0.115437,-0.009673,0.008711,-0.008218,0.106530
871,17.4200,-0.605928,1,weight_shift,0.115346,-0.007657,0.008022,-0.001040,0.089364
872,17.4400,-0.480306,1,weight_shift,0.115337,-0.005961,0.006994,-0.000502,0.088400
873,17.4600,-0.354684,1,weight_shift,0.115317,-0.004106,0.005504,-0.001490,0.094074
874,17.4800,-0.229062,1,weight_shift,0.115270,-0.002516,0.004157,-0.003235,0.070774
875,17.5000,-0.103441,1,weight_shift,0.115169,-0.001575,0.003500,-0.004387,0.043740
876,17.5200,0.022181,1,weight_shift,0.115165,-0.000164,0.002253,0.000892,0.084983
877,17.5400,0.147803,1,weight_shift,0.115198,0.002015,0.000040,0.001218,0.135506
878,17.5600,0.273425,1,weight_shift,0.115274,0.004598,-0.001485,0.003865,0.125193
879,17.5800,0.399047,1,weight_shift,0.115325,0.006804,-0.001769,0.001999,0.100813
880,17.6000,0.524669,1,weight_shift,0.115353,0.008611,-0.001543,0.000944,0.087318
881,17.6200,0.650290,1,weight_shift,0.115375,0.010409,-0.001565,0.001553,0.091658
882,17.6400,0.775912,1,weight_shift,0.115414,0.012214,-0.001562,0.002083,0.088047
883,17.6600,0.901534,1,weight_shift,0.115467,0.013731,-0.000833,0.003585,0.061562
884,17.6800,1.027156,1,weight_shift,0.115484,0.014799,0.000737,-0.001515,0.049827
885,17.7000,1.152778,1,weight_shift,0.115452,0.015813,0.002294,-0.001045,0.046518
886,17.7200,1.278400,1,weight_shift,0.115463,0.016467,0.003406,0.002041,0.017225
887,17.7400,1.404021,1,weight_shift,0.115474,0.016522,0.004319,-0.001152,-0.000724
888,17.7600,1.529643,1,weight_shift,0.115434,0.016501,0.004979,-0.000731,-0.012297
889,17.7800,1.655265,1,weight_shift,0.115431,0.016145,0.005288,-0.001299,-0.009046
890,17.8000,1.780887,1,weight_shift,0.115411,0.015888,0.005467,-0.001912,-0.004223
891,17.8200,1.906509,1,weight_shift,0.115394,0.015689,0.005439,-0.001971,-0.001925
892,17.8400,2.032130,1,weight_shift,0.115367,0.015403,0.005376,-0.002296,-0.009841
893,17.8600,2.157752,1,weight_shift,0.115354,0.014957,0.005333,-0.000369,-0.035377
894,17.8800,2.283374,1,weight_shift,0.115315,0.014124,0.004939,-0.001250,-0.055642
895,17.9000,2.408996,1,weight_shift,0.115282,0.012841,0.004641,-0.003021,-0.081244
896,17.9200,2.534618,1,weight_shift,0.115198,0.010756,0.004136,-0.004659,-0.115260
897,17.9400,2.660239,1,weight_shift,0.115111,0.008049,0.003271,-0.003810,-0.139770
898,17.9600,2.785861,1,weight_shift,0.115102,0.005438,0.002425,0.003069,-0.112606
899,17.9800,2.911483,1,weight_shift,0.115193,0.003472,0.000724,0.004510,-0.090706
900,18.0000,3.037105,1,weight_shift,0.115296,0.001568,-0.001336,0.005763,-0.097470
901,18.0200,-3.120459,1,weight_shift,0.115381,-0.000298,-0.002762,0.003303,-0.087734
902,18.0400,-2.994837,1,weight_shift,0.115443,-0.002158,-0.003212,0.003252,-0.094977
903,18.0600,-2.869215,1,weight_shift,0.115505,-0.004474,-0.003094,0.002964,-0.130369
904,18.0800,-2.743593,1,weight_shift,0.115591,-0.006250,-0.002642,0.004463,-0.071833
905,18.1000,-2.617971,1,weight_shift,0.115663,-0.007704,-0.001953,0.003235,-0.078468
906,18.1200,-2.492349,1,weight_shift,0.115727,-0.009263,-0.001231,0.003309,-0.076723
907,18.1400,-2.366728,1,weight_shift,0.115791,-0.010717,-0.000407,0.003040,-0.071660
908,18.1600,-2.241106,1,weight_shift,0.115839,-0.012068,0.000810,0.001989,-0.065855
909,18.1800,-2.115484,1,weight_shift,0.115871,-0.013252,0.002225,0.001701,-0.056476
910,18.2000,-1.989862,1,weight_shift,0.115901,-0.014190,0.003505,0.001323,-0.039646
911,18.2200,-1.864240,1,weight_shift,0.115919,-0.014711,0.004830,0.000636,-0.019822
912,18.2400,-1.738619,1,weight_shift,0.115936,-0.014772,0.006271,0.001339,0.010841
913,18.2600,-1.612997,1,weight_shift,0.115935,-0.014650,0.007579,-0.000483,0.002132
914,18.2800,-1.487375,1,weight_shift,0.115922,-0.014596,0.008708,-0.001276,0.001118
915,18.3000,-1.361753,1,weight_shift,0.115891,-0.014587,0.009513,-0.000903,0.008631
916,18.3200,-1.236131,1,weight_shift,0.115846,-0.014414,0.009965,-0.001842,0.017258
917,18.3400,-1.110509,1,weight_shift,0.115769,-0.014077,0.010039,-0.003283,0.026310
918,18.3600,-0.984888,1,weight_shift,0.115679,-0.013215,0.009928,-0.006452,0.045891
919,18.3800,-0.859266,1,weight_shift,0.115565,-0.011934,0.009481,-0.005339,0.079204
920,18.4000,-0.733644,1,weight_shift,0.115429,-0.010003,0.008854,-0.007642,0.105773
921,18.4200,-0.608022,1,weight_shift,0.115306,-0.007845,0.008145,-0.002377,0.095339
922,18.4400,-0.482400,1,weight_shift,0.115301,-0.006169,0.007210,-0.000628,0.084074
923,18.4600,-0.356779,1,weight_shift,0.115291,-0.004371,0.005851,-0.000850,0.093133
924,18.4800,-0.231157,1,weight_shift,0.115260,-0.002710,0.004531,-0.002668,0.075430
925,18.5000,-0.105535,1,weight_shift,0.115186,-0.001485,0.003751,-0.002356,0.067078
926,18.5200,0.020087,1,weight_shift,0.115171,0.000066,0.002709,0.000067,0.085789
927,18.5400,0.145709,1,weight_shift,0.115192,0.002205,0.000765,0.000731,0.131246
928,18.5600,0.271331,1,weight_shift,0.115260,0.004685,-0.000846,0.003803,0.120566
929,18.5800,0.396952,1,weight_shift,0.115322,0.006886,-0.001330,0.002625,0.103342
930,18.6000,0.522574,1,weight_shift,0.115357,0.008755,-0.001103,0.000912,0.089651
931,18.6200,0.648196,1,weight_shift,0.115367,0.010523,-0.000847,0.000810,0.086450
932,18.6400,0.773818,1,weight_shift,0.115396,0.012150,-0.000751,0.001850,0.077943
933,18.6600,0.899440,1,weight_shift,0.115453,0.013487,-0.000392,0.003918,0.054545
934,18.6800,1.025061,1,weight_shift,0.115488,0.014507,0.000521,-0.000158,0.053448
935,18.7000,1.150683,1,weight_shift,0.115469,0.015647,0.001640,-0.000994,0.053521
936,18.7200,1.276305,1,weight_shift,0.115471,0.016275,0.002852,-0.001057,0.020891
937,18.7400,1.401927,1,weight_shift,0.115441,0.016619,0.003840,-0.001209,0.013856
938,18.7600,1.527549,1,weight_shift,0.115462,0.016365,0.004669,0.001102,-0.023030
939,18.7800,1.653171,1,weight_shift,0.115437,0.016172,0.005150,-0.000683,-0.012734
940,18.8000,1.778792,1,weight_shift,0.115418,0.015868,0.005431,-0.001904,-0.006302
941,18.8200,1.904414,1,weight_shift,0.115399,0.015658,0.005386,-0.002054,-0.001408
942,18.8400,2.030036,1,weight_shift,0.115369,0.015387,0.005305,-0.002736,-0.009671
943,18.8600,2.155658,1,weight_shift,0.115351,0.014864,0.005175,-0.000195,-0.037217
944,18.8800,2.281280,1,weight_shift,0.115320,0.014127,0.004860,-0.001323,-0.051930
945,18.9000,2.406901,1,weight_shift,0.115281,0.012754,0.004511,-0.002846,-0.081973
946,18.9200,2.532523,1,weight_shift,0.115205,0.010805,0.004077,-0.004467,-0.105847
947,18.9400,2.658145,1,weight_shift,0.115105,0.008031,0.003221,-0.005085,-0.157271
948,18.9600,2.783767,1,weight_shift,0.115106,0.005408,0.002223,0.003439,-0.108987
949,18.9800,2.909389,1,weight_shift,0.115197,0.003508,0.000514,0.004417,-0.088872
950,19.0000,3.035011,1,weight_shift,0.115297,0.001626,-0.001465,0.005617,-0.097189
951,19.0200,-3.122553,1,weight_shift,0.115378,-0.000228,-0.002795,0.003136,-0.087229
952,19.0400,-2.996931,1,weight_shift,0.115442,-0.002088,-0.003241,0.003456,-0.095683
953,19.0600,-2.871309,1,weight_shift,0.115506,-0.004420,-0.003121,0.003010,-0.131176
954,19.0800,-2.745687,1,weight_shift,0.115591,-0.006222,-0.002527,0.004279,-0.073065
955,19.1000,-2.620066,1,weight_shift,0.115659,-0.007680,-0.001672,0.003129,-0.078102
956,19.1200,-2.494444,1,weight_shift,0.115723,-0.009223,-0.000903,0.003352,-0.075779
957,19.1400,-2.368822,1,weight_shift,0.115789,-0.010661,-0.000123,0.003156,-0.070750
958,19.1600,-2.243200,1,weight_shift,0.115839,-0.012004,0.001041,0.002089,-0.065405
959,19.1800,-2.117578,1,weight_shift,0.115872,-0.013189,0.002451,0.001714,-0.056437
960,19.2000,-1.991957,1,weight_shift,0.115898,-0.014114,0.003833,0.001120,-0.037905
961,19.2200,-1.866335,1,weight_shift,0.115914,-0.014599,0.005207,0.000575,-0.017627
962,19.2400,-1.740713,1,weight_shift,0.115936,-0.014540,0.006563,0.001173,0.014452
963,19.2600,-1.615091,1,weight_shift,0.115923,-0.014519,0.007637,-0.001112,-0.007801
964,19.2800,-1.489469,1,weight_shift,0.115917,-0.014492,0.008608,-0.000102,0.010056
965,19.3000,-1.363847,1,weight_shift,0.115874,-0.014548,0.009244,-0.002674,-0.008713
966,19.3200,-1.238226,1,weight_shift,0.115841,-0.014298,0.009697,-0.002963,0.016709
967,19.3400,-1.112604,1,weight_shift,0.115761,-0.013902,0.009838,-0.004314,0.023915
968,19.3600,-0.986982,1,weight_shift,0.115678,-0.013074,0.009624,-0.005946,0.043955
969,19.3800,-0.861360,1,weight_shift,0.115566,-0.011828,0.009213,-0.005454,0.077652
970,19.4000,-0.735738,1,weight_shift,0.115432,-0.009939,0.008709,-0.007731,0.103083
971,19.4200,-0.610117,1,weight_shift,0.115307,-0.007830,0.008135,-0.002490,0.092819
972,19.4400,-0.484495,1,weight_shift,0.115301,-0.006190,0.007297,-0.000678,0.082367
973,19.4600,-0.358873,1,weight_shift,0.115291,-0.004410,0.005985,-0.000846,0.092339
974,19.4800,-0.233251,1,weight_shift,0.115260,-0.002750,0.004684,-0.002657,0.075374
975,19.5000,-0.107629,1,weight_shift,0.115167,-0.001667,0.003917,-0.006188,0.037761
976,19.5200,0.017993,1,weight_shift,0.115141,-0.000318,0.002932,0.000531,0.085352
977,19.5400,0.143614,1,weight_shift,0.115175,0.001897,0.000880,0.001517,0.135660
978,19.5600,0.269236,1,weight_shift,0.115258,0.004503,-0.000923,0.004362,0.127683
979,19.5800,0.394858,1,weight_shift,0.115324,0.006796,-0.001362,0.002298,0.104923
980,19.6000,0.520480,1,weight_shift,0.115351,0.008640,-0.001133,0.000598,0.087427
981,19.6200,0.646102,1,weight_shift,0.115369,0.010407,-0.001153,0.001511,0.088862
982,19.6400,0.771723,1,weight_shift,0.115410,0.012188,-0.001248,0.002257,0.088267
983,19.6600,0.897345,1,weight_shift,0.115467,0.013722,-0.000643,0.003763,0.062928
984,19.6800,1.022967,1,weight_shift,0.115482,0.014783,0.000879,-0.001190,0.050475
985,19.7000,1.148589,1,weight_shift,0.115454,0.015802,0.002379,-0.000948,0.047622
986,19.7200,1.274211,1,weight_shift,0.115475,0.016405,0.003411,0.001793,0.017084
987,19.7400,1.399833,1,weight_shift,0.115466,0.016644,0.004244,-0.001084,0.006043
988,19.7600,1.525454,1,weight_shift,0.115447,0.016491,0.004910,-0.001523,-0.010684
989,19.7800,1.651076,1,weight_shift,0.115426,0.016182,0.005290,-0.000255,-0.018163
990,19.8000,1.776698,1,weight_shift,0.115417,0.015880,0.005398,-0.001887,-0.003081
991,19.8200,1.902320,1,weight_shift,0.115388,0.015690,0.005429,-0.002259,-0.003026
992,19.8400,2.027942,1,weight_shift,0.115381,0.015387,0.005195,0.000511,-0.025629
993,19.8600,2.153563,1,weight_shift,0.115366,0.015105,0.005047,-0.000378,-0.021550
994,19.8800,2.279185,1,weight_shift,0.115316,0.014354,0.004742,-0.001841,-0.058115
995,19.9000,2.404807,1,weight_shift,0.115281,0.012940,0.004371,-0.001929,-0.069471
996,19.9200,2.530429,1,weight_shift,0.115200,0.010898,0.003840,-0.004832,-0.117614
997,19.9400,2.656051,1,weight_shift,0.115105,0.008045,0.002774,-0.004741,-0.156626
998,19.9600,2.781673,1,weight_shift,0.115090,0.005274,0.001651,0.003852,-0.107901
999,19.9800,2.907294,1,weight_shift,0.115192,0.003465,0.000249,0.004790,-0.085035
1000,20.0000,3.032916,1,weight_shift,0.115297,0.001659,-0.001249,0.005564,-0.098213
1001,20.0200,-3.124647,1,weight_shift,0.115385,-0.000363,-0.002317,0.003266,-0.094039
1002,20.0400,-2.999026,1,weight_shift,0.115449,-0.002266,-0.002786,0.003248,-0.095576
1003,20.0600,-2.873404,1,weight_shift,0.115510,-0.004580,-0.002684,0.002927,-0.130413
1004,20.0800,-2.747782,1,weight_shift,0.115595,-0.006370,-0.002053,0.004278,-0.072528
1005,20.1000,-2.622160,1,weight_shift,0.115663,-0.007822,-0.001118,0.003107,-0.077791
1006,20.1200,-2.496538,1,weight_shift,0.115727,-0.009361,-0.000257,0.003338,-0.075471
1007,20.1400,-2.370916,1,weight_shift,0.115788,-0.010799,0.000685,0.002837,-0.069979
1008,20.1600,-2.245295,1,weight_shift,0.115834,-0.012079,0.001928,0.001993,-0.060874
1009,20.1800,-2.119673,1,weight_shift,0.115874,-0.013192,0.003150,0.001969,-0.053883
1010,20.2000,-1.994051,1,weight_shift,0.115904,-0.014107,0.004428,0.001200,-0.037890
1011,20.2200,-1.868429,1,weight_shift,0.115923,-0.014553,0.005887,0.001367,-0.007832
1012,20.2400,-1.742807,1,weight_shift,0.115929,-0.014594,0.007268,-0.000437,-0.004239
1013,20.2600,-1.617186,1,weight_shift,0.115931,-0.014471,0.008371,-0.000751,0.000227
1014,20.2800,-1.491564,1,weight_shift,0.115920,-0.014486,0.009196,0.000139,0.006513
1015,20.3000,-1.365942,1,weight_shift,0.115888,-0.014489,0.009710,-0.002652,-0.007450
1016,20.3200,-1.240320,1,weight_shift,0.115843,-0.014365,0.010025,-0.003527,0.006012
1017,20.3400,-1.114698,1,weight_shift,0.115777,-0.013966,0.010146,-0.004043,0.027070
1018,20.3600,-0.989076,1,weight_shift,0.115684,-0.013176,0.009954,-0.004255,0.051466
1019,20.3800,-0.863455,1,weight_shift,0.115577,-0.011884,0.009404,-0.005632,0.076556
1020,20.4000,-0.737833,1,weight_shift,0.115436,-0.010021,0.008702,-0.007669,0.102887
1021,20.4200,-0.612211,1,weight_shift,0.115313,-0.007899,0.007897,-0.002415,0.094356
1022,20.4400,-0.486589,1,weight_shift,0.115311,-0.006230,0.006881,-0.000464,0.083320
1023,20.4600,-0.360967,1,weight_shift,0.115294,-0.004471,0.005477,-0.000893,0.091627
1024,20.4800,-0.235345,1,weight_shift,0.115260,-0.002799,0.004106,-0.002535,0.075384
1025,20.5000,-0.109724,1,weight_shift,0.115168,-0.001726,0.003334,-0.006161,0.036780
1026,20.5200,0.015898,1,weight_shift,0.115142,-0.000397,0.002418,0.000475,0.084159
1027,20.5400,0.141520,2,head_bob,0.115175,0.002107,0.001015,0.000370,0.156273
1028,20.5600,0.267142,2,head_bob,0.115183,0.005193,0.000255,0.001343,0.138704
1029,20.5800,0.392764,2,head_bob,0.115192,0.007216,0.000121,-0.000317,0.076502
1030,20.6000,0.518385,2,head_bob,0.115153,0.008151,0.000471,-0.004531,0.031260
1031,20.6200,0.644007,2,head_bob,0.115104,0.007449,0.000667,-0.002025,-0.067244
1032,20.6400,0.769629,2,head_bob,0.115125,0.005795,0.000825,0.004228,-0.082906
1033,20.6600,0.895251,2,head_bob,0.115237,0.003938,0.000587,0.005630,-0.101055
1034,20.6800,1.020873,2,head_bob,0.115329,0.001820,-0.000132,0.003801,-0.101853
1035,20.7000,1.146494,2,head_bob,0.115373,0.000192,-0.000569,0.001240,-0.066526
1036,20.7200,1.272116,2,head_bob,0.115386,-0.000801,-0.000557,0.000382,-0.041402
1037,20.7400,1.397738,2,head_bob,0.115390,-0.001432,-0.000508,0.000161,-0.026752
1038,20.7600,1.523360,2,head_bob,0.115392,-0.001848,-0.000568,0.000072,-0.017772
1039,20.7800,1.648982,2,head_bob,0.115397,-0.002131,-0.000717,0.000803,-0.014120
1040,20.8000,1.774604,2,head_bob,0.115399,-0.002255,-0.000890,-0.000109,-0.001502
1041,20.8200,1.900225,2,head_bob,0.115395,-0.002192,-0.001031,-0.000198,0.005343
1042,20.8400,2.025847,2,head_bob,0.115398,-0.002095,-0.001157,0.000314,0.003936
1043,20.8600,2.151469,2,head_bob,0.115398,-0.001990,-0.001256,-0.000099,0.005533
1044,20.8800,2.277091,2,head_bob,0.115397,-0.001902,-0.001351,0.000011,0.003440
1045,20.9000,2.402713,2,head_bob,0.115397,-0.001852,-0.001418,0.000017,0.002418
1046,20.9200,2.528334,2,head_bob,0.115398,-0.001804,-0.001418,0.000041,0.002347
1047,20.9400,2.653956,2,head_bob,0.115400,-0.001753,-0.001378,0.000109,0.002736
1048,20.9600,2.779578,2,head_bob,0.115404,-0.001677,-0.001344,0.000335,0.004696
1049,20.9800,2.905200,2,head_bob,0.115415,-0.001549,-0.001359,0.000652,0.007517
1050,21.0000,3.030822,2,head_bob,0.115432,-0.001363,-0.001427,0.000970,0.010364
1051,21.0200,-3.126742,2,head_bob,0.115459,-0.001163,-0.001543,0.002089,0.006021
1052,21.0400,-3.001120,2,head_bob,0.115491,-0.000967,-0.001697,0.001476,0.011501
1053,21.0600,-2.875498,2,head_bob,0.115526,-0.000753,-0.001894,0.002446,0.006169
1054,21.0800,-2.749876,2,head_bob,0.115563,-0.000575,-0.002129,0.001731,0.010088
1055,21.1000,-2.624254,2,head_bob,0.115605,-0.000459,-0.002381,0.001776,0.007502
1056,21.1200,-2.498633,2,head_bob,0.115646,-0.000366,-0.002633,0.001848,0.005223
1057,21.1400,-2.373011,2,head_bob,0.115685,-0.000296,-0.002877,0.001691,0.004709
1058,21.1600,-2.247389,2,head_bob,0.115719,-0.000204,-0.003076,0.001708,0.004050
1059,21.1800,-2.121767,2,head_bob,0.115749,-0.000097,-0.003225,0.001439,0.005458
1060,21.2000,-1.996145,2,head_bob,0.115774,0.000038,-0.003315,0.000831,0.009486
1061,21.2200,-1.870524,2,head_bob,0.115790,0.000245,-0.003300,0.000438,0.012813
1062,21.2400,-1.744902,2,head_bob,0.115806,0.000403,-0.003099,0.000163,0.010989
1063,21.2600,-1.619280,2,head_bob,0.115813,0.000611,-0.002828,0.001027,0.004940
1064,21.2800,-1.493658,2,head_bob,0.115811,0.000817,-0.002508,-0.000397,0.011689
1065,21.3000,-1.368036,2,head_bob,0.115808,0.000964,-0.002164,-0.000496,0.007801
1066,21.3200,-1.242414,2,head_bob,0.115804,0.001024,-0.001790,-0.000607,0.004360
1067,21.3400,-1.116793,2,head_bob,0.115797,0.001035,-0.001418,-0.000656,0.002878
1068,21.3600,-0.991171,2,head_bob,0.115789,0.001081,-0.001060,-0.000303,0.000694
1069,21.3800,-0.865549,2,head_bob,0.115781,0.001106,-0.000698,-0.000344,0.000218
1070,21.4000,-0.739927,2,head_bob,0.115765,0.001188,-0.000309,-0.000950,0.005337
1071,21.4200,-0.614305,2,head_bob,0.115753,0.001211,0.000121,-0.000961,0.002653
1072,21.4400,-0.488684,2,head_bob,0.115739,0.001199,0.000597,-0.000905,-0.000777
1073,21.4600,-0.363062,2,head_bob,0.115716,0.001211,0.001044,-0.001184,0.000355
1074,21.4800,-0.237440,2,head_bob,0.115701,0.001100,0.001443,-0.001053,-0.004927
1075,21.5000,-0.111818,2,head_bob,0.115679,0.000999,0.001712,-0.001111,-0.005656
1076,21.5200,0.013804,2,head_bob,0.115658,0.000860,0.001875,-0.000959,-0.007937
1077,21.5400,0.139426,2,head_bob,0.115641,0.000679,0.001970,-0.000797,-0.009703
1078,21.5600,0.265047,2,head_bob,0.115627,0.000476,0.002035,-0.000651,-0.010253
1079,21.5800,0.390669,2,head_bob,0.115616,0.000280,0.002107,-0.000536,-0.009454
1080,21.6000,0.516291,2,head_bob,0.115606,0.000110,0.002201,-0.000421,-0.007938
1081,21.6200,0.641913,2,head_bob,0.115599,-0.000027,0.002315,-0.000328,-0.006252
1082,21.6400,0.767535,2,head_bob,0.115593,-0.000133,0.002448,-0.000275,-0.004874
1083,21.6600,0.893156,2,head_bob,0.115588,-0.000219,0.002595,-0.000257,-0.004252
1084,21.6800,1.018778,2,head_bob,0.115583,-0.000306,0.002741,-0.000266,-0.004667
1085,21.7000,1.144400,2,head_bob,0.115577,-0.000414,0.002869,-0.000313,-0.006002
1086,21.7200,1.270022,2,head_bob,0.115570,-0.000550,0.002956,-0.000383,-0.007404
1087,21.7400,1.395644,2,head_bob,0.115561,-0.000713,0.002994,-0.000452,-0.008631
1088,21.7600,1.521266,2,head_bob,0.115552,-0.000896,0.002989,-0.000498,-0.009401
1089,21.7800,1.646887,2,head_bob,0.115541,-0.001087,0.002946,-0.000514,-0.009576
1090,21.8000,1.772509,2,head_bob,0.115531,-0.001275,0.002868,-0.000485,-0.009118
1091,21.8200,1.898131,2,head_bob,0.115523,-0.001443,0.002756,-0.000399,-0.007780
1092,21.8400,2.023753,2,head_bob,0.115516,-0.001572,0.002611,-0.000252,-0.005354
1093,21.8600,2.149375,2,head_bob,0.115514,-0.001639,0.002435,-0.000047,-0.001822
1094,21.8800,2.274996,2,head_bob,0.115516,-0.001628,0.002233,0.000167,0.002079
1095,21.9000,2.400618,2,head_bob,0.115520,-0.001563,0.002015,0.000206,0.003823
1096,21.9200,2.526240,2,head_bob,0.115524,-0.001488,0.001819,0.000201,0.003706
1097,21.9400,2.651862,2,head_bob,0.115528,-0.001423,0.001653,0.000213,0.003090
1098,21.9600,2.777484,2,head_bob,0.115534,-0.001359,0.001488,0.000315,0.003589
1099,21.9800,2.903106,2,head_bob,0.115541,-0.001271,0.001282,0.000426,0.005196
1100,22.0000,3.028727,2,head_bob,0.115554,-0.001124,0.001014,0.001043,0.011520
1101,22.0200,-3.128836,2,head_bob,0.115569,-0.000950,0.000633,0.000700,0.008198
1102,22.0400,-3.003214,2,head_bob,0.115588,-0.000744,0.000142,0.000927,0.010077
1103,22.0600,-2.877592,2,head_bob,0.115608,-0.000564,-0.000457,0.001042,0.009219
1104,22.0800,-2.751971,2,head_bob,0.115631,-0.000374,-0.001131,0.001214,0.010253
1105,22.1000,-2.626349,2,head_bob,0.115657,-0.000163,-0.001810,0.001276,0.011122
1106,22.1200,-2.500727,2,head_bob,0.115683,0.000058,-0.002432,0.001282,0.011402
1107,22.1400,-2.375105,2,head_bob,0.115723,0.000141,-0.002916,0.001929,0.002441
1108,22.1600,-2.249483,2,head_bob,0.115747,0.000289,-0.003271,0.000973,0.009865
1109,22.1800,-2.123862,2,head_bob,0.115779,0.000388,-0.003494,0.001471,0.004326
1110,22.2000,-1.998240,2,head_bob,0.115792,0.000604,-0.003602,0.000429,0.013879
1111,22.2200,-1.872618,2,head_bob,0.115814,0.000752,-0.003525,0.000448,0.010885
1112,22.2400,-1.746996,2,head_bob,0.115827,0.000924,-0.003310,0.000850,0.006617
1113,22.2600,-1.621374,2,head_bob,0.115833,0.001109,-0.003054,0.000222,0.008839
1114,22.2800,-1.495752,2,head_bob,0.115835,0.001278,-0.002785,0.000079,0.006590
1115,22.3000,-1.370131,2,head_bob,0.115833,0.001382,-0.002458,-0.000085,0.002824
1116,22.3200,-1.244509,2,head_bob,0.115826,0.001444,-0.002087,0.000154,-0.002110
1117,22.3400,-1.118887,2,head_bob,0.115814,0.001491,-0.001699,-0.000754,0.004043
1118,22.3600,-0.993265,2,head_bob,0.115806,0.001498,-0.001295,-0.000731,0.002868
1119,22.3800,-0.867643,2,head_bob,0.115796,0.001518,-0.000877,-0.000674,0.001728
1120,22.4000,-0.742022,2,head_bob,0.115782,0.001578,-0.000430,-0.000094,-0.001418
1121,22.4200,-0.616400,2,head_bob,0.115769,0.001588,0.000068,-0.000174,-0.003800
1122,22.4400,-0.490778,2,head_bob,0.115750,0.001597,0.000616,-0.001192,0.001549
1123,22.4600,-0.365156,2,head_bob,0.115730,0.001595,0.001140,-0.000297,-0.006409
1124,22.4800,-0.239534,2,head_bob,0.115710,0.001508,0.001577,-0.001128,-0.004331
1125,22.5000,-0.113912,2,head_bob,0.115688,0.001405,0.001877,-0.001100,-0.006188
1126,22.5200,0.011709,2,head_bob,0.115667,0.001251,0.002068,-0.000950,-0.008785
1127,22.5400,0.137331,2,head_bob,0.115650,0.001051,0.002178,-0.000792,-0.010650
1128,22.5600,0.262953,2,head_bob,0.115636,0.000830,0.002242,-0.000653,-0.011128
1129,22.5800,0.388575,2,head_bob,0.115625,0.000617,0.002302,-0.000535,-0.010250
1130,22.6000,0.514197,2,head_bob,0.115615,0.000433,0.002373,-0.000430,-0.008566
1131,22.6200,0.639818,2,head_bob,0.115608,0.000287,0.002467,-0.000355,-0.006599
1132,22.6400,0.765440,2,head_bob,0.115601,0.000177,0.002586,-0.000307,-0.004951
1133,22.6600,0.891062,2,head_bob,0.115595,0.000092,0.002720,-0.000284,-0.004126
1134,22.6800,1.016684,2,head_bob,0.115590,0.000009,0.002852,-0.000285,-0.004427
1135,22.7000,1.142306,2,head_bob,0.115584,-0.000095,0.002964,-0.000310,-0.005858
1136,22.7200,1.267928,2,head_bob,0.115577,-0.000234,0.003026,-0.000383,-0.007780
1137,22.7400,1.393549,2,head_bob,0.115568,-0.000408,0.003038,-0.000457,-0.009238
1138,22.7600,1.519171,2,head_bob,0.115558,-0.000605,0.003011,-0.000508,-0.010137
1139,22.7800,1.644793,2,head_bob,0.115548,-0.000812,0.002947,-0.000522,-0.010375
1140,22.8000,1.770415,2,head_bob,0.115538,-0.001017,0.002847,-0.000492,-0.009959
1141,22.8200,1.896037,2,head_bob,0.115529,-0.001202,0.002715,-0.000410,-0.008638
1142,22.8400,2.021658,2,head_bob,0.115522,-0.001349,0.002554,-0.000268,-0.006212
1143,22.8600,2.147280,2,head_bob,0.115520,-0.001432,0.002365,-0.000066,-0.002662
1144,22.8800,2.272902,2,head_bob,0.115521,-0.001437,0.002154,0.000153,0.001370
1145,22.9000,2.398524,2,head_bob,0.115525,-0.001385,0.001933,0.000196,0.003229
1146,22.9200,2.524146,2,head_bob,0.115529,-0.001320,0.001738,0.000191,0.003193
1147,22.9400,2.649768,2,head_bob,0.115533,-0.001265,0.001578,0.000202,0.002604
1148,22.9600,2.775389,2,head_bob,0.115538,-0.001211,0.001422,0.000303,0.003118
1149,22.9800,2.901011,2,head_bob,0.115546,-0.001129,0.001227,0.000418,0.004924
1150,23.0000,3.026633,2,head_bob,0.115559,-0.000972,0.000968,0.000744,0.009577
1151,23.0200,-3.130931,2,head_bob,0.115574,-0.000790,0.000602,0.001117,0.012434
1152,23.0400,-3.005309,2,head_bob,0.115591,-0.000606,0.000102,0.000842,0.008634
1153,23.0600,-2.879687,2,head_bob,0.115613,-0.000411,-0.000494,0.001516,0.013656
1154,23.0800,-2.754065,2,head_bob,0.115637,-0.000197,-0.001174,0.001139,0.010329
1155,23.1000,-2.628443,2,head_bob,0.115661,0.000005,-0.001894,0.001224,0.010635
1156,23.1200,-2.502821,2,head_bob,0.115686,0.000219,-0.002562,0.001262,0.011196
1157,23.1400,-2.377200,2,head_bob,0.115720,0.000359,-0.003087,0.001449,0.007541
1158,23.1600,-2.251578,2,head_bob,0.115750,0.000476,-0.003458,0.001243,0.007425
1159,23.1800,-2.125956,2,head_bob,0.115776,0.000612,-0.003684,0.000979,0.008812
1160,23.2000,-2.000334,2,head_bob,0.115801,0.000748,-0.003750,0.001592,0.003436
1161,23.2200,-1.874712,2,head_bob,0.115815,0.000942,-0.003684,0.001063,0.007486
1162,23.2400,-1.749091,2,head_bob,0.115827,0.001135,-0.003483,0.000153,0.011853
1163,23.2600,-1.623469,2,head_bob,0.115838,0.001284,-0.003200,0.000397,0.006172
1164,23.2800,-1.497847,2,head_bob,0.115832,0.001488,-0.002911,-0.000419,0.010886
1165,23.3000,-1.372225,2,head_bob,0.115835,0.001559,-0.002557,0.000433,-0.001078
1166,23.3200,-1.246603,2,head_bob,0.115825,0.001616,-0.002162,-0.000715,0.004178
1167,23.3400,-1.120981,2,head_bob,0.115817,0.001630,-0.001760,-0.000574,0.000835
1168,23.3600,-0.995360,2,head_bob,0.115808,0.001639,-0.001344,-0.000372,-0.001064
1169,23.3800,-0.869738,2,head_bob,0.115793,0.001706,-0.000918,-0.000862,0.004812
1170,23.4000,-0.744116,2,head_bob,0.115782,0.001717,-0.000456,-0.000903,0.002369
1171,23.4200,-0.618494,2,head_bob,0.115769,0.001714,0.000055,-0.000878,-0.000043
1172,23.4400,-0.492872,2,head_bob,0.115746,0.001758,0.000604,-0.001183,0.002450
1173,23.4600,-0.367250,2,head_bob,0.115731,0.001693,0.001132,-0.001077,-0.002486
1174,23.4800,-0.241629,2,head_bob,0.115707,0.001641,0.001543,-0.001158,-0.003453
1175,23.5000,-0.116007,2,head_bob,0.115686,0.001540,0.001831,-0.001027,-0.006432
1176,23.5200,0.009615,2,head_bob,0.115675,0.001286,0.002044,-0.000863,-0.011894
1177,23.5400,0.135237,2,head_bob,0.115656,0.001061,0.002179,-0.000919,-0.011064
1178,23.5600,0.260859,2,head_bob,0.115639,0.000847,0.002271,-0.000772,-0.010554
1179,23.5800,0.386480,2,head_bob,0.115626,0.000648,0.002354,-0.000611,-0.009504
1180,23.6000,0.512102,2,head_bob,0.115615,0.000478,0.002442,-0.000466,-0.007881
1181,23.6200,0.637724,2,head_bob,0.115607,0.000344,0.002542,-0.000357,-0.006059
1182,23.6400,0.763346,2,head_bob,0.115601,0.000244,0.002655,-0.000292,-0.004559
1183,23.6600,0.888968,2,head_bob,0.115596,0.000164,0.002777,-0.000265,-0.003842
1184,23.6800,1.014590,2,head_bob,0.115590,0.000086,0.002897,-0.000270,-0.004211
1185,23.7000,1.140211,2,head_bob,0.115585,-0.000014,0.002998,-0.000299,-0.005694
1186,23.7200,1.265833,2,head_bob,0.115578,-0.000151,0.003052,-0.000373,-0.007676
1187,23.7400,1.391455,2,head_bob,0.115569,-0.000324,0.003055,-0.000453,-0.009265
1188,23.7600,1.517077,2,head_bob,0.115560,-0.000523,0.003018,-0.000507,-0.010252
1189,23.7800,1.642699,2,head_bob,0.115549,-0.000733,0.002945,-0.000522,-0.010547
1190,23.8000,1.768320,2,head_bob,0.115539,-0.000942,0.002836,-0.000495,-0.010171
1191,23.8200,1.893942,2,head_bob,0.115530,-0.001132,0.002695,-0.000415,-0.008880
1192,23.8400,2.019564,2,head_bob,0.115523,-0.001283,0.002524,-0.000275,-0.006476
1193,23.8600,2.145186,2,head_bob,0.115520,-0.001373,0.002328,-0.000073,-0.002938
1194,23.8800,2.270808,2,head_bob,0.115522,-0.001383,0.002111,0.000147,0.001124
1195,23.9000,2.396429,2,head_bob,0.115526,-0.001334,0.001884,0.000195,0.003075
1196,23.9200,2.522051,2,head_bob,0.115530,-0.001272,0.001686,0.000190,0.003081
1197,23.9400,2.647673,2,head_bob,0.115533,-0.001220,0.001527,0.000198,0.002476
1198,23.9600,2.773295,2,head_bob,0.115539,-0.001168,0.001374,0.000298,0.002970
1199,23.9800,2.898917,2,head_bob,0.115546,-0.001089,0.001183,0.000414,0.004801
1200,24.0000,3.024539,2,head_bob,0.115560,-0.000926,0.000922,0.000582,0.008247
1201,24.0200,-3.133025,2,head_bob,0.115574,-0.000754,0.000559,0.001121,0.012234
1202,24.0400,-3.007403,2,head_bob,0.115591,-0.000570,0.000070,0.000849,0.008691
1203,24.0600,-2.881781,2,head_bob,0.115614,-0.000361,-0.000519,0.001230,0.011879
1204,24.0800,-2.756159,2,head_bob,0.115636,-0.000161,-0.001195,0.001129,0.009984
1205,24.1000,-2.630538,2,head_bob,0.115661,0.000038,-0.001906,0.001236,0.010629
1206,24.1200,-2.504916,2,head_bob,0.115686,0.000253,-0.002568,0.001263,0.011258
1207,24.1400,-2.379294,2,head_bob,0.115723,0.000378,-0.003088,0.002591,-0.001001
1208,24.1600,-2.253672,2,head_bob,0.115751,0.000492,-0.003442,0.001031,0.008834
1209,24.1800,-2.128050,2,head_bob,0.115774,0.000659,-0.003674,0.001243,0.007619
1210,24.2000,-2.002429,2,head_bob,0.115796,0.000805,-0.003745,0.000548,0.011595
1211,24.2200,-1.876807,2,head_bob,0.115821,0.000924,-0.003631,0.001756,-0.000016
1212,24.2400,-1.751185,2,head_bob,0.115827,0.001129,-0.003439,-0.000112,0.014002
1213,24.2600,-1.625563,2,head_bob,0.115835,0.001337,-0.003243,0.001161,0.002874
1214,24.2800,-1.499941,2,head_bob,0.115834,0.001505,-0.002966,-0.000317,0.009718
1215,24.3000,-1.374319,2,head_bob,0.115833,0.001600,-0.002625,-0.000494,0.005788
1216,24.3200,-1.248698,2,head_bob,0.115828,0.001624,-0.002229,-0.000644,0.002783
1217,24.3400,-1.123076,2,head_bob,0.115820,0.001623,-0.001825,-0.000583,0.000430
1218,24.3600,-0.997454,2,head_bob,0.115808,0.001660,-0.001415,0.000022,-0.002874
1219,24.3800,-0.871832,2,head_bob,0.115795,0.001706,-0.000988,-0.000828,0.004194
1220,24.4000,-0.746210,2,head_bob,0.115784,0.001713,-0.000522,-0.000918,0.002253
1221,24.4200,-0.620589,2,head_bob,0.115770,0.001730,-0.000008,-0.000622,-0.001348
1222,24.4400,-0.494967,2,head_bob,0.115748,0.001759,0.000546,-0.001167,0.002029
1223,24.4600,-0.369345,2,head_bob,0.115733,0.001712,0.001093,-0.000916,-0.003335
1224,24.4800,-0.243723,2,head_bob,0.115710,0.001655,0.001525,-0.001156,-0.003469
1225,24.5000,-0.118101,2,head_bob,0.115688,0.001557,0.001827,-0.001052,-0.006192
1226,24.5200,0.007521,2,head_bob,0.115669,0.001399,0.002019,-0.000906,-0.009113
1227,24.5400,0.133142,0,squat_bounce,0.115527,0.001082,0.002304,-0.012134,-0.024124
1228,24.5600,0.258764,0,squat_bounce,0.115104,0.000457,0.002719,-0.026873,-0.032329
1229,24.5800,0.384386,0,squat_bounce,0.114451,-0.000181,0.003064,-0.035044,-0.028105
1230,24.6000,0.510008,0,squat_bounce,0.113691,-0.000496,0.003378,-0.039413,-0.010382
1231,24.6200,0.635630,0,squat_bounce,0.112879,-0.000667,0.003823,-0.041242,-0.011791
1232,24.6400,0.761251,0,squat_bounce,0.112100,-0.001002,0.004419,-0.037694,-0.017565
1233,24.6600,0.886873,0,squat_bounce,0.111391,-0.001205,0.005029,-0.033592,-0.005080
1234,24.6800,1.012495,0,squat_bounce,0.110791,-0.001163,0.005416,-0.027753,0.005803
1235,24.7000,1.138117,0,squat_bounce,0.110307,-0.000967,0.005470,-0.022145,0.011311
1236,24.7200,1.263739,0,squat_bounce,0.109925,-0.000761,0.005246,-0.017434,0.009025
1237,24.7400,1.389361,0,squat_bounce,0.109629,-0.000676,0.004845,-0.012644,-0.002175
1238,24.7600,1.514982,0,squat_bounce,0.109418,-0.000852,0.004432,-0.010161,-0.006822
1239,24.7800,1.640604,0,squat_bounce,0.109236,-0.000963,0.004035,-0.008745,-0.005723
1240,24.8000,1.766226,0,squat_bounce,0.109066,-0.001093,0.003696,-0.008443,-0.007005
1241,24.8200,1.891848,0,squat_bounce,0.108893,-0.001209,0.003536,-0.008840,-0.003602
1242,24.8400,2.017470,0,squat_bounce,0.108719,-0.001289,0.003442,-0.008734,-0.004678
1243,24.8600,2.143091,0,squat_bounce,0.108544,-0.001398,0.003334,-0.008760,-0.005599
1244,24.8800,2.268713,0,squat_bounce,0.108366,-0.001456,0.003258,-0.008761,-0.000673
1245,24.9000,2.394335,0,squat_bounce,0.108201,-0.001443,0.003090,-0.007955,0.001353
1246,24.9200,2.519957,0,squat_bounce,0.108056,-0.001392,0.002820,-0.006873,0.003335
1247,24.9400,2.645579,0,squat_bounce,0.107917,-0.001276,0.002545,-0.006994,0.006193
1248,24.9600,2.771201,0,squat_bounce,0.107824,-0.001237,0.002222,-0.003058,0.000414
1249,24.9800,2.896822,0,squat_bounce,0.107767,-0.001173,0.001729,-0.002267,0.002966
1250,25.0000,3.022444,0,squat_bounce,0.107750,-0.001155,0.001222,0.000407,-0.002681
1251,25.0200,-3.135119,0,squat_bounce,0.107782,-0.001260,0.000829,0.001308,-0.002038
1252,25.0400,-3.009497,0,squat_bounce,0.107808,-0.001223,0.000218,0.001606,0.001999
1253,25.0600,-2.883876,0,squat_bounce,0.107875,-0.001275,-0.000606,0.003825,-0.003254
1254,25.0800,-2.758254,0,squat_bounce,0.107970,-0.001390,-0.001531,0.005915,-0.010070
1255,25.1000,-2.632632,0,squat_bounce,0.108102,-0.001600,-0.002390,0.007144,-0.012486
1256,25.1200,-2.507010,0,squat_bounce,0.108251,-0.001831,-0.003121,0.007887,-0.013215
1257,25.1400,-2.381388,0,squat_bounce,0.108417,-0.002120,-0.003705,0.008368,-0.014475
1258,25.1600,-2.255767,0,squat_bounce,0.108582,-0.002287,-0.004140,0.007517,-0.000811
1259,25.1800,-2.130145,0,squat_bounce,0.108730,-0.002382,-0.004376,0.007097,-0.006048
1260,25.2000,-2.004523,0,squat_bounce,0.108854,-0.002479,-0.004437,0.005344,-0.002075
1261,25.2200,-1.878901,0,squat_bounce,0.108938,-0.002378,-0.004429,0.003252,0.006583
1262,25.2400,-1.753279,0,squat_bounce,0.108982,-0.002230,-0.004481,0.001554,0.005404
1263,25.2600,-1.627657,0,squat_bounce,0.108998,-0.002062,-0.004454,-0.000005,0.007110
1264,25.2800,-1.502036,0,squat_bounce,0.108987,-0.001871,-0.004370,-0.000875,0.008401
1265,25.3000,-1.376414,0,squat_bounce,0.108951,-0.001666,-0.004003,-0.002372,0.012477
1266,25.3200,-1.250792,0,squat_bounce,0.108904,-0.001129,-0.003524,-0.003047,0.027379
1267,25.3400,-1.125170,0,squat_bounce,0.108816,-0.000655,-0.002928,-0.005054,0.023088
1268,25.3600,-0.999548,0,squat_bounce,0.108699,-0.000185,-0.002286,-0.006178,0.023939
1269,25.3800,-0.873927,0,squat_bounce,0.108568,0.000282,-0.001782,-0.006641,0.022893
1270,25.4000,-0.748305,0,squat_bounce,0.108434,0.000702,-0.001423,-0.006712,0.019601
1271,25.4200,-0.622683,0,squat_bounce,0.108303,0.001027,-0.001139,-0.006374,0.014063
1272,25.4400,-0.497061,0,squat_bounce,0.108184,0.001228,-0.000881,-0.005534,0.007688
1273,25.4600,-0.371439,0,squat_bounce,0.108089,0.001305,-0.000648,-0.004215,0.001614
1274,25.4800,-0.245817,0,squat_bounce,0.108026,0.001266,-0.000483,-0.002479,-0.003927
1275,25.5000,-0.120196,0,squat_bounce,0.107998,0.001156,-0.000471,-0.000770,-0.005021
1276,25.5200,0.005426,0,squat_bounce,0.107994,0.001091,-0.000639,-0.000024,-0.003093
1277,25.5400,0.131048,0,squat_bounce,0.108012,0.001052,-0.001031,0.001512,-0.006456
1278,25.5600,0.256670,0,squat_bounce,0.108053,0.000831,-0.001473,0.002349,-0.012735
1279,25.5800,0.382292,0,squat_bounce,0.108112,0.000572,-0.001847,0.003329,-0.012818
1280,25.6000,0.507913,0,squat_bounce,0.108193,0.000327,-0.002231,0.004406,-0.012001
1281,25.6200,0.633535,0,squat_bounce,0.108292,0.000098,-0.002646,0.005249,-0.011257
1282,25.6400,0.759157,0,squat_bounce,0.108407,-0.000053,-0.003192,0.006035,-0.007110
1283,25.6600,0.884779,0,squat_bounce,0.108525,-0.000279,-0.003560,0.005593,-0.011994
1284,25.6800,1.010401,0,squat_bounce,0.108625,-0.000527,-0.003691,0.004650,-0.012837
1285,25.7000,1.136023,0,squat_bounce,0.108709,-0.000754,-0.003893,0.004043,-0.012009
1286,25.7200,1.261644,0,squat_bounce,0.108769,-0.001110,-0.003960,0.002222,-0.019868
1287,25.7400,1.387266,0,squat_bounce,0.108807,-0.001366,-0.003867,0.001316,-0.010123
1288,25.7600,1.512888,0,squat_bounce,0.108818,-0.001544,-0.003700,0.000148,-0.011270
1289,25.7800,1.638510,0,squat_bounce,0.108807,-0.001786,-0.003342,-0.000715,-0.009882
1290,25.8000,1.764132,0,squat_bounce,0.108765,-0.001967,-0.002819,-0.002961,-0.012811
1291,25.8200,1.889753,0,squat_bounce,0.108700,-0.002307,-0.001952,-0.003483,-0.017521
1292,25.8400,2.015375,0,squat_bounce,0.108596,-0.002663,-0.001073,-0.005072,-0.015947
1293,25.8600,2.140997,0,squat_bounce,0.108472,-0.003122,-0.000148,-0.007096,-0.026256
1294,25.8800,2.266619,0,squat_bounce,0.108338,-0.003388,0.000578,-0.006165,-0.011994
1295,25.9000,2.392241,0,squat_bounce,0.108162,-0.003459,0.001369,-0.008928,-0.002723
1296,25.9200,2.517863,0,squat_bounce,0.108044,-0.003413,0.001986,-0.005069,0.005802
1297,25.9400,2.643484,0,squat_bounce,0.107926,-0.003236,0.002320,-0.006188,0.010788
1298,25.9600,2.769106,0,squat_bounce,0.107818,-0.002810,0.002535,-0.003133,0.017606
1299,25.9800,2.894728,0,squat_bounce,0.107781,-0.002442,0.002327,-0.001793,0.019849
1300,26.0000,3.020350,0,squat_bounce,0.107758,-0.002127,0.002019,-0.000777,0.012475
1301,26.0200,-3.137214,0,squat_bounce,0.107758,-0.001960,0.001651,0.000426,0.006633
1302,26.0400,-3.011592,0,squat_bounce,0.107784,-0.001874,0.000961,0.001815,0.003106
1303,26.0600,-2.885970,0,squat_bounce,0.107841,-0.001864,0.000023,0.003361,-0.001182
1304,26.0800,-2.760348,0,squat_bounce,0.107930,-0.001951,-0.000975,0.004986,-0.006245
1305,26.1000,-2.634726,0,squat_bounce,0.108058,-0.002067,-0.001970,0.006703,-0.007890
1306,26.1200,-2.509105,0,squat_bounce,0.108222,-0.002248,-0.002881,0.008954,-0.013804
1307,26.1400,-2.383483,0,squat_bounce,0.108412,-0.002514,-0.003614,0.009902,-0.007619
1308,26.1600,-2.257861,0,squat_bounce,0.108580,-0.002513,-0.004101,0.007128,0.000849
1309,26.1800,-2.132239,0,squat_bounce,0.108741,-0.002548,-0.004346,0.007815,-0.003351
1310,26.2000,-2.006617,0,squat_bounce,0.108882,-0.002531,-0.004470,0.006026,0.000318
1311,26.2200,-1.880996,0,squat_bounce,0.108974,-0.002412,-0.004442,0.003784,0.015874
1312,26.2400,-1.755374,0,squat_bounce,0.109010,-0.002106,-0.004269,0.001200,0.011936
1313,26.2600,-1.629752,0,squat_bounce,0.109028,-0.001808,-0.004147,-0.000015,0.011380
1314,26.2800,-1.504130,0,squat_bounce,0.109012,-0.001587,-0.004091,-0.001059,0.011503
1315,26.3000,-1.378508,0,squat_bounce,0.108976,-0.001358,-0.003847,-0.002352,0.013158
1316,26.3200,-1.252886,0,squat_bounce,0.108921,-0.000918,-0.003427,-0.002490,0.031461
1317,26.3400,-1.127265,0,squat_bounce,0.108840,-0.000297,-0.003103,-0.004476,0.030302
1318,26.3600,-1.001643,0,squat_bounce,0.108732,0.000229,-0.002614,-0.005925,0.025296
1319,26.3800,-0.876021,0,squat_bounce,0.108601,0.000719,-0.001965,-0.006749,0.024015
1320,26.4000,-0.750399,0,squat_bounce,0.108463,0.001163,-0.001393,-0.006837,0.020797
1321,26.4200,-0.624777,0,squat_bounce,0.108331,0.001513,-0.000956,-0.006403,0.015209
1322,26.4400,-0.499155,0,squat_bounce,0.108213,0.001733,-0.000625,-0.005491,0.008312
1323,26.4600,-0.373534,0,squat_bounce,0.108119,0.001808,-0.000385,-0.004135,0.000988
1324,26.4800,-0.247912,0,squat_bounce,0.108057,0.001746,-0.000246,-0.002407,-0.005401
1325,26.5000,-0.122290,0,squat_bounce,0.108031,0.001594,-0.000260,-0.000698,-0.007805
1326,26.5200,0.003332,0,squat_bounce,0.108027,0.001449,-0.000466,-0.000034,-0.007362
1327,26.5400,0.128954,0,squat_bounce,0.108038,0.001276,-0.000876,0.000956,-0.009756
1328,26.5600,0.254575,0,squat_bounce,0.108074,0.001050,-0.001548,0.002259,-0.012049
1329,26.5800,0.380197,0,squat_bounce,0.108136,0.000793,-0.002308,0.003501,-0.013093
1330,26.6000,0.505819,0,squat_bounce,0.108220,0.000527,-0.002979,0.004505,-0.013312
1331,26.6200,0.631441,0,squat_bounce,0.108320,0.000262,-0.003521,0.005188,-0.013190
1332,26.6400,0.757063,0,squat_bounce,0.108428,-0.000000,-0.003996,0.005481,-0.013125
1333,26.6600,0.882684,0,squat_bounce,0.108545,-0.000198,-0.004508,0.005733,-0.013880
1334,26.6800,1.008306,0,squat_bounce,0.108646,-0.000492,-0.004677,0.004606,-0.015008
1335,26.7000,1.133928,0,squat_bounce,0.108723,-0.000816,-0.004657,0.003351,-0.017109
1336,26.7200,1.259550,0,squat_bounce,0.108779,-0.001133,-0.004737,0.002399,-0.019461
1337,26.7400,1.385172,0,squat_bounce,0.108817,-0.001453,-0.004643,0.002105,-0.007355
1338,26.7600,1.510794,0,squat_bounce,0.108824,-0.001664,-0.004417,0.000222,-0.007113
1339,26.7800,1.636415,0,squat_bounce,0.108812,-0.001773,-0.003952,-0.001396,-0.014841
1340,26.8000,1.762037,0,squat_bounce,0.108777,-0.002055,-0.003210,-0.001808,-0.011629
1341,26.8200,1.887659,0,squat_bounce,0.108702,-0.002334,-0.002365,-0.003724,-0.013384
1342,26.8400,2.013281,0,squat_bounce,0.108601,-0.002775,-0.001357,-0.005666,-0.024055
1343,26.8600,2.138903,0,squat_bounce,0.108478,-0.003101,-0.000470,-0.006477,-0.014938
1344,26.8800,2.264525,0,squat_bounce,0.108341,-0.003513,0.000322,-0.006867,-0.019759
1345,26.9000,2.390146,0,squat_bounce,0.108201,-0.003715,0.001062,-0.007525,-0.002852
1346,26.9200,2.515768,0,squat_bounce,0.108028,-0.003546,0.001810,-0.008052,0.018576
1347,26.9400,2.641390,0,squat_bounce,0.107920,-0.003306,0.002188,-0.004327,0.011265
1348,26.9600,2.767012,0,squat_bounce,0.107835,-0.002996,0.002236,-0.004227,0.017689
1349,26.9800,2.892634,0,squat_bounce,0.107775,-0.002648,0.002162,-0.002147,0.016705
1350,27.0000,3.018255,0,squat_bounce,0.107740,-0.002189,0.001892,-0.000551,0.015594
1351,27.0200,-3.139308,0,squat_bounce,0.107750,-0.002020,0.001396,0.000970,0.005500
1352,27.0400,-3.013686,0,squat_bounce,0.107787,-0.001970,0.000558,0.002239,0.001430
1353,27.0600,-2.888064,0,squat_bounce,0.107850,-0.001998,-0.000498,0.003589,-0.003028
1354,27.0800,-2.762443,0,squat_bounce,0.107941,-0.002120,-0.001540,0.005031,-0.007709
1355,27.1000,-2.636821,0,squat_bounce,0.108074,-0.002207,-0.002525,0.007071,-0.004223
1356,27.1200,-2.511199,0,squat_bounce,0.108245,-0.002443,-0.003356,0.008854,-0.013632
1357,27.1400,-2.385577,0,squat_bounce,0.108421,-0.002568,-0.003961,0.008971,0.002877
1358,27.1600,-2.259955,0,squat_bounce,0.108589,-0.002624,-0.004328,0.008502,-0.005944
1359,27.1800,-2.134334,0,squat_bounce,0.108755,-0.002669,-0.004523,0.007571,-0.002756
1360,27.2000,-2.008712,0,squat_bounce,0.108877,-0.002517,-0.004563,0.005292,0.007512
1361,27.2200,-1.883090,0,squat_bounce,0.108975,-0.002338,-0.004482,0.004059,0.008686
1362,27.2400,-1.757468,0,squat_bounce,0.109019,-0.002112,-0.004288,0.001832,0.015201
1363,27.2600,-1.631846,0,squat_bounce,0.109025,-0.001906,-0.004190,-0.000334,0.007892
1364,27.2800,-1.506224,0,squat_bounce,0.109016,-0.001618,-0.004126,-0.000926,0.012074
1365,27.3000,-1.380603,0,squat_bounce,0.108979,-0.001359,-0.003863,-0.002405,0.014714
1366,27.3200,-1.254981,0,squat_bounce,0.108921,-0.000905,-0.003447,-0.003522,0.025087
1367,27.3400,-1.129359,0,squat_bounce,0.108843,-0.000274,-0.003150,-0.004286,0.029706
1368,27.3600,-1.003737,0,squat_bounce,0.108736,0.000267,-0.002663,-0.005950,0.026254
1369,27.3800,-0.878115,0,squat_bounce,0.108605,0.000774,-0.002038,-0.006717,0.024583
1370,27.4000,-0.752494,0,squat_bounce,0.108468,0.001224,-0.001503,-0.006798,0.020872
1371,27.4200,-0.626872,0,squat_bounce,0.108336,0.001574,-0.001094,-0.006396,0.015092
1372,27.4400,-0.501250,0,squat_bounce,0.108217,0.001792,-0.000770,-0.005521,0.008140
1373,27.4600,-0.375628,0,squat_bounce,0.108123,0.001864,-0.000515,-0.004188,0.000801
1374,27.4800,-0.250006,0,squat_bounce,0.108059,0.001793,-0.000351,-0.002465,-0.006061
1375,27.5000,-0.124384,0,squat_bounce,0.108033,0.001622,-0.000339,-0.000727,-0.008924
1376,27.5200,0.001237,0,squat_bounce,0.108028,0.001466,-0.000523,-0.000049,-0.007536
1377,27.5400,0.126859,0,squat_bounce,0.108039,0.001293,-0.000908,0.000928,-0.009604
1378,27.5600,0.252481,0,squat_bounce,0.108074,0.001070,-0.001556,0.002232,-0.011832
1379,27.5800,0.378103,0,squat_bounce,0.108135,0.000816,-0.002297,0.003481,-0.012897
1380,27.6000,0.503725,0,squat_bounce,0.108219,0.000552,-0.002954,0.004495,-0.013147
1381,27.6200,0.629346,0,squat_bounce,0.108319,0.000288,-0.003483,0.005187,-0.013068
1382,27.6400,0.754968,0,squat_bounce,0.108428,0.000027,-0.003946,0.005490,-0.013043
1383,27.6600,0.880590,0,squat_bounce,0.108542,-0.000171,-0.004458,0.005769,-0.012794
1384,27.6800,1.006212,0,squat_bounce,0.108645,-0.000475,-0.004668,0.004647,-0.015783
1385,27.7000,1.131834,0,squat_bounce,0.108722,-0.000811,-0.004639,0.003337,-0.017564
1386,27.7200,1.257456,0,squat_bounce,0.108775,-0.001135,-0.004682,0.002361,-0.016842
1387,27.7400,1.383077,0,squat_bounce,0.108814,-0.001447,-0.004603,0.002164,-0.007650
1388,27.7600,1.508699,0,squat_bounce,0.108822,-0.001668,-0.004362,0.000260,-0.007736
1389,27.7800,1.634321,0,squat_bounce,0.108807,-0.001766,-0.003979,-0.001441,-0.009069
1390,27.8000,1.759943,0,squat_bounce,0.108768,-0.002043,-0.003215,-0.002260,-0.016017
1391,27.8200,1.885565,0,squat_bounce,0.108700,-0.002388,-0.002267,-0.004600,-0.021074
1392,27.8400,2.011186,0,squat_bounce,0.108596,-0.002759,-0.001414,-0.005034,-0.022208
1393,27.8600,2.136808,0,squat_bounce,0.108472,-0.003228,-0.000497,-0.007057,-0.025389
1394,27.8800,2.262430,0,squat_bounce,0.108335,-0.003546,0.000215,-0.006817,-0.021083
1395,27.9000,2.388052,0,squat_bounce,0.108200,-0.003854,0.000839,-0.006668,-0.010914
1396,27.9200,2.513674,0,squat_bounce,0.108062,-0.003773,0.001466,-0.007339,0.012681
1397,27.9400,2.639296,0,squat_bounce,0.107919,-0.003504,0.001984,-0.006554,0.012940
1398,27.9600,2.764917,0,squat_bounce,0.107815,-0.003118,0.002226,-0.005622,0.029516
1399,27.9800,2.890539,0,squat_bounce,0.107771,-0.002745,0.002129,-0.000560,0.013540
1400,28.0000,3.016161,0,squat_bounce,0.107763,-0.002511,0.001827,-0.000606,0.011183
1401,28.0200,-3.141402,0,squat_bounce,0.107761,-0.002335,0.001464,0.000321,0.007720
1402,28.0400,-3.015781,0,squat_bounce,0.107786,-0.002221,0.000806,0.001729,0.004779
1403,28.0600,-2.890159,0,squat_bounce,0.107841,-0.002185,-0.000090,0.003293,0.000209
1404,28.0800,-2.764537,0,squat_bounce,0.107929,-0.002250,-0.001039,0.004922,-0.004955
1405,28.1000,-2.638915,0,squat_bounce,0.108058,-0.002330,-0.001995,0.007676,0.000833
1406,28.1200,-2.513293,0,squat_bounce,0.108212,-0.002490,-0.002854,0.008439,-0.012680
1407,28.1400,-2.387672,0,squat_bounce,0.108404,-0.002733,-0.003560,0.009758,-0.009272
1408,28.1600,-2.262050,0,squat_bounce,0.108582,-0.002796,-0.004081,0.007808,0.003022
1409,28.1800,-2.136428,0,squat_bounce,0.108738,-0.002762,-0.004358,0.007775,-0.000742
1410,28.2000,-2.010806,0,squat_bounce,0.108879,-0.002717,-0.004491,0.006190,0.002627
1411,28.2200,-1.885184,0,squat_bounce,0.108967,-0.002547,-0.004480,0.003417,0.018266
1412,28.2400,-1.759562,0,squat_bounce,0.109007,-0.002214,-0.004330,0.001998,0.016675
1413,28.2600,-1.633941,0,squat_bounce,0.109017,-0.002027,-0.004256,-0.000151,0.006189
1414,28.2800,-1.508319,0,squat_bounce,0.109010,-0.001780,-0.004187,-0.000860,0.010192
1415,28.3000,-1.382697,0,squat_bounce,0.108974,-0.001545,-0.003930,-0.002386,0.013823
1416,28.3200,-1.257075,0,squat_bounce,0.108916,-0.001084,-0.003501,-0.003668,0.024173
1417,28.3400,-1.131453,0,squat_bounce,0.108840,-0.000435,-0.003136,-0.004476,0.028573
1418,28.3600,-1.005832,0,squat_bounce,0.108730,0.000121,-0.002564,-0.005957,0.027459
1419,28.3800,-0.880210,0,squat_bounce,0.108601,0.000658,-0.001943,-0.006633,0.026141
1420,28.4000,-0.754588,0,squat_bounce,0.108465,0.001140,-0.001439,-0.006743,0.022391
1421,28.4200,-0.628966,0,squat_bounce,0.108334,0.001519,-0.001051,-0.006395,0.016530
1422,28.4400,-0.503344,0,squat_bounce,0.108215,0.001765,-0.000736,-0.005554,0.009408
1423,28.4600,-0.377722,0,squat_bounce,0.108119,0.001860,-0.000483,-0.004233,0.001848
1424,28.4800,-0.252101,0,squat_bounce,0.108055,0.001808,-0.000321,-0.002508,-0.005247
1425,28.5000,-0.126479,0,squat_bounce,0.108028,0.001645,-0.000315,-0.000729,-0.008790
1426,28.5200,-0.000857,1,weight_shift,0.108213,0.001391,-0.001108,0.017841,-0.012556
1427,28.5400,0.124765,1,weight_shift,0.108761,0.000745,-0.002722,0.034070,-0.042837
1428,28.5600,0.250387,1,weight_shift,0.109666,0.000188,-0.004143,0.049518,-0.024014
1429,28.5800,0.376008,1,weight_shift,0.110705,0.000304,-0.005481,0.052139,0.033110
1430,28.6000,0.501630,1,weight_shift,0.111688,0.001791,-0.005897,0.046458,0.097325
1431,28.6200,0.627252,1,weight_shift,0.112534,0.004218,-0.005553,0.039773,0.132813
1432,28.6400,0.752874,1,weight_shift,0.113227,0.007222,-0.005192,0.031317,0.162530
1433,28.6600,0.878496,1,weight_shift,0.113760,0.010673,-0.005028,0.024583,0.173607
1434,28.6800,1.004117,1,weight_shift,0.114185,0.014030,-0.004900,0.019449,0.161588
1435,28.7000,1.129739,1,weight_shift,0.114523,0.016794,-0.004241,0.015942,0.115772
1436,28.7200,1.255361,1,weight_shift,0.114758,0.018719,-0.002966,0.009383,0.087278
1437,28.7400,1.380983,1,weight_shift,0.114907,0.020119,-0.001846,0.006898,0.057073
1438,28.7600,1.506605,1,weight_shift,0.115043,0.020733,-0.000982,0.007383,0.007961
1439,28.7800,1.632227,1,weight_shift,0.115129,0.020542,0.000334,0.002125,-0.016560
1440,28.8000,1.757848,1,weight_shift,0.115171,0.019877,0.001533,0.003090,-0.052276
1441,28.8200,1.883470,1,weight_shift,0.115222,0.018821,0.002325,0.003593,-0.061343
1442,28.8400,2.009092,1,weight_shift,0.115266,0.017727,0.003007,0.002429,-0.058571
1443,28.8600,2.134714,1,weight_shift,0.115309,0.016684,0.003536,0.001164,-0.051879
1444,28.8800,2.260336,1,weight_shift,0.115328,0.015336,0.003552,0.000474,-0.072952
1445,28.9000,2.385958,1,weight_shift,0.115342,0.013769,0.003386,0.000289,-0.092679
1446,28.9200,2.511579,1,weight_shift,0.115309,0.011386,0.003123,-0.002515,-0.131908
1447,28.9400,2.637201,1,weight_shift,0.115236,0.008424,0.002581,-0.004345,-0.155476
1448,28.9600,2.762823,1,weight_shift,0.115208,0.005256,0.002000,0.002733,-0.141938
1449,28.9800,2.888445,1,weight_shift,0.115335,0.002979,0.000856,0.006347,-0.099544
1450,29.0000,3.014067,1,weight_shift,0.115442,0.001279,-0.000963,0.004750,-0.077053
1451,29.0200,3.139688,1,weight_shift,0.115531,-0.000522,-0.002442,0.004041,-0.096330
1452,29.0400,-3.017875,1,weight_shift,0.115581,-0.002214,-0.003372,0.002539,-0.081768
1453,29.0600,-2.892253,1,weight_shift,0.115632,-0.004491,-0.003796,0.003705,-0.110757
1454,29.0800,-2.766631,1,weight_shift,0.115718,-0.006290,-0.003468,0.004058,-0.080702
1455,29.1000,-2.641010,1,weight_shift,0.115780,-0.007930,-0.002546,0.002747,-0.086527
1456,29.1200,-2.515388,1,weight_shift,0.115835,-0.009620,-0.001539,0.002780,-0.083413
1457,29.1400,-2.389766,1,weight_shift,0.115884,-0.011102,-0.000396,0.002451,-0.069129
1458,29.1600,-2.264144,1,weight_shift,0.115928,-0.012337,0.000745,0.001996,-0.059772
1459,29.1800,-2.138522,1,weight_shift,0.115962,-0.013423,0.001860,0.001507,-0.053166
1460,29.2000,-2.012901,1,weight_shift,0.115984,-0.014385,0.002980,0.000989,-0.045610
1461,29.2200,-1.887279,1,weight_shift,0.115996,-0.015009,0.004130,0.000313,-0.022982
1462,29.2400,-1.761657,1,weight_shift,0.115996,-0.015183,0.005361,-0.000128,-0.001777
1463,29.2600,-1.636035,1,weight_shift,0.115994,-0.015053,0.006754,0.000644,0.014255
1464,29.2800,-1.510413,1,weight_shift,0.115989,-0.014706,0.008063,-0.001684,0.008652
1465,29.3000,-1.384791,1,weight_shift,0.115954,-0.014556,0.009054,-0.001022,0.014497
1466,29.3200,-1.259170,1,weight_shift,0.115894,-0.014318,0.009672,-0.004240,0.006840
1467,29.3400,-1.133548,1,weight_shift,0.115820,-0.013852,0.010008,-0.005156,0.024996
1468,29.3600,-1.007926,1,weight_shift,0.115726,-0.013007,0.009984,-0.006011,0.043576
1469,29.3800,-0.882304,1,weight_shift,0.115622,-0.011683,0.009702,-0.006150,0.076895
1470,29.4000,-0.756682,1,weight_shift,0.115471,-0.009930,0.009084,-0.007372,0.098960
1471,29.4200,-0.631061,1,weight_shift,0.115346,-0.007827,0.008331,-0.002722,0.096222
1472,29.4400,-0.505439,1,weight_shift,0.115338,-0.006102,0.007462,-0.000204,0.087407
1473,29.4600,-0.379817,1,weight_shift,0.115323,-0.004259,0.006132,-0.001248,0.094014
1474,29.4800,-0.254195,1,weight_shift,0.115282,-0.002590,0.004809,-0.002825,0.074842
1475,29.5000,-0.128573,1,weight_shift,0.115187,-0.001544,0.004076,-0.006291,0.035459
1476,29.5200,-0.002951,1,weight_shift,0.115166,-0.000198,0.003150,0.000228,0.080608
1477,29.5400,0.122670,1,weight_shift,0.115194,0.001747,0.001144,0.001372,0.117370
1478,29.5600,0.248292,1,weight_shift,0.115254,0.004330,-0.000725,0.004523,0.127753
1479,29.5800,0.373914,1,weight_shift,0.115317,0.006604,-0.001411,0.002415,0.104159
1480,29.6000,0.499536,1,weight_shift,0.115352,0.008435,-0.001381,0.001619,0.085172
1481,29.6200,0.625158,1,weight_shift,0.115371,0.010195,-0.001437,0.001152,0.090118
1482,29.6400,0.750779,1,weight_shift,0.115403,0.011975,-0.001533,0.001889,0.087141
1483,29.6600,0.876401,1,weight_shift,0.115448,0.013547,-0.001112,0.003328,0.066919
1484,29.6800,1.002023,1,weight_shift,0.115494,0.014626,0.000160,0.000554,0.050192
1485,29.7000,1.127645,1,weight_shift,0.115467,0.015687,0.001679,-0.001555,0.050775
1486,29.7200,1.253267,1,weight_shift,0.115467,0.016431,0.002939,0.001462,0.022163
1487,29.7400,1.378889,1,weight_shift,0.115456,0.016706,0.003893,-0.001764,0.010684
1488,29.7600,1.504510,1,weight_shift,0.115446,0.016552,0.004559,-0.001050,-0.007467
1489,29.7800,1.630132,1,weight_shift,0.115438,0.016245,0.005016,-0.001605,-0.008262
1490,29.8000,1.755754,1,weight_shift,0.115419,0.015951,0.005344,-0.001659,-0.006718
1491,29.8200,1.881376,1,weight_shift,0.115400,0.015730,0.005459,-0.002165,-0.002589
1492,29.8400,2.006998,1,weight_shift,0.115374,0.015450,0.005477,-0.002053,-0.008686
1493,29.8600,2.132619,1,weight_shift,0.115360,0.015181,0.005453,-0.001817,-0.004775
1494,29.8800,2.258241,1,weight_shift,0.115331,0.014250,0.005243,-0.001637,-0.062571
1495,29.9000,2.383863,1,weight_shift,0.115298,0.012912,0.004735,-0.001710,-0.060504
1496,29.9200,2.509485,1,weight_shift,0.115222,0.011076,0.003924,-0.004570,-0.107195
1497,29.9400,2.635107,1,weight_shift,0.115121,0.008644,0.002803,-0.004384,-0.139961
1498,29.9600,2.760729,1,weight_shift,0.115108,0.006024,0.002167,0.002994,-0.116207
1499,29.9800,2.886350,1,weight_shift,0.115189,0.004003,0.001188,0.003883,-0.093730
1500,30.0000,3.011972,1,weight_shift,0.115272,0.002215,-0.000319,0.004893,-0.091138
1501,30.0200,3.137594,1,weight_shift,0.115368,0.000201,-0.001646,0.003919,-0.096841
1502,30.0400,-3.019969,1,weight_shift,0.115432,-0.001703,-0.002370,0.003014,-0.094887
1503,30.0600,-2.894348,1,weight_shift,0.115491,-0.004062,-0.002483,0.002843,-0.134598
1504,30.0800,-2.768726,1,weight_shift,0.115577,-0.005941,-0.002076,0.004379,-0.077088
1505,30.1000,-2.643104,1,weight_shift,0.115649,-0.007423,-0.001317,0.003154,-0.080187
1506,30.1200,-2.517482,1,weight_shift,0.115712,-0.009077,-0.000642,0.003360,-0.082212
1507,30.1400,-2.391860,1,weight_shift,0.115779,-0.010603,0.000046,0.003263,-0.073496
1508,30.1600,-2.266239,1,weight_shift,0.115831,-0.011970,0.001179,0.002164,-0.065783
1509,30.1800,-2.140617,1,weight_shift,0.115863,-0.013151,0.002639,0.001574,-0.055823
1510,30.2000,-2.014995,1,weight_shift,0.115896,-0.014117,0.003930,0.001597,-0.042870
1511,30.2200,-1.889373,1,weight_shift,0.115919,-0.014729,0.005239,0.000894,-0.024081
1512,30.2400,-1.763751,1,weight_shift,0.115937,-0.014839,0.006686,-0.000061,-0.006052
1513,30.2600,-1.638129,1,weight_shift,0.115938,-0.014846,0.008040,0.000833,0.008957
1514,30.2800,-1.512508,1,weight_shift,0.115927,-0.014846,0.009115,-0.001006,-0.003367
1515,30.3000,-1.386886,1,weight_shift,0.115902,-0.014848,0.009901,-0.001059,0.004057
1516,30.3200,-1.261264,1,weight_shift,0.115861,-0.014701,0.010459,-0.002067,0.011051
1517,30.3400,-1.135642,1,weight_shift,0.115789,-0.014404,0.010711,-0.004765,0.013344
1518,30.3600,-1.010020,1,weight_shift,0.115715,-0.013612,0.010806,-0.005287,0.047194
1519,30.3800,-0.884399,1,weight_shift,0.115588,-0.012456,0.010506,-0.005722,0.072137
1520,30.4000,-0.758777,1,weight_shift,0.115454,-0.010577,0.009878,-0.007445,0.105786
1521,30.4200,-0.633155,1,weight_shift,0.115348,-0.008449,0.008917,-0.001541,0.093300
1522,30.4400,-0.507533,1,weight_shift,0.115343,-0.006710,0.007804,-0.000203,0.090502
1523,30.4600,-0.381911,1,weight_shift,0.115324,-0.004764,0.006502,-0.001481,0.099242
1524,30.4800,-0.256289,1,weight_shift,0.115284,-0.003004,0.005351,-0.003033,0.079272
1525,30.5000,-0.130668,1,weight_shift,0.115185,-0.001870,0.004704,-0.006414,0.039435
1526,30.5200,-0.005046,1,weight_shift,0.115132,-0.000844,0.003816,0.000375,0.073626
1527,30.5400,0.120576,1,weight_shift,0.115176,0.001132,0.001731,0.002234,0.122523
1528,30.5600,0.246198,1,weight_shift,0.115248,0.003864,-0.000545,0.004649,0.136180
1529,30.5800,0.371820,1,weight_shift,0.115322,0.006324,-0.001340,0.002267,0.111927
1530,30.6000,0.497441,1,weight_shift,0.115352,0.008242,-0.001315,0.001699,0.088227
1531,30.6200,0.623063,1,weight_shift,0.115372,0.010057,-0.001511,0.001321,0.093423
1532,30.6400,0.748685,1,weight_shift,0.115409,0.011951,-0.001693,0.002045,0.093680
1533,30.6600,0.874307,1,weight_shift,0.115453,0.013642,-0.001154,0.003259,0.072183
1534,30.6800,0.999929,1,weight_shift,0.115487,0.014761,0.000412,-0.000573,0.048753
1535,30.7000,1.125551,1,weight_shift,0.115457,0.015753,0.002044,-0.001228,0.047834
1536,30.7200,1.251172,1,weight_shift,0.115455,0.016535,0.003161,0.001617,0.026445
1537,30.7400,1.376794,1,weight_shift,0.115475,0.016701,0.004127,-0.000606,0.003735
1538,30.7600,1.502416,1,weight_shift,0.115452,0.016625,0.004919,-0.000094,-0.018311
1539,30.7800,1.628038,1,weight_shift,0.115433,0.016296,0.005411,0.000196,-0.024934
1540,30.8000,1.753660,1,weight_shift,0.115413,0.016052,0.005483,-0.002101,0.000047
1541,30.8200,1.879281,1,weight_shift,0.115409,0.015705,0.005562,-0.000493,-0.022983
1542,30.8400,2.004903,1,weight_shift,0.115368,0.015621,0.005254,-0.002216,0.004321
1543,30.8600,2.130525,1,weight_shift,0.115369,0.015178,0.005146,-0.000109,-0.028628
1544,30.8800,2.256147,1,weight_shift,0.115312,0.014538,0.004994,-0.002423,-0.048622
1545,30.9000,2.381769,1,weight_shift,0.115278,0.013022,0.004438,-0.001822,-0.086293
1546,30.9200,2.507391,1,weight_shift,0.115230,0.011216,0.003872,-0.002858,-0.086281
1547,30.9400,2.633012,1,weight_shift,0.115131,0.008702,0.003177,-0.005213,-0.149775
1548,30.9600,2.758634,1,weight_shift,0.115114,0.005921,0.002094,0.003080,-0.113917
1549,30.9800,2.884256,1,weight_shift,0.115198,0.003987,0.000483,0.004080,-0.089931
1550,31.0000,3.009878,1,weight_shift,0.115281,0.002258,-0.001217,0.004719,-0.089064
1551,31.0200,3.135500,1,weight_shift,0.115371,0.000267,-0.002361,0.003598,-0.096468
1552,31.0400,-3.022064,1,weight_shift,0.115433,-0.001642,-0.002907,0.003330,-0.096480
1553,31.0600,-2.896442,1,weight_shift,0.115501,-0.003835,-0.002921,0.003025,-0.126568
1554,31.0800,-2.770820,1,weight_shift,0.115579,-0.005993,-0.002373,0.004456,-0.086934
1555,31.1000,-2.645198,1,weight_shift,0.115653,-0.007573,-0.001342,0.003166,-0.081693
1556,31.1200,-2.519577,1,weight_shift,0.115710,-0.009203,-0.000214,0.002765,-0.080876
1557,31.1400,-2.393955,1,weight_shift,0.115768,-0.010688,0.000852,0.002930,-0.070447
1558,31.1600,-2.268333,1,weight_shift,0.115820,-0.011969,0.001921,0.002551,-0.060801
1559,31.1800,-2.142711,1,weight_shift,0.115864,-0.013095,0.003010,0.002020,-0.054317
1560,31.2000,-2.017089,1,weight_shift,0.115894,-0.014026,0.004216,0.001226,-0.038981
1561,31.2200,-1.891467,1,weight_shift,0.115915,-0.014471,0.005560,0.001629,-0.006718
1562,31.2400,-1.765846,1,weight_shift,0.115925,-0.014537,0.006824,-0.000242,-0.006316
1563,31.2600,-1.640224,1,weight_shift,0.115927,-0.014513,0.007895,0.000474,0.005264
1564,31.2800,-1.514602,1,weight_shift,0.115917,-0.014537,0.008715,-0.001285,-0.007376
1565,31.3000,-1.388980,1,weight_shift,0.115893,-0.014526,0.009323,-0.002342,-0.003043
1566,31.3200,-1.263358,1,weight_shift,0.115850,-0.014417,0.009708,-0.002750,0.009208
1567,31.3400,-1.137737,1,weight_shift,0.115786,-0.014094,0.009779,-0.002506,0.029038
1568,31.3600,-1.012115,1,weight_shift,0.115699,-0.013415,0.009505,-0.004987,0.039207
1569,31.3800,-0.886493,1,weight_shift,0.115590,-0.012252,0.009101,-0.007180,0.061696
1570,31.4000,-0.760871,1,weight_shift,0.115458,-0.010541,0.008665,-0.007073,0.097873
1571,31.4200,-0.635249,1,weight_shift,0.115311,-0.008337,0.008115,-0.005598,0.108343
1572,31.4400,-0.509627,1,weight_shift,0.115301,-0.006606,0.007419,0.000047,0.082171
1573,31.4600,-0.384006,1,weight_shift,0.115296,-0.004859,0.006236,-0.000385,0.092573
1574,31.4800,-0.258384,1,weight_shift,0.115269,-0.003115,0.004963,-0.002275,0.080111
1575,31.5000,-0.132762,1,weight_shift,0.115180,-0.001934,0.004215,-0.006074,0.042100
1576,31.5200,-0.007140,1,weight_shift,0.115154,-0.000580,0.003266,0.000356,0.082832
1577,31.5400,0.118482,1,weight_shift,0.115186,0.001445,0.001262,0.001592,0.120632
1578,31.5600,0.244103,1,weight_shift,0.115246,0.004089,-0.000663,0.004030,0.129295
1579,31.5800,0.369725,1,weight_shift,0.115313,0.006412,-0.001283,0.002443,0.105979
1580,31.6000,0.495347,1,weight_shift,0.115348,0.008253,-0.001169,0.001583,0.084769
1581,31.6200,0.620969,1,weight_shift,0.115369,0.010007,-0.001268,0.001375,0.089864
1582,31.6400,0.746591,1,weight_shift,0.115408,0.011837,-0.001501,0.002270,0.092131
1583,31.6600,0.872213,1,weight_shift,0.115467,0.013465,-0.001028,0.003819,0.068301
1584,31.6800,0.997834,1,weight_shift,0.115476,0.014659,0.000431,-0.001128,0.056671
1585,31.7000,1.123456,1,weight_shift,0.115454,0.015729,0.002058,-0.000633,0.049215
1586,31.7200,1.249078,1,weight_shift,0.115477,0.016331,0.003357,0.000137,0.023889
1587,31.7400,1.374700,1,weight_shift,0.115466,0.016591,0.004349,0.000304,-0.001552
1588,31.7600,1.500322,1,weight_shift,0.115451,0.016449,0.005060,0.000112,-0.020073
1589,31.7800,1.625943,1,weight_shift,0.115442,0.016152,0.005363,0.000384,-0.021347
1590,31.8000,1.751565,1,weight_shift,0.115425,0.015872,0.005440,-0.000498,-0.012634
1591,31.8200,1.877187,1,weight_shift,0.115403,0.015720,0.005350,-0.000959,-0.009293
1592,31.8400,2.002809,1,weight_shift,0.115383,0.015470,0.005198,-0.001582,-0.009960
1593,31.8600,2.128431,1,weight_shift,0.115361,0.015192,0.005030,-0.001745,-0.018203
1594,31.8800,2.254052,1,weight_shift,0.115330,0.014402,0.004645,-0.000993,-0.055928
1595,31.9000,2.379674,1,weight_shift,0.115298,0.013182,0.004412,-0.002844,-0.075606
1596,31.9200,2.505296,1,weight_shift,0.115221,0.011259,0.003924,-0.004246,-0.106635
1597,31.9400,2.630918,1,weight_shift,0.115132,0.008978,0.003125,-0.003881,-0.131469
1598,31.9600,2.756540,1,weight_shift,0.115095,0.006134,0.002435,0.001652,-0.129896
1599,31.9800,2.882162,1,weight_shift,0.115177,0.004010,0.001129,0.004455,-0.096231
