step,t,phase,move,move_name,trunk_z,trunk_roll,trunk_pitch,trunk_vz,trunk_roll_rate
0,0.0000,-0.133577,0,squat_bounce,0.123503,-0.000213,-0.000502,-0.149593,-0.020455
1,0.0200,0.117666,0,squat_bounce,0.118021,-0.000959,-0.002275,-0.348729,-0.047707
2,0.0400,0.368910,0,squat_bounce,0.113811,-0.002344,-0.002338,-0.075102,-0.080257
3,0.0600,0.620154,0,squat_bounce,0.113212,-0.003382,-0.002042,-0.022268,-0.027018
4,0.0800,0.871397,0,squat_bounce,0.112715,-0.003676,-0.003381,-0.027402,-0.007614
5,0.1000,1.122641,0,squat_bounce,0.112108,-0.003726,-0.004125,-0.031610,0.001668
6,0.1200,1.373885,0,squat_bounce,0.111485,-0.003688,-0.003866,-0.029844,0.000214
7,0.1400,1.625128,0,squat_bounce,0.110950,-0.003784,-0.003257,-0.024644,-0.008794
8,0.1600,1.876372,0,squat_bounce,0.110524,-0.004018,-0.002913,-0.019375,-0.012512
9,0.1800,2.127616,0,squat_bounce,0.110172,-0.004248,-0.002958,-0.016441,-0.009772
10,0.2000,2.378859,0,squat_bounce,0.109874,-0.004366,-0.003185,-0.014245,-0.003041
11,0.2200,2.630103,0,squat_bounce,0.109620,-0.004217,-0.003311,-0.013000,0.010192
12,0.2400,2.881346,0,squat_bounce,0.109337,-0.004024,-0.003131,-0.014723,0.009259
13,0.2600,3.132590,0,squat_bounce,0.109026,-0.003833,-0.002783,-0.016082,0.009843
14,0.2800,-2.899352,0,squat_bounce,0.108685,-0.003626,-0.002615,-0.017714,0.010550
15,0.3000,-2.648108,0,squat_bounce,0.108308,-0.003397,-0.002702,-0.019633,0.012169
16,0.3200,-2.396864,0,squat_bounce,0.107893,-0.003127,-0.002983,-0.021426,0.014483
17,0.3400,-2.145621,0,squat_bounce,0.107451,-0.002814,-0.003366,-0.022466,0.016411
18,0.3600,-1.894377,0,squat_bounce,0.107004,-0.002476,-0.003772,-0.022198,0.017144
19,0.3800,-1.643133,0,squat_bounce,0.106582,-0.002143,-0.004157,-0.020321,0.016333
20,0.4000,-1.391890,0,squat_bounce,0.106247,-0.001674,-0.004461,-0.015107,0.024170
21,0.4200,-1.140646,0,squat_bounce,0.105996,-0.001287,-0.004737,-0.010939,0.016060
22,0.4400,-0.889402,0,squat_bounce,0.105838,-0.001071,-0.004971,-0.006038,0.008235
23,0.4600,-0.638159,0,squat_bounce,0.105743,-0.001193,-0.005161,-0.002716,-0.011477
24,0.4800,-0.386915,0,squat_bounce,0.105764,-0.001249,-0.005358,0.002785,0.001458
25,0.5000,-0.135672,0,squat_bounce,0.105852,-0.001362,-0.005857,0.005603,-0.012165
26,0.5200,0.115572,0,squat_bounce,0.106025,-0.001538,-0.006792,0.010464,-0.010245
27,0.5400,0.366816,0,squat_bounce,0.106266,-0.001776,-0.007718,0.012928,-0.008102
28,0.5600,0.618059,0,squat_bounce,0.106542,-0.001853,-0.008408,0.014524,0.001686
29,0.5800,0.869303,0,squat_bounce,0.106852,-0.001658,-0.008974,0.015795,0.013515
30,0.6000,1.120547,0,squat_bounce,0.107160,-0.001449,-0.009328,0.015407,0.013007
31,0.6200,1.371790,0,squat_bounce,0.107449,-0.001257,-0.009689,0.014529,0.011190
32,0.6400,1.623034,0,squat_bounce,0.107741,-0.001195,-0.009780,0.014178,0.001648
33,0.6600,1.874278,0,squat_bounce,0.107984,-0.001206,-0.009406,0.011141,0.001199
34,0.6800,2.125521,0,squat_bounce,0.108169,-0.001055,-0.009121,0.008209,0.010532
35,0.7000,2.376765,0,squat_bounce,0.108299,-0.000839,-0.008946,0.005132,0.009144
36,0.7200,2.628008,0,squat_bounce,0.108342,-0.000905,-0.008623,0.000722,-0.010444
37,0.7400,2.879252,0,squat_bounce,0.108340,-0.000980,-0.008081,-0.000361,0.002705
38,0.7600,3.130496,0,squat_bounce,0.108307,-0.000811,-0.007247,-0.002510,0.007065
39,0.7800,-2.901446,0,squat_bounce,0.108210,-0.000681,-0.005892,-0.006204,0.006351
40,0.8000,-2.650202,0,squat_bounce,0.108042,-0.000561,-0.004469,-0.009426,0.003508
41,0.8200,-2.398959,0,squat_bounce,0.107781,-0.000622,-0.003042,-0.014590,-0.003564
42,0.8400,-2.147715,0,squat_bounce,0.107458,-0.000626,-0.001650,-0.016170,0.003517
43,0.8600,-1.896471,0,squat_bounce,0.107121,-0.000478,-0.000641,-0.017720,-0.000069
44,0.8800,-1.645228,0,squat_bounce,0.106752,-0.000581,0.000278,-0.018509,-0.006362
45,0.9000,-1.393984,0,squat_bounce,0.106409,-0.000760,0.001095,-0.014823,-0.000936
46,0.9200,-1.142741,0,squat_bounce,0.106160,-0.000677,0.001227,-0.011074,0.005372
47,0.9400,-0.891497,0,squat_bounce,0.105976,-0.000763,0.000874,-0.007953,-0.010105
48,0.9600,-0.640253,0,squat_bounce,0.105889,-0.000946,0.000155,-0.002344,-0.012749
49,0.9800,-0.389010,0,squat_bounce,0.105876,-0.001199,-0.000688,-0.001332,-0.020336
50,1.0000,-0.137766,0,squat_bounce,0.105936,-0.001462,-0.002047,0.006000,-0.008214
51,1.0200,0.113478,0,squat_bounce,0.106083,-0.001417,-0.003670,0.008534,0.009801
52,1.0400,0.364721,0,squat_bounce,0.106307,-0.001401,-0.005263,0.012047,-0.002440
53,1.0600,0.615965,0,squat_bounce,0.106581,-0.001381,-0.006869,0.014172,0.002682
54,1.0800,0.867209,0,squat_bounce,0.106881,-0.001273,-0.008187,0.015045,0.005563
55,1.1000,1.118452,0,squat_bounce,0.107189,-0.001115,-0.009172,0.014753,0.006112
56,1.1200,1.369696,0,squat_bounce,0.107482,-0.000886,-0.009836,0.014310,0.013260
57,1.1400,1.620939,0,squat_bounce,0.107756,-0.000638,-0.010443,0.012689,0.002347
58,1.1600,1.872183,0,squat_bounce,0.107993,-0.000615,-0.010554,0.010956,0.002886
59,1.1800,2.123427,0,squat_bounce,0.108176,-0.000538,-0.010280,0.007766,-0.001412
60,1.2000,2.374670,0,squat_bounce,0.108280,-0.000675,-0.009928,0.004199,-0.003614
61,1.2200,2.625914,0,squat_bounce,0.108331,-0.000763,-0.009244,0.002183,-0.001375
62,1.2400,2.877158,0,squat_bounce,0.108355,-0.000656,-0.008543,0.000324,0.008368
63,1.2600,3.128401,0,squat_bounce,0.108329,-0.000447,-0.007726,-0.002293,0.007056
64,1.2800,-2.903540,0,squat_bounce,0.108233,-0.000356,-0.006315,-0.006169,0.003628
65,1.3000,-2.652297,0,squat_bounce,0.108059,-0.000329,-0.004667,-0.009975,-0.000415
66,1.3200,-2.401053,0,squat_bounce,0.107798,-0.000348,-0.003316,-0.014331,-0.004692
67,1.3400,-2.149809,0,squat_bounce,0.107471,-0.000435,-0.001920,-0.017299,-0.003271
68,1.3600,-1.898566,0,squat_bounce,0.107103,-0.000460,-0.000610,-0.018653,-0.001048
69,1.3800,-1.647322,0,squat_bounce,0.106747,-0.000416,0.000349,-0.018154,-0.001652
70,1.4000,-1.396079,0,squat_bounce,0.106385,-0.000639,0.000922,-0.017625,-0.019661
71,1.4200,-1.144835,0,squat_bounce,0.106125,-0.000707,0.000865,-0.010898,0.004367
72,1.4400,-0.893591,0,squat_bounce,0.105960,-0.000616,0.000212,-0.007178,-0.001026
73,1.4600,-0.642348,0,squat_bounce,0.105864,-0.000830,-0.000529,-0.002377,-0.008974
74,1.4800,-0.391104,0,squat_bounce,0.105870,-0.001012,-0.001282,0.000999,-0.011435
75,1.5000,-0.139860,0,squat_bounce,0.105937,-0.001287,-0.002393,0.005455,-0.010694
76,1.5200,0.111383,0,squat_bounce,0.106091,-0.001484,-0.004004,0.008298,-0.009111
77,1.5400,0.362627,0,squat_bounce,0.106286,-0.001677,-0.005563,0.011835,0.000529
78,1.5600,0.613871,0,squat_bounce,0.106565,-0.001436,-0.007050,0.014711,0.017466
79,1.5800,0.865114,0,squat_bounce,0.106858,-0.001176,-0.008093,0.014680,0.009441
80,1.6000,1.116358,0,squat_bounce,0.107167,-0.000959,-0.008827,0.015185,0.010093
81,1.6200,1.367601,0,squat_bounce,0.107466,-0.000755,-0.009325,0.014437,0.010203
82,1.6400,1.618845,0,squat_bounce,0.107730,-0.000542,-0.009610,0.012655,0.011552
83,1.6600,1.870089,0,squat_bounce,0.107969,-0.000324,-0.009902,0.011003,0.008749
84,1.6800,2.121332,0,squat_bounce,0.108139,-0.000293,-0.010017,0.007082,-0.005279
85,1.7000,2.372576,0,squat_bounce,0.108238,-0.000436,-0.009658,0.003777,-0.005649
86,1.7200,2.623820,0,squat_bounce,0.108291,-0.000448,-0.009087,0.002466,0.001406
87,1.7400,2.875063,0,squat_bounce,0.108319,-0.000315,-0.008521,0.000532,0.009399
88,1.7600,3.126307,0,squat_bounce,0.108291,-0.000100,-0.007594,-0.002497,0.010298
89,1.7800,-2.905635,0,squat_bounce,0.108198,0.000036,-0.006326,-0.005865,0.004339
90,1.8000,-2.654391,0,squat_bounce,0.108041,0.000058,-0.005064,-0.009174,-0.004240
91,1.8200,-2.403147,0,squat_bounce,0.107783,-0.000099,-0.003577,-0.014449,-0.007731
92,1.8400,-2.151904,0,squat_bounce,0.107463,-0.000192,-0.002144,-0.016024,-0.001301
93,1.8600,-1.900660,0,squat_bounce,0.107116,-0.000249,-0.001003,-0.018323,-0.005875
94,1.8800,-1.649417,0,squat_bounce,0.106743,-0.000390,-0.000180,-0.018453,-0.007593
95,1.9000,-1.398173,0,squat_bounce,0.106400,-0.000594,0.000425,-0.015589,-0.009160
96,1.9200,-1.146929,0,squat_bounce,0.106148,-0.000590,0.000355,-0.011010,0.004251
97,1.9400,-0.895686,0,squat_bounce,0.105969,-0.000607,-0.000164,-0.008288,-0.010565
98,1.9600,-0.644442,0,squat_bounce,0.105878,-0.000724,-0.000823,-0.002816,-0.011044
99,1.9800,-0.393198,0,squat_bounce,0.105873,-0.000983,-0.001499,0.001506,-0.008033
100,2.0000,-0.141955,0,squat_bounce,0.105947,-0.001128,-0.002472,0.004535,-0.012706
101,2.0200,0.109289,0,squat_bounce,0.106097,-0.001266,-0.003967,0.008271,-0.004630
102,2.0400,0.360533,0,squat_bounce,0.106279,-0.001472,-0.005422,0.011415,-0.000760
103,2.0600,0.611776,0,squat_bounce,0.106555,-0.001196,-0.006817,0.014071,0.021525
104,2.0800,0.863020,0,squat_bounce,0.106830,-0.000983,-0.007844,0.015052,0.006177
105,2.1000,1.114263,0,squat_bounce,0.107145,-0.000871,-0.008672,0.015684,0.005470
106,2.1200,1.365507,0,squat_bounce,0.107442,-0.000737,-0.009265,0.014440,0.009736
107,2.1400,1.616751,0,squat_bounce,0.107709,-0.000508,-0.009664,0.012747,0.008711
108,2.1600,1.867994,0,squat_bounce,0.107942,-0.000383,-0.009817,0.010772,0.006516
109,2.1800,2.119238,0,squat_bounce,0.108110,-0.000464,-0.009814,0.007046,-0.008226
110,2.2000,2.370482,0,squat_bounce,0.108217,-0.000534,-0.009569,0.004547,-0.001192
111,2.2200,2.621725,0,squat_bounce,0.108271,-0.000553,-0.009010,0.001703,-0.001025
112,2.2400,2.872969,0,squat_bounce,0.108299,-0.000389,-0.008456,0.000773,0.011965
113,2.2600,3.124213,0,squat_bounce,0.108278,-0.000125,-0.007693,-0.002147,0.012492
114,2.2800,-2.907729,0,squat_bounce,0.108199,0.000059,-0.006621,-0.005286,0.003949
115,2.3000,-2.656486,0,squat_bounce,0.108037,0.000049,-0.005151,-0.010128,-0.003810
116,2.3200,-2.405242,0,squat_bounce,0.107780,-0.000041,-0.003619,-0.013410,-0.002549
117,2.3400,-2.153998,0,squat_bounce,0.107472,-0.000069,-0.002377,-0.016560,0.004468
118,2.3600,-1.902755,0,squat_bounce,0.107119,-0.000188,-0.001266,-0.018174,-0.008176
119,2.3800,-1.651511,0,squat_bounce,0.106750,-0.000334,-0.000107,-0.018229,-0.006960
120,2.4000,-1.400267,0,squat_bounce,0.106427,-0.000404,0.000717,-0.014584,0.002109
121,2.4200,-1.149024,0,squat_bounce,0.106162,-0.000415,0.000941,-0.012922,-0.009830
122,2.4400,-0.897780,0,squat_bounce,0.105976,-0.000526,0.000551,-0.007299,-0.002876
123,2.4600,-0.646536,0,squat_bounce,0.105877,-0.000706,-0.000215,-0.003433,-0.007398
124,2.4800,-0.395293,0,squat_bounce,0.105872,-0.000990,-0.000947,0.000727,-0.019378
125,2.5000,-0.144049,0,squat_bounce,0.105940,-0.001208,-0.001877,0.003701,-0.006354
126,2.5200,0.107194,0,squat_bounce,0.106052,-0.001130,-0.003122,0.008214,0.002697
127,2.5400,0.358438,0,squat_bounce,0.106269,-0.001171,-0.004647,0.011506,-0.005483
128,2.5600,0.609682,0,squat_bounce,0.106535,-0.001171,-0.006291,0.013849,0.002473
129,2.5800,0.860925,0,squat_bounce,0.106828,-0.001075,-0.007629,0.015092,0.006790
130,2.6000,1.112169,0,squat_bounce,0.107134,-0.000910,-0.008613,0.015083,0.007484
131,2.6200,1.363413,0,squat_bounce,0.107438,-0.000721,-0.009261,0.014972,0.010257
132,2.6400,1.614656,0,squat_bounce,0.107702,-0.000539,-0.009577,0.012827,0.011954
133,2.6600,1.865900,0,squat_bounce,0.107940,-0.000270,-0.009870,0.011334,0.011860
134,2.6800,2.117144,0,squat_bounce,0.108116,-0.000219,-0.010004,0.007422,-0.000514
135,2.7000,2.368387,0,squat_bounce,0.108225,-0.000335,-0.009613,0.004232,-0.005062
136,2.7200,2.619631,0,squat_bounce,0.108275,-0.000356,-0.008970,0.001971,0.003047
137,2.7400,2.870874,0,squat_bounce,0.108308,-0.000241,-0.008339,0.000936,0.007855
138,2.7600,3.122118,0,squat_bounce,0.108288,-0.000045,-0.007403,-0.002109,0.010128
139,2.7800,-2.909824,0,squat_bounce,0.108200,0.000093,-0.006123,-0.005645,0.004683
140,2.8000,-2.658580,0,squat_bounce,0.108039,0.000093,-0.004767,-0.009404,-0.002555
141,2.8200,-2.407336,0,squat_bounce,0.107789,-0.000015,-0.003588,-0.014015,-0.009004
142,2.8400,-2.156093,0,squat_bounce,0.107468,-0.000156,-0.002204,-0.016964,-0.005443
143,2.8600,-1.904849,0,squat_bounce,0.107113,-0.000211,-0.000913,-0.017285,0.000270
144,2.8800,-1.653605,0,squat_bounce,0.106765,-0.000175,0.000052,-0.018028,-0.002298
145,2.9000,-1.402362,0,squat_bounce,0.106404,-0.000445,0.000707,-0.016332,-0.013774
146,2.9200,-1.151118,0,squat_bounce,0.106146,-0.000504,0.000666,-0.011206,0.002551
147,2.9400,-0.899874,0,squat_bounce,0.105970,-0.000462,0.000071,-0.007809,-0.003702
148,2.9600,-0.648631,0,squat_bounce,0.105867,-0.000638,-0.000584,-0.003403,-0.011727
149,2.9800,-0.397387,0,squat_bounce,0.105860,-0.000917,-0.001212,-0.000027,-0.022461
150,3.0000,-0.146144,0,squat_bounce,0.105923,-0.001235,-0.002130,0.005426,-0.008008
151,3.0200,0.105100,0,squat_bounce,0.106046,-0.001298,-0.003394,0.007074,-0.001985
152,3.0400,0.356344,0,squat_bounce,0.106248,-0.001249,-0.004861,0.011929,0.001837
153,3.0600,0.607587,0,squat_bounce,0.106512,-0.001370,-0.006169,0.014149,-0.003131
154,3.0800,0.858831,0,squat_bounce,0.106807,-0.001354,-0.007260,0.015099,0.003839
155,3.1000,1.110075,0,squat_bounce,0.107110,-0.001206,-0.008092,0.014960,0.007656
156,3.1200,1.361318,0,squat_bounce,0.107404,-0.001035,-0.008621,0.014266,0.007689
157,3.1400,1.612562,0,squat_bounce,0.107680,-0.000816,-0.008930,0.013131,0.014046
158,3.1600,1.863806,0,squat_bounce,0.107904,-0.000575,-0.009098,0.010458,0.012149
159,3.1800,2.115049,0,squat_bounce,0.108095,-0.000325,-0.009306,0.008541,0.010474
160,3.2000,2.366293,0,squat_bounce,0.108207,-0.000302,-0.009394,0.004384,-0.003313
161,3.2200,2.617536,0,squat_bounce,0.108255,-0.000418,-0.009041,0.001433,-0.006100
162,3.2400,2.868780,0,squat_bounce,0.108265,-0.000425,-0.008559,0.000461,0.006141
163,3.2600,3.120024,0,squat_bounce,0.108254,-0.000194,-0.007976,-0.001419,0.009749
164,3.2800,-2.911918,0,squat_bounce,0.108178,-0.000042,-0.006815,-0.005178,0.006826
165,3.3000,-2.660674,0,squat_bounce,0.108024,0.000026,-0.005352,-0.008998,0.001280
166,3.3200,-2.409431,0,squat_bounce,0.107786,-0.000044,-0.003938,-0.013849,-0.006397
167,3.3400,-2.158187,0,squat_bounce,0.107475,-0.000126,-0.002779,-0.016508,-0.007546
168,3.3600,-1.906943,0,squat_bounce,0.107119,-0.000250,-0.001479,-0.018257,-0.005188
169,3.3800,-1.655700,0,squat_bounce,0.106751,-0.000335,-0.000325,-0.018169,-0.004242
170,3.4000,-1.404456,0,squat_bounce,0.106422,-0.000430,0.000515,-0.015402,-0.005501
171,3.4200,-1.153212,0,squat_bounce,0.106166,-0.000401,0.000585,-0.011276,0.004113
172,3.4400,-0.901969,0,squat_bounce,0.105975,-0.000496,0.000191,-0.008149,-0.009803
173,3.4600,-0.650725,0,squat_bounce,0.105883,-0.000597,-0.000520,-0.002905,0.003282
174,3.4800,-0.399482,0,squat_bounce,0.105863,-0.000935,-0.001200,0.001501,-0.016962
175,3.5000,-0.148238,0,squat_bounce,0.105930,-0.001139,-0.001999,0.003173,-0.009817
176,3.5200,0.103006,0,squat_bounce,0.106050,-0.001057,-0.003226,0.007950,0.000849
177,3.5400,0.354249,0,squat_bounce,0.106266,-0.001090,-0.004746,0.012107,0.000416
178,3.5600,0.605493,0,squat_bounce,0.106524,-0.001154,-0.006291,0.013844,0.001184
179,3.5800,0.856737,0,squat_bounce,0.106817,-0.001003,-0.007646,0.013692,0.008389
180,3.6000,1.107980,0,squat_bounce,0.107112,-0.000941,-0.008586,0.015421,0.004874
181,3.6200,1.359224,0,squat_bounce,0.107420,-0.000779,-0.009313,0.015116,0.009380
182,3.6400,1.610468,0,squat_bounce,0.107686,-0.000594,-0.009680,0.012831,0.012542
183,3.6600,1.861711,0,squat_bounce,0.107920,-0.000333,-0.009962,0.010548,0.007540
184,3.6800,2.112955,0,squat_bounce,0.108088,-0.000351,-0.010089,0.007574,0.000593
185,3.7000,2.364198,0,squat_bounce,0.108203,-0.000387,-0.009716,0.004647,-0.000479
186,3.7200,2.615442,0,squat_bounce,0.108262,-0.000317,-0.009076,0.002556,0.008190
187,3.7400,2.866686,0,squat_bounce,0.108300,-0.000054,-0.008545,0.001069,0.012288
188,3.7600,3.117929,0,squat_bounce,0.108281,0.000155,-0.007640,-0.002122,0.009293
189,3.7800,-2.914012,0,squat_bounce,0.108193,0.000262,-0.006326,-0.005647,0.003164
190,3.8000,-2.662769,0,squat_bounce,0.108028,0.000225,-0.004937,-0.010132,-0.005310
191,3.8200,-2.411525,0,squat_bounce,0.107778,0.000114,-0.003727,-0.013839,-0.008072
192,3.8400,-2.160281,0,squat_bounce,0.107461,-0.000007,-0.002335,-0.016695,-0.004486
193,3.8600,-1.909038,0,squat_bounce,0.107122,-0.000011,-0.001037,-0.017391,-0.000679
194,3.8800,-1.657794,0,squat_bounce,0.106756,-0.000139,-0.000066,-0.018315,-0.008733
195,3.9000,-1.406551,0,squat_bounce,0.106399,-0.000439,0.000600,-0.015906,-0.012757
196,3.9200,-1.155307,0,squat_bounce,0.106148,-0.000453,0.000550,-0.010899,0.004534
197,3.9400,-0.904063,0,squat_bounce,0.105970,-0.000452,-0.000002,-0.008297,-0.009599
198,3.9600,-0.652820,0,squat_bounce,0.105879,-0.000546,-0.000737,-0.002767,0.003608
199,3.9800,-0.401576,0,squat_bounce,0.105867,-0.000791,-0.001382,0.001318,-0.014433
200,4.0000,-0.150332,0,squat_bounce,0.105941,-0.001055,-0.002193,0.004620,-0.013348
201,4.0200,0.100911,0,squat_bounce,0.106060,-0.001137,-0.003449,0.006920,-0.001055
202,4.0400,0.352155,0,squat_bounce,0.106247,-0.001134,-0.004763,0.011300,0.001061
203,4.0600,0.603399,0,squat_bounce,0.106503,-0.001174,-0.006061,0.013430,-0.002817
204,4.0800,0.854642,0,squat_bounce,0.106801,-0.001067,-0.007370,0.015299,0.009475
205,4.1000,1.105886,0,squat_bounce,0.107095,-0.000961,-0.008292,0.014996,0.005691
206,4.1200,1.357129,0,squat_bounce,0.107398,-0.000776,-0.008964,0.014942,0.010848
207,4.1400,1.608373,0,squat_bounce,0.107669,-0.000570,-0.009297,0.012796,0.011551
208,4.1600,1.859617,0,squat_bounce,0.107901,-0.000278,-0.009428,0.010832,0.015500
209,4.1800,2.110860,0,squat_bounce,0.108072,-0.000219,-0.009573,0.007241,-0.003007
210,4.2000,2.362104,0,squat_bounce,0.108182,-0.000240,-0.009470,0.004764,0.003784
211,4.2200,2.613348,0,squat_bounce,0.108242,-0.000226,-0.009039,0.002009,-0.000269
212,4.2400,2.864591,0,squat_bounce,0.108276,-0.000034,-0.008518,0.001084,0.013759
213,4.2600,3.115835,0,squat_bounce,0.108262,0.000229,-0.007830,-0.001802,0.011702
214,4.2800,-2.916107,0,squat_bounce,0.108183,0.000396,-0.006808,-0.004865,0.010251
215,4.3000,-2.664863,0,squat_bounce,0.108037,0.000356,-0.005512,-0.008788,-0.005427
216,4.3200,-2.413619,0,squat_bounce,0.107787,0.000166,-0.003948,-0.013992,-0.009144
217,4.3400,-2.162376,0,squat_bounce,0.107486,0.000049,-0.002505,-0.016424,-0.007237
218,4.3600,-1.911132,0,squat_bounce,0.107128,-0.000117,-0.001332,-0.018379,-0.008377
219,4.3800,-1.659889,0,squat_bounce,0.106757,-0.000273,-0.000445,-0.018341,-0.007543
220,4.4000,-1.408645,0,squat_bounce,0.106415,-0.000464,0.000232,-0.015591,-0.007962
221,4.4200,-1.157401,0,squat_bounce,0.106160,-0.000439,0.000235,-0.011194,0.004869
222,4.4400,-0.906158,0,squat_bounce,0.105976,-0.000462,-0.000210,-0.007448,-0.001623
223,4.4600,-0.654914,0,squat_bounce,0.105876,-0.000552,-0.000875,-0.003141,-0.005081
224,4.4800,-0.403670,0,squat_bounce,0.105868,-0.000698,-0.001525,0.001059,-0.005529
225,4.5000,-0.152427,0,squat_bounce,0.105919,-0.000901,-0.002413,0.003710,-0.013212
226,4.5200,0.098817,0,squat_bounce,0.106063,-0.001113,-0.003930,0.008278,-0.009305
227,4.5400,0.350061,1,weight_shift,0.106499,-0.001305,-0.005645,0.033098,-0.007986
228,4.5600,0.601304,1,weight_shift,0.107453,-0.001607,-0.007032,0.055820,-0.026533
229,4.5800,0.852548,1,weight_shift,0.108721,-0.002260,-0.007473,0.066239,-0.035155
230,4.6000,1.103791,1,weight_shift,0.110047,-0.002779,-0.006891,0.064704,-0.021854
231,4.6200,1.355035,1,weight_shift,0.111260,-0.002893,-0.005637,0.057872,0.004179
232,4.6400,1.606279,1,weight_shift,0.112266,-0.002854,-0.004269,0.045009,-0.013198
233,4.6600,1.857522,1,weight_shift,0.113058,-0.003015,-0.002929,0.036950,0.002218
234,4.6800,2.108766,1,weight_shift,0.113714,-0.002588,-0.002125,0.029876,0.027671
235,4.7000,2.360010,1,weight_shift,0.114211,-0.001958,-0.002029,0.022083,0.030486
236,4.7200,2.611253,1,weight_shift,0.114550,-0.001466,-0.001912,0.013786,0.021098
237,4.7400,2.862497,1,weight_shift,0.114782,-0.000902,-0.001874,0.010766,0.033402
238,4.7600,3.113741,1,weight_shift,0.114947,-0.000564,-0.001736,0.006733,0.011644
239,4.7800,-2.918201,1,weight_shift,0.115064,-0.000358,-0.001391,0.005090,0.003372
240,4.8000,-2.666957,1,weight_shift,0.115136,-0.000347,-0.000856,0.003336,0.001122
241,4.8200,-2.415714,1,weight_shift,0.115179,-0.000456,-0.000122,0.001276,-0.013141
242,4.8400,-2.164470,1,weight_shift,0.115200,-0.000751,0.000806,0.000942,-0.017089
243,4.8600,-1.913227,1,weight_shift,0.115213,-0.001150,0.001789,0.001140,-0.015650
244,4.8800,-1.661983,1,weight_shift,0.115236,-0.001273,0.002609,0.001429,-0.000980
245,4.9000,-1.410739,1,weight_shift,0.115252,-0.001396,0.003339,0.000499,-0.009532
246,4.9200,-1.159496,1,weight_shift,0.115274,-0.001462,0.003641,0.001264,-0.003616
247,4.9400,-0.908252,1,weight_shift,0.115286,-0.001603,0.003653,0.000304,-0.009413
248,4.9600,-0.657008,1,weight_shift,0.115305,-0.001673,0.003378,0.001177,-0.002311
249,4.9800,-0.405765,1,weight_shift,0.115318,-0.001768,0.002970,0.000341,-0.006271
250,5.0000,-0.154521,1,weight_shift,0.115332,-0.001793,0.002291,0.000770,0.003024
251,5.0200,0.096723,1,weight_shift,0.115355,-0.001681,0.001426,0.001064,0.005343
252,5.0400,0.347966,1,weight_shift,0.115363,-0.001751,0.000462,0.000618,0.000510
253,5.0600,0.599210,1,weight_shift,0.115380,-0.001678,-0.000694,0.001179,0.009110
254,5.0800,0.850453,1,weight_shift,0.115399,-0.001573,-0.001772,0.000741,0.006427
255,5.1000,1.101697,1,weight_shift,0.115411,-0.001476,-0.002818,0.000548,0.006245
256,5.1200,1.352941,1,weight_shift,0.115430,-0.001393,-0.003833,0.000881,0.003901
257,5.1400,1.604184,1,weight_shift,0.115441,-0.001370,-0.004622,0.000364,0.001231
258,5.1600,1.855428,1,weight_shift,0.115453,-0.001404,-0.005233,0.000455,-0.003392
259,5.1800,2.106672,1,weight_shift,0.115458,-0.001507,-0.005617,0.000115,-0.004532
260,5.2000,2.357915,1,weight_shift,0.115462,-0.001582,-0.005938,0.000549,-0.001622
261,5.2200,2.609159,1,weight_shift,0.115466,-0.001663,-0.005996,0.000085,-0.003649
262,5.2400,2.860403,1,weight_shift,0.115466,-0.001697,-0.005843,-0.000056,-0.001055
263,5.2600,3.111646,1,weight_shift,0.115469,-0.001680,-0.005594,0.000367,-0.000057
264,5.2800,-2.920296,1,weight_shift,0.115471,-0.001710,-0.005045,-0.000094,-0.002789
265,5.3000,-2.669052,1,weight_shift,0.115465,-0.001744,-0.004330,-0.000286,-0.002984
266,5.3200,-2.417808,1,weight_shift,0.115464,-0.001769,-0.003643,0.000187,-0.003256
267,5.3400,-2.166565,1,weight_shift,0.115464,-0.001848,-0.002788,-0.000105,-0.005653
268,5.3600,-1.915321,1,weight_shift,0.115460,-0.001900,-0.001867,-0.000150,-0.003086
269,5.3800,-1.664077,1,weight_shift,0.115458,-0.001891,-0.001061,-0.000022,0.000315
270,5.4000,-1.412834,1,weight_shift,0.115459,-0.001837,-0.000471,0.000036,0.001891
271,5.4200,-1.161590,1,weight_shift,0.115463,-0.001805,-0.000169,0.000181,-0.001840
272,5.4400,-0.910346,1,weight_shift,0.115464,-0.001855,-0.000021,0.000017,-0.002794
273,5.4600,-0.659103,1,weight_shift,0.115464,-0.001901,-0.000080,-0.000002,-0.001870
274,5.4800,-0.407859,1,weight_shift,0.115465,-0.001936,-0.000347,0.000011,-0.000818
275,5.5000,-0.156616,1,weight_shift,0.115465,-0.001956,-0.000762,0.000015,0.000143
276,5.5200,0.094628,1,weight_shift,0.115470,-0.001942,-0.001308,0.000416,0.001784
277,5.5400,0.345872,1,weight_shift,0.115475,-0.001988,-0.001767,0.000173,-0.002464
278,5.5600,0.597115,1,weight_shift,0.115477,-0.002059,-0.002297,0.000045,-0.002156
279,5.5800,0.848359,1,weight_shift,0.115478,-0.002106,-0.002930,0.000028,-0.000313
280,5.6000,1.099603,1,weight_shift,0.115485,-0.002098,-0.003631,0.000591,0.002027
281,5.6200,1.350846,1,weight_shift,0.115493,-0.002106,-0.004134,0.000263,0.000252
282,5.6400,1.602090,1,weight_shift,0.115496,-0.002122,-0.004565,0.000105,-0.000051
283,5.6600,1.853334,1,weight_shift,0.115497,-0.002148,-0.004997,-0.000023,-0.000629
284,5.6800,2.104577,1,weight_shift,0.115503,-0.002183,-0.005356,0.000155,-0.003442
285,5.7000,2.355821,1,weight_shift,0.115504,-0.002274,-0.005584,-0.000008,-0.003979
286,5.7200,2.607065,1,weight_shift,0.115503,-0.002349,-0.005809,-0.000092,-0.002779
287,5.7400,2.858308,1,weight_shift,0.115500,-0.002398,-0.005951,-0.000178,-0.002062
288,5.7600,3.109552,1,weight_shift,0.115505,-0.002349,-0.005939,0.000483,0.004263
289,5.7800,-2.922390,1,weight_shift,0.115503,-0.002383,-0.005561,-0.000367,-0.004884
290,5.8000,-2.671146,1,weight_shift,0.115493,-0.002482,-0.004964,-0.000525,-0.006575
291,5.8200,-2.419903,1,weight_shift,0.115490,-0.002469,-0.004304,-0.000398,-0.003045
292,5.8400,-2.168659,1,weight_shift,0.115488,-0.002504,-0.003592,-0.000192,-0.005627
293,5.8600,-1.917415,1,weight_shift,0.115481,-0.002556,-0.002656,-0.000353,-0.003655
294,5.8800,-1.666172,1,weight_shift,0.115475,-0.002546,-0.001750,-0.000167,-0.000405
295,5.9000,-1.414928,1,weight_shift,0.115473,-0.002497,-0.001069,-0.000068,0.001212
296,5.9200,-1.163684,1,weight_shift,0.115473,-0.002448,-0.000754,0.000160,0.003889
297,5.9400,-0.912441,1,weight_shift,0.115475,-0.002474,-0.000594,0.000057,-0.003021
298,5.9600,-0.661197,1,weight_shift,0.115475,-0.002530,-0.000564,-0.000043,-0.002613
299,5.9800,-0.409954,1,weight_shift,0.115474,-0.002580,-0.000754,-0.000033,-0.001653
300,6.0000,-0.158710,1,weight_shift,0.115473,-0.002611,-0.001122,-0.000033,-0.000075
301,6.0200,0.092534,1,weight_shift,0.115473,-0.002626,-0.001616,-0.000027,0.000643
302,6.0400,0.343777,1,weight_shift,0.115479,-0.002612,-0.002153,0.000211,-0.000651
303,6.0600,0.595021,1,weight_shift,0.115481,-0.002669,-0.002648,0.000078,-0.001628
304,6.0800,0.846265,1,weight_shift,0.115483,-0.002710,-0.003241,0.000050,0.000229
305,6.1000,1.097508,1,weight_shift,0.115489,-0.002682,-0.003905,0.000546,0.003799
306,6.1200,1.348752,1,weight_shift,0.115497,-0.002660,-0.004362,0.000273,0.001690
307,6.1400,1.599996,1,weight_shift,0.115500,-0.002647,-0.004758,0.000107,0.001692
308,6.1600,1.851239,1,weight_shift,0.115503,-0.002623,-0.005183,0.000495,0.004622
309,6.1800,2.102483,1,weight_shift,0.115507,-0.002652,-0.005449,0.000060,-0.002433
310,6.2000,2.353726,1,weight_shift,0.115507,-0.002719,-0.005665,-0.000067,-0.002696
311,6.2200,2.604970,1,weight_shift,0.115505,-0.002775,-0.005902,-0.000131,-0.001929
312,6.2400,2.856214,1,weight_shift,0.115505,-0.002792,-0.006073,0.000113,-0.000739
313,6.2600,3.107457,1,weight_shift,0.115509,-0.002736,-0.005847,-0.000277,-0.001066
314,6.2800,-2.924484,1,weight_shift,0.115505,-0.002693,-0.005375,-0.000436,-0.000598
315,6.3000,-2.673241,1,weight_shift,0.115491,-0.002749,-0.004776,-0.000697,-0.005831
316,6.3200,-2.421997,1,weight_shift,0.115486,-0.002832,-0.004116,-0.000340,-0.007890
317,6.3400,-2.170753,1,weight_shift,0.115476,-0.002924,-0.003276,-0.000500,-0.005632
318,6.3600,-1.919510,1,weight_shift,0.115468,-0.002949,-0.002427,-0.000338,-0.002173
319,6.3800,-1.668266,1,weight_shift,0.115468,-0.002896,-0.001709,0.000179,-0.000226
320,6.4000,-1.417022,1,weight_shift,0.115468,-0.002858,-0.000986,-0.000110,0.000476
321,6.4200,-1.165779,1,weight_shift,0.115464,-0.002816,-0.000550,-0.000142,0.000729
322,6.4400,-0.914535,1,weight_shift,0.115462,-0.002811,-0.000470,-0.000098,-0.000392
323,6.4600,-0.663292,1,weight_shift,0.115460,-0.002834,-0.000601,-0.000074,-0.000853
324,6.4800,-0.412048,1,weight_shift,0.115464,-0.002843,-0.000755,0.000139,-0.002386
325,6.5000,-0.160804,1,weight_shift,0.115465,-0.002909,-0.001002,0.000037,-0.002388
326,6.5200,0.090439,1,weight_shift,0.115466,-0.002970,-0.001486,-0.000021,-0.001175
327,6.5400,0.341683,1,weight_shift,0.115465,-0.003011,-0.002086,-0.000051,0.000088
328,6.5600,0.592927,1,weight_shift,0.115471,-0.003000,-0.002737,0.000219,0.000323
329,6.5800,0.844170,1,weight_shift,0.115474,-0.003032,-0.003326,0.000133,0.000369
330,6.6000,1.095414,1,weight_shift,0.115477,-0.003028,-0.003969,0.000122,0.003076
331,6.6200,1.346658,1,weight_shift,0.115487,-0.002954,-0.004547,0.000373,0.003872
332,6.6400,1.597901,1,weight_shift,0.115492,-0.002917,-0.004961,0.000151,0.002463
333,6.6600,1.849145,1,weight_shift,0.115496,-0.002890,-0.005335,0.000488,0.004522
334,6.6800,2.100388,1,weight_shift,0.115499,-0.002916,-0.005553,0.000049,-0.002342
335,6.7000,2.351632,1,weight_shift,0.115498,-0.002978,-0.005731,-0.000089,-0.002383
336,6.7200,2.602876,1,weight_shift,0.115496,-0.003026,-0.005943,-0.000149,-0.001527
337,6.7400,2.854119,1,weight_shift,0.115501,-0.003010,-0.005980,0.000732,0.005208
338,6.7600,3.105363,1,weight_shift,0.115502,-0.002960,-0.005709,0.000341,0.005770
339,6.7800,-2.926579,1,weight_shift,0.115492,-0.002950,-0.005247,-0.000727,-0.003571
340,6.8000,-2.675335,1,weight_shift,0.115483,-0.003010,-0.004699,-0.000336,-0.007096
341,6.8200,-2.424091,1,weight_shift,0.115472,-0.003118,-0.003936,-0.000635,-0.006962
342,6.8400,-2.172848,1,weight_shift,0.115460,-0.003174,-0.003125,-0.000532,-0.003947
343,6.8600,-1.921604,1,weight_shift,0.115458,-0.003153,-0.002362,-0.000082,-0.002450
344,6.8800,-1.670361,1,weight_shift,0.115454,-0.003117,-0.001487,-0.000213,0.000556
345,6.9000,-1.419117,1,weight_shift,0.115450,-0.003038,-0.000796,-0.000153,0.002151
346,6.9200,-1.167873,1,weight_shift,0.115449,-0.002973,-0.000497,0.000105,0.004457
347,6.9400,-0.916630,1,weight_shift,0.115450,-0.002987,-0.000354,0.000015,-0.002273
348,6.9600,-0.665386,1,weight_shift,0.115449,-0.003023,-0.000344,-0.000107,-0.001453
349,6.9800,-0.414142,1,weight_shift,0.115447,-0.003057,-0.000579,-0.000071,-0.000923
350,7.0000,-0.162899,1,weight_shift,0.115446,-0.003090,-0.001029,-0.000039,0.000231
351,7.0200,0.088345,1,weight_shift,0.115451,-0.003083,-0.001541,0.000208,-0.000565
352,7.0400,0.339589,1,weight_shift,0.115454,-0.003145,-0.002051,0.000067,-0.001695
353,7.0600,0.590832,1,weight_shift,0.115454,-0.003198,-0.002692,0.000013,0.000112
354,7.0800,0.842076,1,weight_shift,0.115462,-0.003179,-0.003426,0.000395,0.002641
355,7.1000,1.093319,1,weight_shift,0.115468,-0.003170,-0.003994,0.000242,0.002146
356,7.1200,1.344563,1,weight_shift,0.115472,-0.003137,-0.004514,0.000187,0.003999
357,7.1400,1.595807,1,weight_shift,0.115482,-0.003062,-0.004993,0.000325,0.003165
358,7.1600,1.847050,1,weight_shift,0.115485,-0.003063,-0.005290,0.000011,-0.000448
359,7.1800,2.098294,1,weight_shift,0.115488,-0.003075,-0.005551,0.000230,-0.000208
360,7.2000,2.349538,1,weight_shift,0.115489,-0.003142,-0.005702,-0.000017,-0.003417
361,7.2200,2.600781,1,weight_shift,0.115487,-0.003210,-0.005849,-0.000156,-0.002526
362,7.2400,2.852025,1,weight_shift,0.115486,-0.003232,-0.005958,0.000095,-0.001002
363,7.2600,3.103269,1,weight_shift,0.115490,-0.003171,-0.005705,-0.000330,-0.000817
364,7.2800,-2.928673,1,weight_shift,0.115484,-0.003135,-0.005216,-0.000248,0.001566
365,7.3000,-2.677429,1,weight_shift,0.115475,-0.003133,-0.004656,-0.000297,-0.003825
366,7.3200,-2.426186,1,weight_shift,0.115464,-0.003222,-0.003873,-0.000648,-0.007030
367,7.3400,-2.174942,1,weight_shift,0.115451,-0.003281,-0.003018,-0.000582,-0.004530
368,7.3600,-1.923699,1,weight_shift,0.115448,-0.003260,-0.002276,0.000048,-0.002052
369,7.3800,-1.672455,1,weight_shift,0.115446,-0.003228,-0.001436,-0.000180,0.000168
370,7.4000,-1.421211,1,weight_shift,0.115441,-0.003148,-0.000734,-0.000191,0.002218
371,7.4200,-1.169968,1,weight_shift,0.115438,-0.003091,-0.000414,-0.000104,0.001311
372,7.4400,-0.918724,1,weight_shift,0.115440,-0.003075,-0.000346,0.000077,-0.002167
373,7.4600,-0.667480,1,weight_shift,0.115439,-0.003116,-0.000353,-0.000109,-0.001446
374,7.4800,-0.416237,1,weight_shift,0.115437,-0.003143,-0.000580,-0.000101,-0.000375
375,7.5000,-0.164993,1,weight_shift,0.115436,-0.003173,-0.001051,-0.000049,0.000379
376,7.5200,0.086251,1,weight_shift,0.115441,-0.003169,-0.001584,0.000193,-0.000635
377,7.5400,0.337494,1,weight_shift,0.115443,-0.003238,-0.002114,0.000053,-0.001861
378,7.5600,0.588738,1,weight_shift,0.115444,-0.003297,-0.002776,0.000002,0.000004
379,7.5800,0.839981,1,weight_shift,0.115451,-0.003282,-0.003520,0.000384,0.002716
380,7.6000,1.091225,1,weight_shift,0.115457,-0.003274,-0.004089,0.000235,0.002188
381,7.6200,1.342469,1,weight_shift,0.115463,-0.003228,-0.004618,0.000724,0.007191
382,7.6400,1.593712,1,weight_shift,0.115472,-0.003177,-0.004993,0.000269,0.002001
383,7.6600,1.844956,1,weight_shift,0.115474,-0.003191,-0.005223,0.000003,-0.000870
384,7.6800,2.096200,1,weight_shift,0.115478,-0.003210,-0.005453,0.000170,-0.001923
385,7.7000,2.347443,1,weight_shift,0.115479,-0.003284,-0.005598,-0.000036,-0.003324
386,7.7200,2.598687,1,weight_shift,0.115477,-0.003346,-0.005764,-0.000149,-0.001975
387,7.7400,2.849931,1,weight_shift,0.115478,-0.003362,-0.005865,0.000074,-0.002396
388,7.7600,3.101174,1,weight_shift,0.115481,-0.003327,-0.005663,-0.000200,0.000495
389,7.7800,-2.930767,1,weight_shift,0.115469,-0.003347,-0.005217,-0.000701,-0.003711
390,7.8000,-2.679524,1,weight_shift,0.115467,-0.003290,-0.004619,-0.000454,-0.004224
391,7.8200,-2.428280,1,weight_shift,0.115453,-0.003358,-0.003798,-0.000777,-0.006230
392,7.8400,-2.177037,1,weight_shift,0.115443,-0.003385,-0.003036,-0.000153,-0.003314
393,7.8600,-1.925793,1,weight_shift,0.115438,-0.003404,-0.002149,-0.000331,-0.003057
394,7.8800,-1.674549,1,weight_shift,0.115431,-0.003360,-0.001268,-0.000253,0.000675
395,7.9000,-1.423306,1,weight_shift,0.115430,-0.003262,-0.000679,0.000135,0.002237
396,7.9200,-1.172062,1,weight_shift,0.115431,-0.003246,-0.000269,-0.000049,-0.000948
397,7.9400,-0.920818,1,weight_shift,0.115428,-0.003244,-0.000123,-0.000148,0.000025
398,7.9600,-0.669575,1,weight_shift,0.115425,-0.003242,-0.000227,-0.000121,0.000598
399,7.9800,-0.418331,1,weight_shift,0.115428,-0.003220,-0.000507,0.000226,0.000146
400,8.0000,-0.167087,1,weight_shift,0.115431,-0.003267,-0.000839,0.000049,-0.001327
401,8.0200,0.084156,1,weight_shift,0.115431,-0.003326,-0.001383,-0.000018,-0.000857
402,8.0400,0.335400,1,weight_shift,0.115432,-0.003354,-0.002103,0.000311,0.005280
403,8.0600,0.586643,1,weight_shift,0.115437,-0.003379,-0.002778,0.000178,0.000065
404,8.0800,0.837887,1,weight_shift,0.115440,-0.003412,-0.003458,0.000133,0.001389
405,8.1000,1.089131,1,weight_shift,0.115449,-0.003369,-0.004154,0.000474,0.004370
406,8.1200,1.340374,1,weight_shift,0.115457,-0.003327,-0.004641,0.000293,0.003284
407,8.1400,1.591618,1,weight_shift,0.115464,-0.003276,-0.005068,0.000696,0.006401
408,8.1600,1.842862,1,weight_shift,0.115470,-0.003263,-0.005327,0.000135,-0.000985
409,8.1800,2.094105,1,weight_shift,0.115471,-0.003315,-0.005466,-0.000034,-0.002206
410,8.2000,2.345349,1,weight_shift,0.115474,-0.003350,-0.005643,0.000133,-0.002753
411,8.2200,2.596593,1,weight_shift,0.115473,-0.003434,-0.005718,-0.000108,-0.003975
412,8.2400,2.847836,1,weight_shift,0.115469,-0.003502,-0.005737,-0.000280,-0.003078
413,8.2600,3.099080,1,weight_shift,0.115475,-0.003440,-0.005563,-0.000047,-0.000271
414,8.2800,-2.932862,1,weight_shift,0.115463,-0.003477,-0.005045,-0.000731,-0.004733
415,8.3000,-2.681618,1,weight_shift,0.115452,-0.003518,-0.004441,-0.000281,-0.004646
416,8.3200,-2.430375,1,weight_shift,0.115443,-0.003593,-0.003660,-0.000568,-0.006139
417,8.3400,-2.179131,1,weight_shift,0.115431,-0.003625,-0.002832,-0.000532,-0.003333
418,8.3600,-1.927887,1,weight_shift,0.115429,-0.003585,-0.002069,-0.000101,-0.002103
419,8.3800,-1.676644,1,weight_shift,0.115424,-0.003535,-0.001207,-0.000243,0.000773
420,8.4000,-1.425400,1,weight_shift,0.115420,-0.003445,-0.000539,-0.000176,0.002512
421,8.4200,-1.174156,1,weight_shift,0.115420,-0.003366,-0.000226,0.000137,0.000161
422,8.4400,-0.922913,1,weight_shift,0.115420,-0.003376,-0.000072,-0.000100,-0.000822
423,8.4600,-0.671669,1,weight_shift,0.115417,-0.003376,-0.000125,-0.000163,0.000738
424,8.4800,-0.420426,1,weight_shift,0.115415,-0.003378,-0.000443,-0.000079,0.000857
425,8.5000,-0.169182,1,weight_shift,0.115419,-0.003363,-0.000864,0.000202,-0.000337
426,8.5200,0.082062,1,weight_shift,0.115422,-0.003427,-0.001368,0.000076,-0.001559
427,8.5400,0.333305,2,head_bob,0.115416,-0.003432,-0.001745,-0.000586,0.003628
428,8.5600,0.584549,2,head_bob,0.115416,-0.003316,-0.001849,-0.000023,0.007324
429,8.5800,0.835793,2,head_bob,0.115436,-0.003033,-0.001969,0.001671,0.019344
430,8.6000,1.087036,2,head_bob,0.115470,-0.002596,-0.002262,0.001616,0.023819
431,8.6200,1.338280,2,head_bob,0.115500,-0.002188,-0.002756,0.001503,0.020087
432,8.6400,1.589524,2,head_bob,0.115529,-0.001934,-0.003372,0.001387,0.011244
433,8.6600,1.840767,2,head_bob,0.115553,-0.001866,-0.003843,0.001037,0.001188
434,8.6800,2.092011,2,head_bob,0.115557,-0.001979,-0.003865,-0.000653,-0.010302
435,8.7000,2.343254,2,head_bob,0.115539,-0.002233,-0.003517,-0.000816,-0.014567
436,8.7200,2.594498,2,head_bob,0.115527,-0.002392,-0.002966,-0.000575,-0.005812
437,8.7400,2.845742,2,head_bob,0.115511,-0.002338,-0.002060,-0.001037,0.002534
438,8.7600,3.096985,2,head_bob,0.115471,-0.002071,-0.000751,-0.002566,0.012358
439,8.7800,-2.934956,2,head_bob,0.115411,-0.001722,0.000885,-0.003197,0.010836
440,8.8000,-2.683713,2,head_bob,0.115362,-0.001602,0.002682,-0.001974,-0.007712
441,8.8200,-2.432469,2,head_bob,0.115320,-0.001736,0.004489,-0.002166,-0.014067
442,8.8400,-2.181225,2,head_bob,0.115259,-0.001666,0.005984,-0.002138,-0.000834
443,8.8600,-1.929982,2,head_bob,0.115250,-0.001758,0.006525,0.000115,-0.007297
444,8.8800,-1.678738,2,head_bob,0.115261,-0.001930,0.006317,0.000813,-0.007826
445,8.9000,-1.427494,2,head_bob,0.115286,-0.002092,0.005601,0.001526,-0.003992
446,8.9200,-1.176251,2,head_bob,0.115324,-0.002204,0.004628,0.002077,-0.001731
447,8.9400,-0.925007,2,head_bob,0.115340,-0.002148,0.003869,-0.000197,0.001822
448,8.9600,-0.673764,2,head_bob,0.115355,-0.002099,0.003306,0.001169,0.005640
449,8.9800,-0.422520,2,head_bob,0.115372,-0.001991,0.003079,-0.000092,0.001270
450,9.0000,-0.171276,2,head_bob,0.115380,-0.001860,0.003092,0.000517,0.008899
451,9.0200,0.079967,2,head_bob,0.115385,-0.001649,0.003311,-0.000020,0.009651
452,9.0400,0.331211,2,head_bob,0.115379,-0.001442,0.003511,0.000036,0.005385
453,9.0600,0.582455,2,head_bob,0.115384,-0.001495,0.003410,0.000113,-0.004875
454,9.0800,0.833698,2,head_bob,0.115385,-0.001684,0.002995,0.000110,-0.010181
455,9.1000,1.084942,2,head_bob,0.115413,-0.001775,0.002176,0.001768,0.000457
456,9.1200,1.336186,2,head_bob,0.115453,-0.001877,0.000813,0.002132,-0.002840
457,9.1400,1.587429,2,head_bob,0.115489,-0.002047,-0.000620,0.001153,-0.001225
458,9.1600,1.838673,2,head_bob,0.115508,-0.002138,-0.001635,0.000906,-0.002492
459,9.1800,2.089916,2,head_bob,0.115524,-0.002276,-0.002054,0.000747,-0.007058
460,9.2000,2.341160,2,head_bob,0.115533,-0.002394,-0.001920,0.000207,-0.004416
461,9.2200,2.592404,2,head_bob,0.115535,-0.002337,-0.001313,0.000078,0.004610
462,9.2400,2.843647,2,head_bob,0.115521,-0.002092,-0.000389,-0.000701,0.014951
463,9.2600,3.094891,2,head_bob,0.115490,-0.001673,0.000891,-0.002382,0.014841
464,9.2800,-2.937051,2,head_bob,0.115435,-0.001397,0.002359,-0.002315,0.002269
465,9.3000,-2.685807,2,head_bob,0.115384,-0.001376,0.003832,-0.003395,0.000143
466,9.3200,-2.434563,2,head_bob,0.115329,-0.001380,0.005230,-0.001991,-0.009402
467,9.3400,-2.183320,2,head_bob,0.115300,-0.001556,0.006200,-0.001072,-0.012076
468,9.3600,-1.932076,2,head_bob,0.115290,-0.001760,0.006488,-0.000188,-0.009314
469,9.3800,-1.680832,2,head_bob,0.115295,-0.001922,0.006238,0.000449,-0.006471
470,9.4000,-1.429589,2,head_bob,0.115313,-0.002043,0.005532,0.001241,-0.002084
471,9.4200,-1.178345,2,head_bob,0.115342,-0.002086,0.004589,0.001116,0.005332
472,9.4400,-0.927102,2,head_bob,0.115359,-0.001911,0.003809,0.000936,0.012132
473,9.4600,-0.675858,2,head_bob,0.115376,-0.001757,0.003240,0.000156,0.001811
474,9.4800,-0.424614,2,head_bob,0.115389,-0.001691,0.002922,0.000734,0.005784
475,9.5000,-0.173371,2,head_bob,0.115408,-0.001623,0.002945,0.000618,0.003460
476,9.5200,0.077873,2,head_bob,0.115408,-0.001505,0.003175,-0.000310,0.006521
477,9.5400,0.329117,2,head_bob,0.115392,-0.001302,0.003382,-0.001063,0.011361
478,9.5600,0.580360,2,head_bob,0.115393,-0.001329,0.003194,0.000113,-0.005280
479,9.5800,0.831604,2,head_bob,0.115395,-0.001565,0.002663,0.000205,-0.012892
480,9.6000,1.082847,2,head_bob,0.115419,-0.001735,0.001735,0.001787,-0.001037
481,9.6200,1.334091,2,head_bob,0.115461,-0.001823,0.000304,0.002268,-0.001577
482,9.6400,1.585335,2,head_bob,0.115505,-0.001996,-0.001146,0.001605,-0.003138
483,9.6600,1.836578,2,head_bob,0.115525,-0.002064,-0.002110,0.000848,-0.000715
484,9.6800,2.087822,2,head_bob,0.115539,-0.002144,-0.002407,0.000642,-0.004492
485,9.7000,2.339066,2,head_bob,0.115546,-0.002211,-0.002143,0.000126,-0.002520
486,9.7200,2.590309,2,head_bob,0.115538,-0.002179,-0.001467,-0.001039,-0.000372
487,9.7400,2.841553,2,head_bob,0.115511,-0.002050,-0.000584,-0.001473,0.007497
488,9.7600,3.092797,2,head_bob,0.115490,-0.001636,0.000627,-0.001324,0.020580
489,9.7800,-2.939145,2,head_bob,0.115444,-0.001285,0.002001,-0.002077,0.005521
490,9.8000,-2.687901,2,head_bob,0.115394,-0.001244,0.003408,-0.003424,0.000908
491,9.8200,-2.436658,2,head_bob,0.115345,-0.001347,0.004797,-0.002131,-0.012287
492,9.8400,-2.185414,2,head_bob,0.115303,-0.001472,0.005848,-0.001515,-0.009711
493,9.8600,-1.934171,2,head_bob,0.115291,-0.001675,0.006191,-0.000162,-0.010288
494,9.8800,-1.682927,2,head_bob,0.115297,-0.001859,0.005953,0.000500,-0.007580
495,9.9000,-1.431683,2,head_bob,0.115316,-0.001994,0.005258,0.001243,-0.002812
496,9.9200,-1.180440,2,head_bob,0.115345,-0.002043,0.004327,0.001080,0.004800
497,9.9400,-0.929196,2,head_bob,0.115360,-0.001869,0.003573,0.000892,0.011869
498,9.9600,-0.677952,2,head_bob,0.115382,-0.001668,0.003033,0.001144,0.010864
499,9.9800,-0.426709,2,head_bob,0.115396,-0.001676,0.002771,0.000983,-0.000704
500,10.0000,-0.175465,2,head_bob,0.115406,-0.001627,0.002789,0.000302,0.003985
501,10.0200,0.075779,2,head_bob,0.115405,-0.001493,0.003021,-0.000289,0.007481
502,10.0400,0.327022,2,head_bob,0.115395,-0.001314,0.003222,-0.000119,0.004197
503,10.0600,0.578266,2,head_bob,0.115398,-0.001396,0.003035,0.000045,-0.006172
504,10.0800,0.829509,2,head_bob,0.115403,-0.001572,0.002554,0.000970,-0.002414
505,10.1000,1.080753,2,head_bob,0.115420,-0.001607,0.001774,0.000498,-0.003001
506,10.1200,1.331997,2,head_bob,0.115456,-0.001655,0.000525,0.002197,0.000503
507,10.1400,1.583240,2,head_bob,0.115500,-0.001778,-0.000827,0.001686,-0.001320
508,10.1600,1.834484,2,head_bob,0.115521,-0.001817,-0.001782,0.000923,0.000171
509,10.1800,2.085728,2,head_bob,0.115537,-0.001891,-0.002112,0.000685,-0.004493
510,10.2000,2.336971,2,head_bob,0.115544,-0.001971,-0.001889,0.000156,-0.003236
511,10.2200,2.588215,2,head_bob,0.115526,-0.002034,-0.001296,-0.001134,-0.002987
512,10.2400,2.839459,2,head_bob,0.115507,-0.001897,-0.000476,-0.000359,0.013364
513,10.2600,3.090702,2,head_bob,0.115485,-0.001487,0.000676,-0.001927,0.015595
514,10.2800,-2.941239,2,head_bob,0.115443,-0.001262,0.001979,-0.001632,-0.000840
515,10.3000,-2.689996,2,head_bob,0.115391,-0.001208,0.003348,-0.002253,-0.006183
516,10.3200,-2.438752,2,head_bob,0.115333,-0.001229,0.004713,-0.002767,-0.004807
517,10.3400,-2.187509,2,head_bob,0.115299,-0.001384,0.005672,-0.001149,-0.011911
518,10.3600,-1.936265,2,head_bob,0.115289,-0.001610,0.005928,-0.000172,-0.010715
519,10.3800,-1.685021,2,head_bob,0.115294,-0.001798,0.005668,0.000473,-0.007822
520,10.4000,-1.433778,2,head_bob,0.115313,-0.001939,0.004962,0.001233,-0.003259
521,10.4200,-1.182534,2,head_bob,0.115346,-0.002024,0.004023,0.001862,-0.001351
522,10.4400,-0.931290,2,head_bob,0.115364,-0.001909,0.003291,0.000827,0.010185
523,10.4600,-0.680047,2,head_bob,0.115383,-0.001714,0.002824,0.001014,0.010771
524,10.4800,-0.428803,2,head_bob,0.115390,-0.001612,0.002680,0.000363,0.004236
525,10.5000,-0.177559,2,head_bob,0.115406,-0.001577,0.002763,0.000582,0.002078
526,10.5200,0.073684,2,head_bob,0.115407,-0.001470,0.003001,-0.000237,0.006640
527,10.5400,0.324928,2,head_bob,0.115393,-0.001257,0.003210,-0.000972,0.012112
528,10.5600,0.576171,2,head_bob,0.115394,-0.001270,0.002997,0.000152,-0.004658
529,10.5800,0.827415,2,head_bob,0.115397,-0.001497,0.002449,0.000192,-0.012830
530,10.6000,1.078659,2,head_bob,0.115414,-0.001635,0.001595,0.000681,-0.005530
531,10.6200,1.329902,2,head_bob,0.115454,-0.001697,0.000292,0.002373,0.000565
532,10.6400,1.581146,2,head_bob,0.115500,-0.001805,-0.001102,0.001786,-0.000411
533,10.6600,1.832390,2,head_bob,0.115523,-0.001821,-0.002061,0.000964,0.001274
534,10.6800,2.083633,2,head_bob,0.115540,-0.001872,-0.002367,0.000704,-0.003473
535,10.7000,2.334877,2,head_bob,0.115547,-0.001933,-0.002106,0.000150,-0.002499
536,10.7200,2.586121,2,head_bob,0.115529,-0.001985,-0.001491,-0.001119,-0.002619
537,10.7400,2.837364,2,head_bob,0.115510,-0.001847,-0.000653,-0.000357,0.013357
538,10.7600,3.088608,2,head_bob,0.115488,-0.001439,0.000522,-0.001930,0.015495
539,10.7800,-2.943334,2,head_bob,0.115446,-0.001217,0.001845,-0.001638,-0.000861
540,10.8000,-2.692090,2,head_bob,0.115389,-0.001151,0.003244,-0.003680,0.003637
541,10.8200,-2.440847,2,head_bob,0.115341,-0.001236,0.004606,-0.002034,-0.011487
542,10.8400,-2.189603,2,head_bob,0.115308,-0.001443,0.005591,-0.001313,-0.012872
543,10.8600,-1.938359,2,head_bob,0.115294,-0.001666,0.005962,-0.000363,-0.010587
544,10.8800,-1.687116,2,head_bob,0.115297,-0.001834,0.005781,0.000381,-0.006833
545,10.9000,-1.435872,2,head_bob,0.115314,-0.001953,0.005115,0.001171,-0.002357
546,10.9200,-1.184628,2,head_bob,0.115342,-0.001991,0.004193,0.001033,0.005111
547,10.9400,-0.933385,2,head_bob,0.115357,-0.001811,0.003437,0.000861,0.011885
548,10.9600,-0.682141,2,head_bob,0.115378,-0.001609,0.002909,0.001136,0.010709
549,10.9800,-0.430897,2,head_bob,0.115393,-0.001633,0.002663,0.000761,0.000226
550,11.0000,-0.179654,2,head_bob,0.115402,-0.001572,0.002687,0.000294,0.004361
551,11.0200,0.071590,2,head_bob,0.115402,-0.001436,0.002927,-0.000253,0.007543
552,11.0400,0.322833,2,head_bob,0.115393,-0.001257,0.003147,-0.000068,0.004198
553,11.0600,0.574077,2,head_bob,0.115396,-0.001339,0.002955,0.000077,-0.006297
554,11.0800,0.825321,2,head_bob,0.115397,-0.001569,0.002448,0.000074,-0.012655
555,11.1000,1.076564,2,head_bob,0.115412,-0.001689,0.001622,0.000609,-0.004486
556,11.1200,1.327808,2,head_bob,0.115451,-0.001730,0.000331,0.002355,0.001444
557,11.1400,1.579052,2,head_bob,0.115498,-0.001819,-0.001060,0.001804,0.000425
558,11.1600,1.830295,2,head_bob,0.115521,-0.001819,-0.002030,0.000996,0.002006
559,11.1800,2.081539,2,head_bob,0.115538,-0.001858,-0.002352,0.000737,-0.002879
560,11.2000,2.332782,2,head_bob,0.115543,-0.001929,-0.002111,-0.000426,-0.005535
561,11.2200,2.584026,2,head_bob,0.115524,-0.002001,-0.001534,-0.001030,-0.002683
562,11.2400,2.835270,2,head_bob,0.115507,-0.001856,-0.000723,-0.000251,0.013923
563,11.2600,3.086513,2,head_bob,0.115494,-0.001365,0.000459,-0.001668,0.020017
564,11.2800,-2.945428,2,head_bob,0.115452,-0.001101,0.001810,-0.001741,-0.000313
565,11.3000,-2.694185,2,head_bob,0.115397,-0.001084,0.003237,-0.002868,-0.004638
566,11.3200,-2.442941,2,head_bob,0.115341,-0.001170,0.004660,-0.002430,-0.010502
567,11.3400,-2.191697,2,head_bob,0.115305,-0.001376,0.005693,-0.001358,-0.013185
568,11.3600,-1.940454,2,head_bob,0.115291,-0.001608,0.006049,-0.000336,-0.010990
569,11.3800,-1.689210,2,head_bob,0.115294,-0.001785,0.005839,0.000407,-0.007193
570,11.4000,-1.437966,2,head_bob,0.115312,-0.001911,0.005147,0.001192,-0.002655
571,11.4200,-1.186723,2,head_bob,0.115340,-0.001954,0.004201,0.001051,0.004919
572,11.4400,-0.935479,2,head_bob,0.115355,-0.001777,0.003430,0.000871,0.011684
573,11.4600,-0.684236,2,head_bob,0.115377,-0.001579,0.002896,0.001152,0.010508
574,11.4800,-0.432992,2,head_bob,0.115392,-0.001606,0.002645,0.000770,0.000135
575,11.5000,-0.181748,2,head_bob,0.115402,-0.001547,0.002665,0.000300,0.004299
576,11.5200,0.069495,2,head_bob,0.115401,-0.001412,0.002902,-0.000241,0.007437
577,11.5400,0.320739,2,head_bob,0.115399,-0.001301,0.003131,0.000324,-0.001277
578,11.5600,0.571983,2,head_bob,0.115388,-0.001300,0.002952,-0.000560,0.000741
579,11.5800,0.823226,2,head_bob,0.115390,-0.001473,0.002395,0.000344,-0.011573
580,11.6000,1.074470,2,head_bob,0.115411,-0.001600,0.001474,0.000843,-0.004893
581,11.6200,1.325714,2,head_bob,0.115453,-0.001662,0.000119,0.002460,0.000347
582,11.6400,1.576957,2,head_bob,0.115504,-0.001801,-0.001294,0.002508,-0.006326
583,11.6600,1.828201,2,head_bob,0.115530,-0.001865,-0.002228,0.000934,0.000192
584,11.6800,2.079444,2,head_bob,0.115544,-0.001911,-0.002455,0.000605,-0.003130
585,11.7000,2.330688,2,head_bob,0.115547,-0.001973,-0.002130,-0.000491,-0.004929
586,11.7200,2.581932,2,head_bob,0.115528,-0.002029,-0.001518,-0.001057,-0.001912
587,11.7400,2.833175,2,head_bob,0.115506,-0.001899,-0.000699,-0.001161,0.008559
588,11.7600,3.084419,2,head_bob,0.115491,-0.001445,0.000465,-0.001593,0.019803
589,11.7800,-2.947523,2,head_bob,0.115451,-0.001165,0.001772,-0.001605,0.001023
590,11.8000,-2.696279,2,head_bob,0.115393,-0.001085,0.003165,-0.003729,0.004017
591,11.8200,-2.445035,2,head_bob,0.115344,-0.001172,0.004535,-0.002102,-0.011688
592,11.8400,-2.193792,2,head_bob,0.115309,-0.001385,0.005538,-0.001384,-0.013118
593,11.8600,-1.942548,2,head_bob,0.115294,-0.001613,0.005927,-0.000401,-0.010854
594,11.8800,-1.691304,2,head_bob,0.115297,-0.001784,0.005757,0.000368,-0.007027
595,11.9000,-1.440061,2,head_bob,0.115314,-0.001906,0.005095,0.001158,-0.002581
596,11.9200,-1.188817,2,head_bob,0.115341,-0.001946,0.004170,0.001021,0.005011
597,11.9400,-0.937574,2,head_bob,0.115356,-0.001766,0.003416,0.000841,0.011716
598,11.9600,-0.686330,2,head_bob,0.115377,-0.001566,0.002902,0.001133,0.010514
599,11.9800,-0.435086,2,head_bob,0.115394,-0.001601,0.002689,0.000582,0.000834
600,12.0000,-0.183843,2,head_bob,0.115401,-0.001535,0.002741,0.000253,0.004435
601,12.0200,0.067401,2,head_bob,0.115401,-0.001401,0.002991,-0.000247,0.007356
602,12.0400,0.318645,2,head_bob,0.115398,-0.001291,0.003225,0.000321,-0.001334
603,12.0600,0.569888,2,head_bob,0.115395,-0.001321,0.003050,-0.000023,-0.004479
604,12.0800,0.821132,2,head_bob,0.115395,-0.001529,0.002548,0.000097,-0.012058
605,12.1000,1.072376,2,head_bob,0.115411,-0.001644,0.001708,0.000626,-0.004466
606,12.1200,1.323619,2,head_bob,0.115445,-0.001723,0.000397,0.002365,0.001072
607,12.1400,1.574863,2,head_bob,0.115494,-0.001800,-0.001023,0.001916,0.001293
608,12.1600,1.826106,2,head_bob,0.115519,-0.001783,-0.002032,0.001079,0.002880
609,12.1800,2.077350,2,head_bob,0.115537,-0.001808,-0.002392,0.000796,-0.002240
610,12.2000,2.328594,2,head_bob,0.115538,-0.001889,-0.002197,-0.000685,-0.006338
611,12.2200,2.579837,2,head_bob,0.115521,-0.001959,-0.001662,-0.000919,-0.002111
612,12.2400,2.831081,2,head_bob,0.115506,-0.001806,-0.000874,-0.000156,0.014357
613,12.2600,3.082325,2,head_bob,0.115494,-0.001310,0.000296,-0.001609,0.020281
614,12.2800,-2.949617,2,head_bob,0.115456,-0.001080,0.001653,-0.002409,0.003241
615,12.3000,-2.698373,2,head_bob,0.115398,-0.001024,0.003091,-0.002732,-0.004934
616,12.3200,-2.447130,2,head_bob,0.115343,-0.001134,0.004520,-0.002714,-0.009209
617,12.3400,-2.195886,2,head_bob,0.115305,-0.001330,0.005578,-0.001411,-0.012998
618,12.3600,-1.944643,2,head_bob,0.115291,-0.001564,0.005952,-0.000344,-0.011238
619,12.3800,-1.693399,2,head_bob,0.115294,-0.001744,0.005751,0.000406,-0.007421
620,12.4000,-1.442155,2,head_bob,0.115312,-0.001875,0.005063,0.001183,-0.002899
621,12.4200,-1.190912,2,head_bob,0.115344,-0.001949,0.004118,0.001821,-0.000986
622,12.4400,-0.939668,2,head_bob,0.115361,-0.001827,0.003381,0.000779,0.010189
623,12.4600,-0.688424,2,head_bob,0.115380,-0.001631,0.002933,0.001000,0.010657
624,12.4800,-0.437181,2,head_bob,0.115388,-0.001526,0.002781,0.000384,0.004497
625,12.5000,-0.185937,2,head_bob,0.115404,-0.001488,0.002852,0.000595,0.002123
626,12.5200,0.065307,0,squat_bounce,0.115258,-0.001309,0.002705,-0.014294,0.015646
627,12.5400,0.316550,0,squat_bounce,0.114755,-0.001018,0.002002,-0.031605,0.012540
628,12.5600,0.567794,0,squat_bounce,0.113987,-0.000921,0.000826,-0.040969,0.006489
629,12.5800,0.819037,0,squat_bounce,0.113135,-0.001268,-0.000379,-0.042840,-0.022913
630,12.6000,1.070281,0,squat_bounce,0.112297,-0.001807,-0.001500,-0.041499,-0.020515
631,12.6200,1.321525,0,squat_bounce,0.111537,-0.002236,-0.002431,-0.035144,-0.023216
632,12.6400,1.572768,0,squat_bounce,0.110905,-0.002734,-0.003266,-0.029658,-0.019392
633,12.6600,1.824012,0,squat_bounce,0.110396,-0.003118,-0.004096,-0.023188,-0.016476
634,12.6800,2.075256,0,squat_bounce,0.109989,-0.003366,-0.004839,-0.018830,-0.007345
635,12.7000,2.326499,0,squat_bounce,0.109654,-0.003464,-0.005270,-0.015728,-0.002079
636,12.7200,2.577743,0,squat_bounce,0.109354,-0.003484,-0.005319,-0.015078,-0.001328
637,12.7400,2.828987,0,squat_bounce,0.109054,-0.003512,-0.004970,-0.014973,-0.002608
638,12.7600,3.080230,0,squat_bounce,0.108748,-0.003530,-0.004279,-0.015514,-0.002141
639,12.7800,-2.951711,0,squat_bounce,0.108427,-0.003525,-0.003386,-0.015778,-0.003075
640,12.8000,-2.700468,0,squat_bounce,0.108096,-0.003377,-0.002516,-0.016744,0.011966
641,12.8200,-2.449224,0,squat_bounce,0.107709,-0.003109,-0.001637,-0.020328,0.011019
642,12.8400,-2.197981,0,squat_bounce,0.107287,-0.002831,-0.000787,-0.021325,0.013369
643,12.8600,-1.946737,0,squat_bounce,0.106862,-0.002497,-0.000083,-0.021039,0.016177
644,12.8800,-1.695493,0,squat_bounce,0.106459,-0.002153,0.000451,-0.019181,0.013171
645,12.9000,-1.444250,0,squat_bounce,0.106138,-0.001717,0.000709,-0.014940,0.020026
646,12.9200,-1.193006,0,squat_bounce,0.105887,-0.001406,0.000542,-0.010664,0.015949
647,12.9400,-0.941762,0,squat_bounce,0.105726,-0.001223,0.000036,-0.006367,0.006754
648,12.9600,-0.690519,0,squat_bounce,0.105656,-0.001175,-0.000540,-0.001976,0.003033
649,12.9800,-0.439275,0,squat_bounce,0.105657,-0.001058,-0.001268,-0.000138,0.013807
650,13.0000,-0.188031,0,squat_bounce,0.105751,-0.001007,-0.002575,0.007167,-0.002440
651,13.0200,0.063212,0,squat_bounce,0.105937,-0.001248,-0.004251,0.010030,-0.010840
652,13.0400,0.314456,0,squat_bounce,0.106182,-0.001337,-0.006026,0.012699,0.005963
653,13.0600,0.565699,0,squat_bounce,0.106452,-0.001396,-0.007518,0.014899,-0.004468
654,13.0800,0.816943,0,squat_bounce,0.106785,-0.001440,-0.008805,0.017072,0.003485
655,13.1000,1.068187,0,squat_bounce,0.107118,-0.001397,-0.009712,0.016307,0.002705
656,13.1200,1.319430,0,squat_bounce,0.107433,-0.001236,-0.010259,0.015321,0.011887
657,13.1400,1.570674,0,squat_bounce,0.107725,-0.001028,-0.010677,0.013667,0.001679
658,13.1600,1.821918,0,squat_bounce,0.107976,-0.000972,-0.010584,0.011726,0.004433
659,13.1800,2.073161,0,squat_bounce,0.108180,-0.000841,-0.010262,0.009167,0.004147
660,13.2000,2.324405,0,squat_bounce,0.108313,-0.000835,-0.009830,0.004710,-0.009766
661,13.2200,2.575649,0,squat_bounce,0.108358,-0.001069,-0.009064,0.001186,-0.012885
662,13.2400,2.826892,0,squat_bounce,0.108380,-0.001101,-0.008263,0.000531,-0.001014
663,13.2600,3.078136,0,squat_bounce,0.108354,-0.001027,-0.007212,-0.002296,0.003377
664,13.2800,-2.953806,0,squat_bounce,0.108270,-0.000884,-0.005898,-0.005089,0.003711
665,13.3000,-2.702562,0,squat_bounce,0.108118,-0.000856,-0.004333,-0.009027,-0.001810
666,13.3200,-2.451319,0,squat_bounce,0.107864,-0.000889,-0.002656,-0.014123,-0.003146
667,13.3400,-2.200075,0,squat_bounce,0.107561,-0.000853,-0.001246,-0.016490,-0.001497
668,13.3600,-1.948831,0,squat_bounce,0.107210,-0.000798,-0.000338,-0.018044,-0.003241
669,13.3800,-1.697588,0,squat_bounce,0.106839,-0.000834,0.000577,-0.018529,-0.002770
670,13.4000,-1.446344,0,squat_bounce,0.106489,-0.000951,0.001383,-0.016005,-0.007098
671,13.4200,-1.195100,0,squat_bounce,0.106225,-0.000915,0.001434,-0.011668,0.005639
672,13.4400,-0.943857,0,squat_bounce,0.106030,-0.000919,0.000896,-0.009163,-0.009374
673,13.4600,-0.692613,0,squat_bounce,0.105926,-0.001054,0.000078,-0.003112,-0.002586
674,13.4800,-0.441369,0,squat_bounce,0.105907,-0.001215,-0.000890,0.000260,-0.013144
675,13.5000,-0.190126,0,squat_bounce,0.105974,-0.001540,-0.002024,0.005222,-0.009577
676,13.5200,0.061118,0,squat_bounce,0.106085,-0.001711,-0.003363,0.006379,-0.005916
677,13.5400,0.312361,0,squat_bounce,0.106284,-0.001709,-0.004769,0.011830,0.006196
678,13.5600,0.563605,0,squat_bounce,0.106541,-0.001677,-0.006146,0.013312,0.002384
679,13.5800,0.814849,0,squat_bounce,0.106837,-0.001526,-0.007397,0.015248,0.012705
680,13.6000,1.066092,0,squat_bounce,0.107131,-0.001425,-0.008251,0.015159,0.006511
681,13.6200,1.317336,0,squat_bounce,0.107440,-0.001240,-0.008920,0.015288,0.011910
682,13.6400,1.568580,0,squat_bounce,0.107718,-0.001044,-0.009259,0.012777,0.009015
683,13.6600,1.819823,0,squat_bounce,0.107955,-0.000809,-0.009398,0.011183,0.012607
684,13.6800,2.071067,0,squat_bounce,0.108155,-0.000588,-0.009562,0.008881,0.008143
685,13.7000,2.322310,0,squat_bounce,0.108272,-0.000632,-0.009550,0.004656,-0.006306
686,13.7200,2.573554,0,squat_bounce,0.108325,-0.000772,-0.009144,0.001638,-0.007247
687,13.7400,2.824798,0,squat_bounce,0.108348,-0.000740,-0.008680,0.001079,0.010626
688,13.7600,3.076041,0,squat_bounce,0.108340,-0.000601,-0.007872,-0.001452,0.004862
689,13.7800,-2.955900,0,squat_bounce,0.108266,-0.000486,-0.006558,-0.004892,0.004079
690,13.8000,-2.704657,0,squat_bounce,0.108121,-0.000392,-0.005205,-0.008354,0.006465
691,13.8200,-2.453413,0,squat_bounce,0.107888,-0.000474,-0.003758,-0.013642,-0.008864
692,13.8400,-2.202169,0,squat_bounce,0.107571,-0.000586,-0.002187,-0.016746,-0.005945
693,13.8600,-1.950926,0,squat_bounce,0.107229,-0.000583,-0.000885,-0.018128,-0.003819
694,13.8800,-1.699682,0,squat_bounce,0.106852,-0.000682,0.000032,-0.018870,-0.006834
695,13.9000,-1.448438,0,squat_bounce,0.106491,-0.000852,0.000659,-0.017361,-0.014333
696,13.9200,-1.197195,0,squat_bounce,0.106214,-0.000865,0.000704,-0.012057,0.005447
697,13.9400,-0.945951,0,squat_bounce,0.106016,-0.000832,0.000181,-0.008429,-0.000322
698,13.9600,-0.694707,0,squat_bounce,0.105909,-0.000858,-0.000651,-0.003738,0.004630
699,13.9800,-0.443464,0,squat_bounce,0.105894,-0.000949,-0.001426,0.000890,-0.003351
700,14.0000,-0.192220,0,squat_bounce,0.105953,-0.001208,-0.002360,0.004675,-0.010870
701,14.0200,0.059023,0,squat_bounce,0.106074,-0.001431,-0.003668,0.006512,-0.006902
702,14.0400,0.310267,0,squat_bounce,0.106257,-0.001426,-0.005107,0.010369,0.005547
703,14.0600,0.561511,0,squat_bounce,0.106496,-0.001557,-0.006343,0.013661,-0.005484
704,14.0800,0.812754,0,squat_bounce,0.106793,-0.001570,-0.007448,0.014571,0.000981
705,14.1000,1.063998,0,squat_bounce,0.107097,-0.001473,-0.008263,0.014632,0.005133
706,14.1200,1.315242,0,squat_bounce,0.107399,-0.001301,-0.008788,0.015078,0.011249
707,14.1400,1.566485,0,squat_bounce,0.107675,-0.001086,-0.009035,0.013133,0.012619
708,14.1600,1.817729,0,squat_bounce,0.107916,-0.000777,-0.009195,0.011312,0.016233
709,14.1800,2.068972,0,squat_bounce,0.108102,-0.000622,-0.009397,0.007669,-0.000497
710,14.2000,2.320216,0,squat_bounce,0.108223,-0.000625,-0.009393,0.005086,-0.001411
711,14.2200,2.571460,0,squat_bounce,0.108285,-0.000625,-0.009000,0.002080,-0.000269
712,14.2400,2.822703,0,squat_bounce,0.108321,-0.000419,-0.008575,0.001208,0.014036
713,14.2600,3.073947,0,squat_bounce,0.108315,-0.000102,-0.008095,-0.001125,0.013160
714,14.2800,-2.957995,0,squat_bounce,0.108247,0.000032,-0.007001,-0.004778,0.002859
715,14.3000,-2.706751,0,squat_bounce,0.108101,0.000036,-0.005536,-0.008593,-0.003393
716,14.3200,-2.455507,0,squat_bounce,0.107881,-0.000081,-0.004112,-0.012306,-0.009199
717,14.3400,-2.204264,0,squat_bounce,0.107581,-0.000229,-0.002987,-0.016449,-0.013198
718,14.3600,-1.953020,0,squat_bounce,0.107218,-0.000469,-0.001731,-0.018813,-0.011508
719,14.3800,-1.701776,0,squat_bounce,0.106835,-0.000608,-0.000483,-0.018955,-0.006773
720,14.4000,-1.450533,0,squat_bounce,0.106493,-0.000631,0.000385,-0.016240,-0.003969
721,14.4200,-1.199289,0,squat_bounce,0.106212,-0.000603,0.000703,-0.013295,-0.002335
722,14.4400,-0.948046,0,squat_bounce,0.106010,-0.000596,0.000402,-0.008291,0.001798
723,14.4600,-0.696802,0,squat_bounce,0.105887,-0.000774,-0.000200,-0.004076,-0.002699
724,14.4800,-0.445558,0,squat_bounce,0.105863,-0.001027,-0.000802,-0.000305,-0.019531
725,14.5000,-0.194315,0,squat_bounce,0.105927,-0.001296,-0.001641,0.004447,-0.009766
726,14.5200,0.056929,0,squat_bounce,0.106039,-0.001370,-0.002975,0.007094,0.004022
727,14.5400,0.308173,0,squat_bounce,0.106216,-0.001227,-0.004406,0.010918,-0.000594
728,14.5600,0.559416,0,squat_bounce,0.106480,-0.001237,-0.006017,0.013925,0.002018
729,14.5800,0.810660,0,squat_bounce,0.106776,-0.001180,-0.007485,0.015196,0.006305
730,14.6000,1.061904,0,squat_bounce,0.107084,-0.001035,-0.008581,0.015239,0.007501
731,14.6200,1.313147,0,squat_bounce,0.107383,-0.000875,-0.009287,0.013662,0.004822
732,14.6400,1.564391,0,squat_bounce,0.107659,-0.000662,-0.009776,0.013742,0.014881
733,14.6600,1.815634,0,squat_bounce,0.107914,-0.000443,-0.010137,0.012071,0.012930
734,14.6800,2.066878,0,squat_bounce,0.108099,-0.000515,-0.010028,0.007853,-0.007153
735,14.7000,2.318122,0,squat_bounce,0.108226,-0.000568,-0.009632,0.005443,-0.002105
736,14.7200,2.569365,0,squat_bounce,0.108293,-0.000554,-0.009080,0.002295,0.000794
737,14.7400,2.820609,0,squat_bounce,0.108330,-0.000341,-0.008567,0.001223,0.014179
738,14.7600,3.071853,0,squat_bounce,0.108323,-0.000018,-0.007841,-0.001426,0.011531
739,14.7800,-2.960089,0,squat_bounce,0.108247,0.000142,-0.006509,-0.005084,0.004489
740,14.8000,-2.708845,0,squat_bounce,0.108097,0.000161,-0.005011,-0.008840,-0.002806
741,14.8200,-2.457602,0,squat_bounce,0.107857,0.000080,-0.003682,-0.013512,0.000291
742,14.8400,-2.206358,0,squat_bounce,0.107547,-0.000068,-0.002389,-0.016510,-0.009369
743,14.8600,-1.955114,0,squat_bounce,0.107191,-0.000192,-0.001013,-0.018254,-0.006167
744,14.8800,-1.703871,0,squat_bounce,0.106837,-0.000209,0.000065,-0.017665,-0.002089
745,14.9000,-1.452627,0,squat_bounce,0.106471,-0.000449,0.000783,-0.018124,-0.021369
746,14.9200,-1.201384,0,squat_bounce,0.106193,-0.000551,0.000877,-0.011931,0.002872
747,14.9400,-0.950140,0,squat_bounce,0.106004,-0.000482,0.000304,-0.008506,-0.001404
748,14.9600,-0.698896,0,squat_bounce,0.105890,-0.000645,-0.000390,-0.003463,-0.005792
749,14.9800,-0.447653,0,squat_bounce,0.105870,-0.000830,-0.001129,0.000345,-0.013471
750,15.0000,-0.196409,0,squat_bounce,0.105931,-0.001123,-0.002022,0.004803,-0.009403
751,15.0200,0.054835,0,squat_bounce,0.106035,-0.001252,-0.003256,0.006301,-0.003080
752,15.0400,0.306078,0,squat_bounce,0.106217,-0.001109,-0.004640,0.010950,0.000894
753,15.0600,0.557322,0,squat_bounce,0.106476,-0.001147,-0.006163,0.014066,0.004377
754,15.0800,0.808566,0,squat_bounce,0.106766,-0.001117,-0.007523,0.014374,0.001868
755,15.1000,1.059809,0,squat_bounce,0.107076,-0.000986,-0.008575,0.015693,0.010232
756,15.1200,1.311053,0,squat_bounce,0.107375,-0.000816,-0.009244,0.014698,0.011391
757,15.1400,1.562296,0,squat_bounce,0.107651,-0.000555,-0.009710,0.012970,0.011559
758,15.1600,1.813540,0,squat_bounce,0.107867,-0.000592,-0.009911,0.008384,-0.013083
759,15.1800,2.064784,0,squat_bounce,0.108071,-0.000523,-0.009879,0.009965,0.008505
760,15.2000,2.316027,0,squat_bounce,0.108235,-0.000254,-0.009816,0.007080,0.012707
761,15.2200,2.567271,0,squat_bounce,0.108321,-0.000108,-0.009400,0.002236,0.000919
762,15.2400,2.818515,0,squat_bounce,0.108319,-0.000242,-0.008840,-0.001027,-0.007582
763,15.2600,3.069758,0,squat_bounce,0.108293,-0.000251,-0.008080,-0.001604,-0.000125
764,15.2800,-2.962183,0,squat_bounce,0.108220,-0.000208,-0.006723,-0.004868,0.001823
765,15.3000,-2.710940,0,squat_bounce,0.108069,-0.000159,-0.005186,-0.009461,-0.000348
766,15.3200,-2.459696,0,squat_bounce,0.107824,-0.000130,-0.003801,-0.013241,0.007515
767,15.3400,-2.208453,0,squat_bounce,0.107524,-0.000137,-0.002473,-0.015962,-0.002985
768,15.3600,-1.957209,0,squat_bounce,0.107183,-0.000152,-0.001088,-0.016771,0.000742
769,15.3800,-1.705965,0,squat_bounce,0.106831,-0.000167,0.000003,-0.018190,-0.005936
770,15.4000,-1.454722,0,squat_bounce,0.106477,-0.000346,0.000732,-0.015823,-0.004605
771,15.4200,-1.203478,0,squat_bounce,0.106205,-0.000329,0.000893,-0.012915,-0.002438
772,15.4400,-0.952234,0,squat_bounce,0.106002,-0.000373,0.000496,-0.009021,-0.006485
773,15.4600,-0.700991,0,squat_bounce,0.105884,-0.000603,-0.000177,-0.003590,-0.008054
774,15.4800,-0.449747,0,squat_bounce,0.105860,-0.000763,-0.000975,-0.000169,-0.016951
775,15.5000,-0.198503,0,squat_bounce,0.105916,-0.001045,-0.001822,0.003676,-0.008761
776,15.5200,0.052740,0,squat_bounce,0.106013,-0.001218,-0.002989,0.005964,-0.007637
777,15.5400,0.303984,0,squat_bounce,0.106207,-0.001246,-0.004414,0.011611,0.003330
778,15.5600,0.555227,0,squat_bounce,0.106460,-0.001274,-0.005855,0.013544,0.003412
779,15.5800,0.806471,0,squat_bounce,0.106746,-0.001169,-0.007130,0.014811,0.008309
780,15.6000,1.057715,0,squat_bounce,0.107046,-0.001005,-0.008089,0.015180,0.009569
781,15.6200,1.308958,0,squat_bounce,0.107345,-0.000821,-0.008745,0.014536,0.008155
782,15.6400,1.560202,0,squat_bounce,0.107630,-0.000633,-0.009130,0.013671,0.011135
783,15.6600,1.811446,0,squat_bounce,0.107864,-0.000448,-0.009317,0.011256,0.012044
784,15.6800,2.062689,0,squat_bounce,0.108068,-0.000191,-0.009587,0.009357,0.010103
785,15.7000,2.313933,0,squat_bounce,0.108191,-0.000236,-0.009643,0.004599,-0.006283
786,15.7200,2.565177,0,squat_bounce,0.108254,-0.000322,-0.009384,0.002081,-0.005742
787,15.7400,2.816420,0,squat_bounce,0.108269,-0.000365,-0.008957,0.000577,0.003189
788,15.7600,3.067664,0,squat_bounce,0.108262,-0.000166,-0.008327,-0.001132,0.011685
789,15.7800,-2.964278,0,squat_bounce,0.108205,0.000074,-0.007437,-0.003970,0.007045
790,15.8000,-2.713034,0,squat_bounce,0.108072,0.000131,-0.006105,-0.008156,-0.000235
791,15.8200,-2.461791,0,squat_bounce,0.107848,0.000056,-0.004527,-0.013207,-0.007551
792,15.8400,-2.210547,0,squat_bounce,0.107546,-0.000066,-0.003072,-0.016189,-0.007854
793,15.8600,-1.959303,0,squat_bounce,0.107200,-0.000131,-0.002009,-0.017619,-0.007212
794,15.8800,-1.708060,0,squat_bounce,0.106836,-0.000283,-0.000919,-0.018291,-0.008032
795,15.9000,-1.456816,0,squat_bounce,0.106496,-0.000387,0.000133,-0.015409,-0.001092
796,15.9200,-1.205572,0,squat_bounce,0.106223,-0.000334,0.000593,-0.013058,-0.002100
797,15.9400,-0.954329,0,squat_bounce,0.106016,-0.000380,0.000453,-0.009190,-0.006937
798,15.9600,-0.703085,0,squat_bounce,0.105894,-0.000616,-0.000040,-0.003726,-0.008711
799,15.9800,-0.451841,0,squat_bounce,0.105862,-0.000814,-0.000751,-0.001526,-0.024691
800,16.0000,-0.200598,0,squat_bounce,0.105913,-0.001109,-0.001544,0.003249,-0.008398
801,16.0200,0.050646,0,squat_bounce,0.106010,-0.001099,-0.002744,0.007020,0.008056
802,16.0400,0.301889,0,squat_bounce,0.106210,-0.001142,-0.004265,0.011148,-0.003654
803,16.0600,0.553133,0,squat_bounce,0.106466,-0.001176,-0.005928,0.013633,0.003805
804,16.0800,0.804377,0,squat_bounce,0.106750,-0.001094,-0.007354,0.014328,0.011460
805,16.1000,1.055620,0,squat_bounce,0.107043,-0.000982,-0.008407,0.015449,0.005924
806,16.1200,1.306864,0,squat_bounce,0.107345,-0.000861,-0.009134,0.014475,0.007207
807,16.1400,1.558108,0,squat_bounce,0.107622,-0.000621,-0.009576,0.013286,0.013943
808,16.1600,1.809351,0,squat_bounce,0.107851,-0.000549,-0.009950,0.010340,-0.000304
809,16.1800,2.060595,0,squat_bounce,0.108035,-0.000497,-0.010075,0.008430,0.002177
810,16.2000,2.311839,0,squat_bounce,0.108166,-0.000419,-0.009779,0.005418,0.005079
811,16.2200,2.563082,0,squat_bounce,0.108249,-0.000184,-0.009347,0.003965,0.016205
812,16.2400,2.814326,0,squat_bounce,0.108297,0.000131,-0.008871,0.001428,0.014398
813,16.2600,3.065569,0,squat_bounce,0.108287,0.000362,-0.008128,-0.001546,0.009007
814,16.2800,-2.966372,0,squat_bounce,0.108213,0.000465,-0.006950,-0.004874,0.001795
815,16.3000,-2.715129,0,squat_bounce,0.108071,0.000458,-0.005684,-0.008120,0.001859
816,16.3200,-2.463885,0,squat_bounce,0.107844,0.000266,-0.004313,-0.013289,-0.013220
817,16.3400,-2.212641,0,squat_bounce,0.107535,0.000058,-0.002777,-0.016345,-0.009608
818,16.3600,-1.961398,0,squat_bounce,0.107201,-0.000014,-0.001459,-0.017239,-0.004467
819,16.3800,-1.710154,0,squat_bounce,0.106834,-0.000175,-0.000461,-0.018502,-0.010297
820,16.4000,-1.458910,0,squat_bounce,0.106465,-0.000472,0.000251,-0.018044,-0.021738
821,16.4200,-1.207667,0,squat_bounce,0.106191,-0.000538,0.000377,-0.011762,0.005014
822,16.4400,-0.956423,0,squat_bounce,0.106003,-0.000429,-0.000157,-0.008430,0.000279
823,16.4600,-0.705179,0,squat_bounce,0.105889,-0.000524,-0.000812,-0.003776,0.003231
824,16.4800,-0.453936,0,squat_bounce,0.105860,-0.000779,-0.001362,-0.000009,-0.014942
825,16.5000,-0.202692,0,squat_bounce,0.105923,-0.001018,-0.002114,0.004295,-0.009489
826,16.5200,0.048551,0,squat_bounce,0.106037,-0.001231,-0.003304,0.006662,-0.003552
827,16.5400,0.299795,1,weight_shift,0.106445,-0.001137,-0.004832,0.032103,0.006069
828,16.5600,0.551039,1,weight_shift,0.107404,-0.001480,-0.006150,0.055924,-0.032926
829,16.5800,0.802282,1,weight_shift,0.108680,-0.002201,-0.006736,0.066860,-0.036220
830,16.6000,1.053526,1,weight_shift,0.110008,-0.002839,-0.006362,0.064781,-0.028936
831,16.6200,1.304770,1,weight_shift,0.111228,-0.003011,-0.005283,0.058097,0.001836
832,16.6400,1.556013,1,weight_shift,0.112244,-0.002935,-0.004157,0.045604,-0.012470
833,16.6600,1.807257,1,weight_shift,0.113036,-0.003243,-0.002879,0.037043,-0.006280
834,16.6800,2.058501,1,weight_shift,0.113688,-0.002998,-0.001786,0.030249,0.023215
835,16.7000,2.309744,1,weight_shift,0.114194,-0.002403,-0.001525,0.022396,0.030890
836,16.7200,2.560988,1,weight_shift,0.114547,-0.001761,-0.001708,0.014761,0.030052
837,16.7400,2.812231,1,weight_shift,0.114781,-0.001263,-0.001780,0.010091,0.025381
838,16.7600,3.063475,1,weight_shift,0.114949,-0.000789,-0.001852,0.007319,0.022622
839,16.7800,-2.968467,1,weight_shift,0.115060,-0.000570,-0.001651,0.004878,0.007189
840,16.8000,-2.717223,1,weight_shift,0.115135,-0.000474,-0.001106,0.002604,-0.002026
841,16.8200,-2.465979,1,weight_shift,0.115173,-0.000615,-0.000348,0.001749,-0.014883
842,16.8400,-2.214736,1,weight_shift,0.115188,-0.001001,0.000831,-0.000339,-0.028313
843,16.8600,-1.963492,1,weight_shift,0.115211,-0.001280,0.001918,0.001778,-0.012996
844,16.8800,-1.712248,1,weight_shift,0.115240,-0.001442,0.002956,0.001228,-0.006801
845,16.9000,-1.461005,1,weight_shift,0.115254,-0.001538,0.003668,0.000800,-0.005470
846,16.9200,-1.209761,1,weight_shift,0.115274,-0.001631,0.004004,0.000925,-0.003658
847,16.9400,-0.958518,1,weight_shift,0.115284,-0.001712,0.003956,0.000613,-0.003251
848,16.9600,-0.707274,1,weight_shift,0.115302,-0.001819,0.003730,0.000850,-0.003561
849,16.9800,-0.456030,1,weight_shift,0.115311,-0.001915,0.003318,0.000252,-0.005172
850,17.0000,-0.204787,1,weight_shift,0.115331,-0.001900,0.002528,0.001270,0.003544
851,17.0200,0.046457,1,weight_shift,0.115349,-0.001884,0.001700,-0.000044,-0.004282
852,17.0400,0.297701,1,weight_shift,0.115359,-0.001894,0.000671,0.000653,0.005216
853,17.0600,0.548944,1,weight_shift,0.115381,-0.001763,-0.000536,0.001122,0.008737
854,17.0800,0.800188,1,weight_shift,0.115393,-0.001707,-0.001677,-0.000490,-0.004372
855,17.1000,1.051432,1,weight_shift,0.115406,-0.001733,-0.002912,0.001154,0.003420
856,17.1200,1.302675,1,weight_shift,0.115425,-0.001672,-0.003952,0.000776,0.006561
857,17.1400,1.553919,1,weight_shift,0.115444,-0.001570,-0.004852,0.001087,0.005807
858,17.1600,1.805162,1,weight_shift,0.115457,-0.001545,-0.005472,0.000351,0.000796
859,17.1800,2.056406,1,weight_shift,0.115464,-0.001578,-0.005891,0.000731,-0.000526
860,17.2000,2.307650,1,weight_shift,0.115470,-0.001669,-0.006098,0.000165,-0.004560
861,17.2200,2.558893,1,weight_shift,0.115472,-0.001740,-0.006175,0.000032,-0.002421
862,17.2400,2.810137,1,weight_shift,0.115476,-0.001747,-0.006170,0.000371,-0.000623
863,17.2600,3.061381,1,weight_shift,0.115478,-0.001779,-0.005832,-0.000038,-0.002519
864,17.2800,-2.970561,1,weight_shift,0.115474,-0.001800,-0.005279,-0.000228,-0.002304
865,17.3000,-2.719317,1,weight_shift,0.115474,-0.001807,-0.004678,0.000185,-0.002796
866,17.3200,-2.468074,1,weight_shift,0.115472,-0.001882,-0.003871,-0.000193,-0.006455
867,17.3400,-2.216830,1,weight_shift,0.115466,-0.001957,-0.002984,-0.000277,-0.005386
868,17.3600,-1.965586,1,weight_shift,0.115462,-0.001992,-0.002137,-0.000169,-0.002914
869,17.3800,-1.714343,1,weight_shift,0.115466,-0.001965,-0.001367,0.000197,-0.002100
870,17.4000,-1.463099,1,weight_shift,0.115467,-0.001952,-0.000602,0.000025,-0.000588
871,17.4200,-1.211856,1,weight_shift,0.115466,-0.001923,-0.000099,-0.000057,0.000241
872,17.4400,-0.960612,1,weight_shift,0.115465,-0.001916,0.000048,-0.000017,-0.000317
873,17.4600,-0.709368,1,weight_shift,0.115465,-0.001929,-0.000024,-0.000003,-0.000395
874,17.4800,-0.458125,1,weight_shift,0.115465,-0.001944,-0.000264,0.000002,0.000070
875,17.5000,-0.206881,1,weight_shift,0.115472,-0.001939,-0.000550,0.000253,-0.001397
876,17.5200,0.044363,1,weight_shift,0.115475,-0.002008,-0.000889,0.000112,-0.002667
877,17.5400,0.295606,1,weight_shift,0.115476,-0.002079,-0.001372,0.000011,-0.001860
878,17.5600,0.546850,1,weight_shift,0.115476,-0.002132,-0.001961,-0.000036,-0.000531
879,17.5800,0.798094,1,weight_shift,0.115481,-0.002141,-0.002681,0.000476,0.001847
880,17.6000,1.049337,1,weight_shift,0.115487,-0.002172,-0.003270,0.000208,-0.000279
881,17.6200,1.300581,1,weight_shift,0.115491,-0.002197,-0.003842,0.000144,0.000987
882,17.6400,1.551824,1,weight_shift,0.115493,-0.002192,-0.004430,0.000111,0.002219
883,17.6600,1.803068,1,weight_shift,0.115503,-0.002185,-0.004918,0.000219,-0.001272
884,17.6800,2.054312,1,weight_shift,0.115504,-0.002254,-0.005234,-0.000002,-0.002777
885,17.7000,2.305555,1,weight_shift,0.115503,-0.002320,-0.005553,-0.000067,-0.002008
886,17.7200,2.556799,1,weight_shift,0.115504,-0.002354,-0.005864,0.000304,0.001557
887,17.7400,2.808043,1,weight_shift,0.115505,-0.002415,-0.005884,-0.000056,-0.004279
888,17.7600,3.059286,1,weight_shift,0.115505,-0.002450,-0.005689,0.000511,0.004248
889,17.7800,-2.972655,1,weight_shift,0.115502,-0.002452,-0.005361,-0.000388,-0.003450
890,17.8000,-2.721412,1,weight_shift,0.115494,-0.002517,-0.004945,-0.000020,-0.002197
891,17.8200,-2.470168,1,weight_shift,0.115490,-0.002620,-0.004297,-0.000351,-0.007812
892,17.8400,-2.218924,1,weight_shift,0.115481,-0.002703,-0.003487,-0.000388,-0.005503
893,17.8600,-1.967681,1,weight_shift,0.115475,-0.002727,-0.002693,-0.000215,-0.002453
894,17.8800,-1.716437,1,weight_shift,0.115478,-0.002676,-0.001944,0.000139,-0.001229
895,17.9000,-1.465194,1,weight_shift,0.115478,-0.002631,-0.001153,-0.000090,0.000509
896,17.9200,-1.213950,1,weight_shift,0.115475,-0.002583,-0.000650,-0.000109,0.000637
897,17.9400,-0.962706,1,weight_shift,0.115473,-0.002577,-0.000517,-0.000070,-0.000648
898,17.9600,-0.711463,1,weight_shift,0.115472,-0.002599,-0.000590,-0.000065,-0.000811
899,17.9800,-0.460219,1,weight_shift,0.115472,-0.002601,-0.000827,0.000229,0.004228
900,18.0000,-0.208975,1,weight_shift,0.115477,-0.002623,-0.001008,0.000165,-0.001683
901,18.0200,0.042268,1,weight_shift,0.115479,-0.002679,-0.001345,0.000060,-0.001444
902,18.0400,0.293512,1,weight_shift,0.115479,-0.002730,-0.001870,-0.000023,-0.000488
903,18.0600,0.544756,1,weight_shift,0.115479,-0.002761,-0.002483,-0.000033,0.001008
904,18.0800,0.795999,1,weight_shift,0.115486,-0.002743,-0.003150,0.000259,0.001113
905,18.1000,1.047243,1,weight_shift,0.115490,-0.002761,-0.003707,0.000164,0.001166
906,18.1200,1.298486,1,weight_shift,0.115493,-0.002747,-0.004287,0.000138,0.003590
907,18.1400,1.549730,1,weight_shift,0.115503,-0.002673,-0.004870,0.000473,0.004435
908,18.1600,1.800974,1,weight_shift,0.115507,-0.002659,-0.005226,0.000062,-0.000007
909,18.1800,2.052217,1,weight_shift,0.115507,-0.002695,-0.005490,-0.000079,-0.000969
910,18.2000,2.303461,1,weight_shift,0.115508,-0.002712,-0.005789,0.000194,-0.000493
911,18.2200,2.554705,1,weight_shift,0.115509,-0.002786,-0.005902,-0.000045,-0.004037
912,18.2400,2.805948,1,weight_shift,0.115506,-0.002861,-0.005927,-0.000220,-0.003351
913,18.2600,3.057192,1,weight_shift,0.115514,-0.002701,-0.005800,-0.000133,0.004432
914,18.2800,-2.974750,1,weight_shift,0.115508,-0.002680,-0.005510,-0.000188,-0.002882
915,18.3000,-2.723506,1,weight_shift,0.115498,-0.002784,-0.004897,-0.000647,-0.008159
916,18.3200,-2.472262,1,weight_shift,0.115484,-0.002888,-0.004125,-0.000656,-0.007155
917,18.3400,-2.221019,1,weight_shift,0.115477,-0.002929,-0.003440,-0.000013,-0.003724
918,18.3600,-1.969775,1,weight_shift,0.115474,-0.002962,-0.002599,-0.000259,-0.003735
919,18.3800,-1.718532,1,weight_shift,0.115468,-0.002930,-0.001707,-0.000236,-0.000116
920,18.4000,-1.467288,1,weight_shift,0.115465,-0.002857,-0.001016,-0.000097,0.001613
921,18.4200,-1.216044,1,weight_shift,0.115464,-0.002793,-0.000682,0.000117,0.004294
922,18.4400,-0.964801,1,weight_shift,0.115466,-0.002809,-0.000509,0.000015,-0.002615
923,18.4600,-0.713557,1,weight_shift,0.115464,-0.002850,-0.000468,-0.000108,-0.001819
924,18.4800,-0.462313,1,weight_shift,0.115462,-0.002889,-0.000669,-0.000077,-0.001054
925,18.5000,-0.211070,1,weight_shift,0.115461,-0.002924,-0.001063,-0.000048,0.000207
926,18.5200,0.040174,1,weight_shift,0.115466,-0.002908,-0.001584,0.000303,0.001027
927,18.5400,0.291417,1,weight_shift,0.115470,-0.002955,-0.002061,0.000107,-0.001230
928,18.5600,0.542661,1,weight_shift,0.115471,-0.003011,-0.002646,0.000007,-0.000143
929,18.5800,0.793905,1,weight_shift,0.115474,-0.003015,-0.003364,0.000502,0.006487
930,18.6000,1.045148,1,weight_shift,0.115481,-0.002998,-0.003950,0.000275,0.002036
931,18.6200,1.296392,1,weight_shift,0.115486,-0.002979,-0.004429,0.000207,0.003340
932,18.6400,1.547636,1,weight_shift,0.115494,-0.002906,-0.004949,0.000598,0.005700
933,18.6600,1.798879,1,weight_shift,0.115500,-0.002883,-0.005262,0.000112,0.000071
934,18.6800,2.050123,1,weight_shift,0.115500,-0.002922,-0.005473,-0.000062,-0.001325
935,18.7000,2.301367,1,weight_shift,0.115501,-0.002942,-0.005739,0.000180,-0.000470
936,18.7200,2.552610,1,weight_shift,0.115502,-0.003014,-0.005845,-0.000057,-0.003845
937,18.7400,2.803854,1,weight_shift,0.115499,-0.003086,-0.005874,-0.000237,-0.003269
938,18.7600,3.055097,1,weight_shift,0.115506,-0.002922,-0.005749,-0.000157,0.004584
939,18.7800,-2.976844,1,weight_shift,0.115501,-0.002899,-0.005441,-0.000307,-0.004471
940,18.8000,-2.725601,1,weight_shift,0.115488,-0.003000,-0.004807,-0.000765,-0.007892
941,18.8200,-2.474357,1,weight_shift,0.115473,-0.003094,-0.004051,-0.000713,-0.006841
942,18.8400,-2.223113,1,weight_shift,0.115468,-0.003140,-0.003328,-0.000261,-0.006316
943,18.8600,-1.971870,1,weight_shift,0.115460,-0.003172,-0.002458,-0.000409,-0.003435
944,18.8800,-1.720626,1,weight_shift,0.115453,-0.003135,-0.001633,-0.000245,0.000045
945,18.9000,-1.469382,1,weight_shift,0.115454,-0.003053,-0.001031,0.000150,-0.000141
946,18.9200,-1.218139,1,weight_shift,0.115453,-0.003034,-0.000552,-0.000113,-0.000536
947,18.9400,-0.966895,1,weight_shift,0.115450,-0.003020,-0.000369,-0.000166,0.000216
948,18.9600,-0.715651,1,weight_shift,0.115447,-0.003019,-0.000438,-0.000128,0.000312
949,18.9800,-0.464408,1,weight_shift,0.115448,-0.003007,-0.000708,0.000216,0.001392
950,19.0000,-0.213164,1,weight_shift,0.115451,-0.003046,-0.000950,0.000083,-0.001364
951,19.0200,0.038079,1,weight_shift,0.115452,-0.003101,-0.001391,0.000013,-0.000790
952,19.0400,0.289323,1,weight_shift,0.115452,-0.003149,-0.002003,-0.000039,0.000325
953,19.0600,0.540567,1,weight_shift,0.115457,-0.003143,-0.002726,0.000325,0.002024
954,19.0800,0.791810,1,weight_shift,0.115462,-0.003165,-0.003358,0.000169,0.001297
955,19.1000,1.043054,1,weight_shift,0.115465,-0.003163,-0.004008,0.000134,0.003436
956,19.1200,1.294298,1,weight_shift,0.115475,-0.003094,-0.004587,0.000374,0.004208
957,19.1400,1.545541,1,weight_shift,0.115481,-0.003055,-0.004992,0.000182,0.003001
958,19.1600,1.796785,1,weight_shift,0.115487,-0.003013,-0.005360,0.000417,0.003001
959,19.1800,2.048029,1,weight_shift,0.115490,-0.003042,-0.005542,0.000041,-0.002191
960,19.2000,2.299272,1,weight_shift,0.115489,-0.003101,-0.005710,-0.000083,-0.002028
961,19.2200,2.550516,1,weight_shift,0.115489,-0.003129,-0.005950,0.000207,0.002384
962,19.2400,2.801759,1,weight_shift,0.115489,-0.003179,-0.005946,-0.000130,-0.003954
963,19.2600,3.053003,1,weight_shift,0.115490,-0.003127,-0.005696,-0.000359,-0.001020
964,19.2800,-2.978939,1,weight_shift,0.115488,-0.003055,-0.005348,0.000015,0.004222
965,19.3000,-2.727695,1,weight_shift,0.115480,-0.003107,-0.004712,-0.000656,-0.007583
966,19.3200,-2.476451,1,weight_shift,0.115464,-0.003204,-0.003870,-0.000749,-0.007769
967,19.3400,-2.225208,1,weight_shift,0.115457,-0.003250,-0.003120,-0.000142,-0.006164
968,19.3600,-1.973964,1,weight_shift,0.115451,-0.003288,-0.002243,-0.000388,-0.004023
969,19.3800,-1.722720,1,weight_shift,0.115443,-0.003252,-0.001384,-0.000301,-0.000134
970,19.4000,-1.471477,1,weight_shift,0.115440,-0.003157,-0.000788,0.000036,0.005958
971,19.4200,-1.220233,1,weight_shift,0.115442,-0.003121,-0.000369,0.000003,-0.001070
972,19.4400,-0.968990,1,weight_shift,0.115440,-0.003124,-0.000167,-0.000120,-0.000663
973,19.4600,-0.717746,1,weight_shift,0.115437,-0.003132,-0.000218,-0.000121,0.000020
974,19.4800,-0.466502,1,weight_shift,0.115438,-0.003121,-0.000492,0.000206,0.001459
975,19.5000,-0.215259,1,weight_shift,0.115441,-0.003162,-0.000758,0.000069,-0.001302
976,19.5200,0.035985,1,weight_shift,0.115442,-0.003219,-0.001234,0.000005,-0.000694
977,19.5400,0.287229,1,weight_shift,0.115441,-0.003272,-0.001886,-0.000047,0.000355
978,19.5600,0.538472,1,weight_shift,0.115447,-0.003272,-0.002585,0.000206,0.000637
979,19.5800,0.789716,1,weight_shift,0.115450,-0.003315,-0.003236,0.000125,0.000890
980,19.6000,1.040960,1,weight_shift,0.115455,-0.003300,-0.003962,0.000622,0.007490
981,19.6200,1.292203,1,weight_shift,0.115464,-0.003250,-0.004475,0.000339,0.003463
982,19.6400,1.543447,1,weight_shift,0.115469,-0.003215,-0.004851,0.000189,0.003306
983,19.6600,1.794691,1,weight_shift,0.115478,-0.003163,-0.005249,0.000361,0.002452
984,19.6800,2.045934,1,weight_shift,0.115481,-0.003190,-0.005462,0.000027,-0.001758
985,19.7000,2.297178,1,weight_shift,0.115480,-0.003243,-0.005666,-0.000089,-0.001496
986,19.7200,2.548421,1,weight_shift,0.115482,-0.003280,-0.005826,0.000037,-0.003399
987,19.7400,2.799665,1,weight_shift,0.115480,-0.003357,-0.005829,-0.000232,-0.003797
988,19.7600,3.050909,1,weight_shift,0.115482,-0.003295,-0.005726,0.000181,0.005849
989,19.7800,-2.981033,1,weight_shift,0.115477,-0.003322,-0.005292,-0.000535,-0.005620
990,19.8000,-2.729789,1,weight_shift,0.115469,-0.003331,-0.004615,-0.000297,-0.001085
991,19.8200,-2.478546,1,weight_shift,0.115461,-0.003337,-0.003929,-0.000348,-0.006022
992,19.8400,-2.227302,1,weight_shift,0.115450,-0.003403,-0.003063,-0.000658,-0.006197
993,19.8600,-1.976058,1,weight_shift,0.115437,-0.003415,-0.002176,-0.000525,-0.002970
994,19.8800,-1.724815,1,weight_shift,0.115436,-0.003353,-0.001401,-0.000025,-0.001495
995,19.9000,-1.473571,1,weight_shift,0.115433,-0.003295,-0.000639,-0.000182,0.000694
996,19.9200,-1.222328,1,weight_shift,0.115429,-0.003231,-0.000196,-0.000155,0.001391
997,19.9400,-0.971084,1,weight_shift,0.115428,-0.003184,-0.000126,0.000079,0.004727
998,19.9600,-0.719840,1,weight_shift,0.115429,-0.003194,-0.000092,0.000015,-0.001607
999,19.9800,-0.468597,1,weight_shift,0.115428,-0.003226,-0.000231,-0.000085,-0.000585
1000,20.0000,-0.217353,1,weight_shift,0.115427,-0.003262,-0.000671,-0.000041,0.000300
1001,20.0200,0.033891,1,weight_shift,0.115430,-0.003262,-0.001322,0.000300,0.003044
1002,20.0400,0.285134,1,weight_shift,0.115434,-0.003311,-0.001899,0.000131,-0.000973
1003,20.0600,0.536378,1,weight_shift,0.115436,-0.003376,-0.002562,0.000035,0.000170
1004,20.0800,0.787622,1,weight_shift,0.115441,-0.003375,-0.003348,0.000453,0.004343
1005,20.1000,1.038865,1,weight_shift,0.115448,-0.003367,-0.003948,0.000268,0.002427
1006,20.1200,1.290109,1,weight_shift,0.115453,-0.003343,-0.004457,0.000211,0.004053
1007,20.1400,1.541352,1,weight_shift,0.115464,-0.003271,-0.004923,0.000362,0.003701
1008,20.1600,1.792596,1,weight_shift,0.115467,-0.003263,-0.005223,0.000055,0.000321
1009,20.1800,2.043840,1,weight_shift,0.115472,-0.003272,-0.005451,0.000185,-0.001488
1010,20.2000,2.295083,1,weight_shift,0.115473,-0.003345,-0.005575,-0.000023,-0.003329
1011,20.2200,2.546327,1,weight_shift,0.115471,-0.003408,-0.005742,-0.000128,-0.001763
1012,20.2400,2.797571,1,weight_shift,0.115472,-0.003424,-0.005867,0.000085,-0.002278
1013,20.2600,3.048814,1,weight_shift,0.115473,-0.003444,-0.005717,0.000492,0.004666
1014,20.2800,-2.983127,1,weight_shift,0.115465,-0.003422,-0.005342,-0.000619,-0.002657
1015,20.3000,-2.731884,1,weight_shift,0.115458,-0.003458,-0.004798,-0.000489,-0.007015
1016,20.3200,-2.480640,1,weight_shift,0.115445,-0.003538,-0.004025,-0.000702,-0.006720
1017,20.3400,-2.229396,1,weight_shift,0.115438,-0.003558,-0.003294,-0.000152,-0.005002
1018,20.3600,-1.978153,1,weight_shift,0.115432,-0.003568,-0.002427,-0.000397,-0.002965
1019,20.3800,-1.726909,1,weight_shift,0.115424,-0.003508,-0.001570,-0.000294,0.000707
1020,20.4000,-1.475666,1,weight_shift,0.115424,-0.003405,-0.000943,0.000132,0.000422
1021,20.4200,-1.224422,1,weight_shift,0.115423,-0.003371,-0.000456,-0.000121,-0.000151
1022,20.4400,-0.973178,1,weight_shift,0.115420,-0.003345,-0.000271,-0.000170,0.000865
1023,20.4600,-0.721935,1,weight_shift,0.115417,-0.003326,-0.000338,-0.000129,0.001346
1024,20.4800,-0.470691,1,weight_shift,0.115419,-0.003307,-0.000486,0.000104,-0.001017
1025,20.5000,-0.219447,1,weight_shift,0.115420,-0.003353,-0.000766,-0.000019,-0.000777
1026,20.5200,0.031796,1,weight_shift,0.115420,-0.003405,-0.001306,-0.000022,0.000087
1027,20.5400,0.283040,2,head_bob,0.115419,-0.003384,-0.001658,-0.000257,0.003282
1028,20.5600,0.534284,2,head_bob,0.115413,-0.003266,-0.001746,-0.000229,0.008527
1029,20.5800,0.785527,2,head_bob,0.115434,-0.002933,-0.002006,0.001923,0.022188
1030,20.6000,1.036771,2,head_bob,0.115472,-0.002530,-0.002212,0.001741,0.020557
1031,20.6200,1.288014,2,head_bob,0.115501,-0.002163,-0.002524,0.001337,0.018686
1032,20.6400,1.539258,2,head_bob,0.115526,-0.001903,-0.003024,0.001205,0.012231
1033,20.6600,1.790502,2,head_bob,0.115548,-0.001813,-0.003503,0.000986,0.002920
1034,20.6800,2.041745,2,head_bob,0.115562,-0.001880,-0.003654,0.000462,-0.006028
1035,20.7000,2.292989,2,head_bob,0.115545,-0.002127,-0.003375,-0.001054,-0.016105
1036,20.7200,2.544233,2,head_bob,0.115528,-0.002348,-0.002874,-0.000707,-0.009756
1037,20.7400,2.795476,2,head_bob,0.115507,-0.002303,-0.002075,-0.001588,0.006479
1038,20.7600,3.046720,2,head_bob,0.115468,-0.001986,-0.000789,-0.002190,0.010971
1039,20.7800,-2.985222,2,head_bob,0.115433,-0.001821,0.000925,-0.001469,-0.006775
1040,20.8000,-2.733978,2,head_bob,0.115368,-0.001670,0.002945,-0.003885,0.001975
1041,20.8200,-2.482735,2,head_bob,0.115301,-0.001520,0.004838,-0.002317,-0.006287
1042,20.8400,-2.231491,2,head_bob,0.115269,-0.001620,0.006174,-0.001178,-0.010715
1043,20.8600,-1.980247,2,head_bob,0.115258,-0.001786,0.006707,-0.000226,-0.009042
1044,20.8800,-1.729004,2,head_bob,0.115262,-0.001940,0.006596,0.000409,-0.006752
1045,20.9000,-1.477760,2,head_bob,0.115280,-0.002081,0.005975,0.001255,-0.002775
1046,20.9200,-1.226516,2,head_bob,0.115314,-0.002177,0.005009,0.001972,0.000064
1047,20.9400,-0.975273,2,head_bob,0.115336,-0.002053,0.004142,0.000998,0.012314
1048,20.9600,-0.724029,2,head_bob,0.115347,-0.002003,0.003507,0.001148,0.005541
1049,20.9800,-0.472785,2,head_bob,0.115371,-0.001875,0.003138,0.001101,0.009438
1050,21.0000,-0.221542,2,head_bob,0.115378,-0.001811,0.003034,0.000592,0.005179
1051,21.0200,0.029702,2,head_bob,0.115386,-0.001668,0.003155,0.000172,0.007682
1052,21.0400,0.280945,2,head_bob,0.115384,-0.001494,0.003361,0.000181,0.003669
1053,21.0600,0.532189,2,head_bob,0.115384,-0.001507,0.003333,-0.000222,-0.000721
1054,21.0800,0.783433,2,head_bob,0.115384,-0.001650,0.002959,0.000101,-0.008258
1055,21.1000,1.034676,2,head_bob,0.115412,-0.001731,0.002220,0.001700,0.000819
1056,21.1200,1.285920,2,head_bob,0.115450,-0.001829,0.000937,0.002032,-0.001511
1057,21.1400,1.537164,2,head_bob,0.115490,-0.002036,-0.000520,0.001473,-0.003509
1058,21.1600,1.788407,2,head_bob,0.115509,-0.002149,-0.001609,0.000847,-0.001733
1059,21.1800,2.039651,2,head_bob,0.115525,-0.002280,-0.002104,0.000761,-0.006461
1060,21.2000,2.290895,2,head_bob,0.115535,-0.002422,-0.002039,0.000282,-0.006819
1061,21.2200,2.542138,2,head_bob,0.115538,-0.002414,-0.001495,0.000112,0.001447
1062,21.2400,2.793382,2,head_bob,0.115527,-0.002214,-0.000622,-0.001339,0.008506
1063,21.2600,3.044626,2,head_bob,0.115503,-0.001785,0.000620,-0.002012,0.016557
1064,21.2800,-2.987316,2,head_bob,0.115446,-0.001433,0.002093,-0.003145,0.009210
1065,21.3000,-2.736073,2,head_bob,0.115400,-0.001399,0.003561,-0.002834,-0.004154
1066,21.3200,-2.484829,2,head_bob,0.115339,-0.001350,0.004980,-0.002331,-0.007780
1067,21.3400,-2.233585,2,head_bob,0.115305,-0.001499,0.006070,-0.001293,-0.011946
1068,21.3600,-1.982342,2,head_bob,0.115292,-0.001712,0.006474,-0.000345,-0.011213
1069,21.3800,-1.731098,2,head_bob,0.115294,-0.001893,0.006322,0.000307,-0.007319
1070,21.4000,-1.479854,2,head_bob,0.115310,-0.002030,0.005704,0.001088,-0.002433
1071,21.4200,-1.228611,2,head_bob,0.115336,-0.002079,0.004775,0.001002,0.006104
1072,21.4400,-0.977367,2,head_bob,0.115351,-0.001889,0.003926,0.000910,0.013900
1073,21.4600,-0.726123,2,head_bob,0.115374,-0.001680,0.003345,0.001259,0.011360
1074,21.4800,-0.474880,2,head_bob,0.115394,-0.001716,0.002997,0.000768,0.001350
1075,21.5000,-0.223636,2,head_bob,0.115404,-0.001648,0.002955,0.000363,0.004367
1076,21.5200,0.027607,2,head_bob,0.115405,-0.001528,0.003157,-0.000164,0.005875
1077,21.5400,0.278851,2,head_bob,0.115397,-0.001384,0.003387,-0.000042,0.002331
1078,21.5600,0.530095,2,head_bob,0.115395,-0.001428,0.003307,-0.000332,-0.002063
1079,21.5800,0.781338,2,head_bob,0.115394,-0.001604,0.002882,0.000087,-0.010100
1080,21.6000,1.032582,2,head_bob,0.115411,-0.001692,0.002143,0.001216,0.000124
1081,21.6200,1.283826,2,head_bob,0.115451,-0.001731,0.000871,0.002208,0.001912
1082,21.6400,1.535069,2,head_bob,0.115497,-0.001888,-0.000606,0.002328,-0.005761
1083,21.6600,1.786313,2,head_bob,0.115521,-0.001984,-0.001699,0.000886,-0.000102
1084,21.6800,2.037557,2,head_bob,0.115537,-0.002067,-0.002145,0.000669,-0.004402
1085,21.7000,2.288800,2,head_bob,0.115545,-0.002170,-0.002013,0.000210,-0.005361
1086,21.7200,2.540044,2,head_bob,0.115543,-0.002163,-0.001424,-0.000619,-0.001628
1087,21.7400,2.791287,2,head_bob,0.115518,-0.002076,-0.000611,-0.001421,0.005035
1088,21.7600,3.042531,2,head_bob,0.115500,-0.001663,0.000530,-0.001680,0.017287
1089,21.7800,-2.989411,2,head_bob,0.115453,-0.001333,0.001868,-0.002009,0.004214
1090,21.8000,-2.738167,2,head_bob,0.115402,-0.001246,0.003257,-0.002573,-0.003308
1091,21.8200,-2.486923,2,head_bob,0.115351,-0.001310,0.004588,-0.002557,-0.008562
1092,21.8400,-2.235680,2,head_bob,0.115306,-0.001393,0.005669,-0.001643,-0.009020
1093,21.8600,-1.984436,2,head_bob,0.115292,-0.001600,0.006068,-0.000264,-0.011673
1094,21.8800,-1.733192,2,head_bob,0.115296,-0.001803,0.005892,0.000384,-0.008573
1095,21.9000,-1.481949,2,head_bob,0.115312,-0.001963,0.005278,0.001096,-0.003719
1096,21.9200,-1.230705,2,head_bob,0.115342,-0.002056,0.004364,0.001756,-0.000579
1097,21.9400,-0.979461,2,head_bob,0.115359,-0.001932,0.003575,0.000784,0.011762
1098,21.9600,-0.728218,2,head_bob,0.115378,-0.001727,0.003101,0.001070,0.011322
1099,21.9800,-0.476974,2,head_bob,0.115391,-0.001667,0.002865,0.001267,-0.001887
1100,22.0000,-0.225731,2,head_bob,0.115405,-0.001633,0.002847,0.000439,0.003499
1101,22.0200,0.025513,2,head_bob,0.115407,-0.001518,0.003035,-0.000133,0.006139
1102,22.0400,0.276757,2,head_bob,0.115395,-0.001323,0.003261,-0.000842,0.010779
1103,22.0600,0.528000,2,head_bob,0.115398,-0.001349,0.003140,0.000164,-0.004797
1104,22.0800,0.779244,2,head_bob,0.115398,-0.001556,0.002688,0.000032,-0.011073
1105,22.1000,1.030488,2,head_bob,0.115419,-0.001597,0.001981,0.000662,-0.001090
1106,22.1200,1.281731,2,head_bob,0.115453,-0.001625,0.000815,0.002058,0.002053
1107,22.1400,1.532975,2,head_bob,0.115499,-0.001764,-0.000548,0.002289,-0.005434
1108,22.1600,1.784219,2,head_bob,0.115522,-0.001841,-0.001581,0.000882,0.000484
1109,22.1800,2.035462,2,head_bob,0.115538,-0.001910,-0.002013,0.000677,-0.003812
1110,22.2000,2.286706,2,head_bob,0.115546,-0.002007,-0.001885,0.000204,-0.005257
1111,22.2200,2.537949,2,head_bob,0.115534,-0.002070,-0.001337,-0.001079,-0.004804
1112,22.2400,2.789193,2,head_bob,0.115510,-0.001999,-0.000575,-0.001218,0.005135
1113,22.2600,3.040437,2,head_bob,0.115495,-0.001577,0.000518,-0.001507,0.018109
1114,22.2800,-2.991505,2,head_bob,0.115451,-0.001240,0.001800,-0.001911,0.004817
1115,22.3000,-2.740261,2,head_bob,0.115405,-0.001194,0.003136,-0.003275,0.000405
1116,22.3200,-2.489018,2,head_bob,0.115350,-0.001204,0.004442,-0.002129,-0.010473
1117,22.3400,-2.237774,2,head_bob,0.115314,-0.001392,0.005478,-0.001467,-0.012909
1118,22.3600,-1.986530,2,head_bob,0.115298,-0.001619,0.005923,-0.000504,-0.011778
1119,22.3800,-1.735287,2,head_bob,0.115298,-0.001804,0.005823,0.000258,-0.007573
1120,22.4000,-1.484043,2,head_bob,0.115312,-0.001942,0.005245,0.001024,-0.002901
1121,22.4200,-1.232800,2,head_bob,0.115341,-0.002019,0.004344,0.001712,-0.000017
1122,22.4400,-0.981556,2,head_bob,0.115358,-0.001885,0.003556,0.000753,0.012009
1123,22.4600,-0.730312,2,head_bob,0.115376,-0.001677,0.003081,0.001048,0.011454
1124,22.4800,-0.479069,2,head_bob,0.115390,-0.001611,0.002847,0.001277,-0.001666
1125,22.5000,-0.227825,2,head_bob,0.115403,-0.001577,0.002822,0.000450,0.003448
1126,22.5200,0.023419,2,head_bob,0.115405,-0.001464,0.003006,-0.000116,0.006085
1127,22.5400,0.274662,2,head_bob,0.115394,-0.001270,0.003237,-0.000814,0.010792
1128,22.5600,0.525906,2,head_bob,0.115397,-0.001296,0.003108,0.000181,-0.004821
1129,22.5800,0.777150,2,head_bob,0.115398,-0.001505,0.002637,0.000032,-0.011236
1130,22.6000,1.028393,2,head_bob,0.115419,-0.001550,0.001923,0.000654,-0.001447
1131,22.6200,1.279637,2,head_bob,0.115447,-0.001623,0.000756,0.002056,0.001334
1132,22.6400,1.530881,2,head_bob,0.115495,-0.001753,-0.000608,0.002397,-0.004679
1133,22.6600,1.782124,2,head_bob,0.115520,-0.001810,-0.001652,0.000963,0.001422
1134,22.6800,2.033368,2,head_bob,0.115537,-0.001861,-0.002091,0.000726,-0.003041
1135,22.7000,2.284611,2,head_bob,0.115545,-0.001946,-0.001960,0.000224,-0.004809
1136,22.7200,2.535855,2,head_bob,0.115529,-0.002037,-0.001435,-0.001037,-0.005108
1137,22.7400,2.787099,2,head_bob,0.115507,-0.001967,-0.000694,-0.001099,0.005402
1138,22.7600,3.038342,2,head_bob,0.115495,-0.001540,0.000387,-0.001434,0.018495
1139,22.7800,-2.993599,2,head_bob,0.115451,-0.001199,0.001661,-0.001875,0.005073
1140,22.8000,-2.742356,2,head_bob,0.115405,-0.001154,0.002989,-0.003268,0.000455
1141,22.8200,-2.491112,2,head_bob,0.115350,-0.001167,0.004295,-0.002140,-0.010586
1142,22.8400,-2.239868,2,head_bob,0.115314,-0.001359,0.005338,-0.001493,-0.013063
1143,22.8600,-1.988625,2,head_bob,0.115297,-0.001589,0.005799,-0.000526,-0.011885
1144,22.8800,-1.737381,2,head_bob,0.115297,-0.001773,0.005714,0.000255,-0.007623
1145,22.9000,-1.486138,2,head_bob,0.115311,-0.001911,0.005145,0.001016,-0.003036
1146,22.9200,-1.234894,2,head_bob,0.115340,-0.001990,0.004253,0.001702,-0.000151
1147,22.9400,-0.983650,2,head_bob,0.115356,-0.001857,0.003472,0.000742,0.011901
1148,22.9600,-0.732407,2,head_bob,0.115375,-0.001649,0.003006,0.001046,0.011316
1149,22.9800,-0.481163,2,head_bob,0.115393,-0.001587,0.002806,0.000707,-0.001800
1150,23.0000,-0.229919,2,head_bob,0.115402,-0.001560,0.002819,0.000337,0.002930
1151,23.0200,0.021324,2,head_bob,0.115403,-0.001453,0.003013,-0.000112,0.005865
1152,23.0400,0.272568,2,head_bob,0.115393,-0.001261,0.003251,-0.000783,0.010751
1153,23.0600,0.523812,2,head_bob,0.115396,-0.001288,0.003120,0.000199,-0.004892
1154,23.0800,0.775055,2,head_bob,0.115397,-0.001498,0.002640,0.000037,-0.011287
1155,23.1000,1.026299,2,head_bob,0.115418,-0.001542,0.001921,0.000656,-0.001419
1156,23.1200,1.277542,2,head_bob,0.115441,-0.001641,0.000731,0.001940,0.000978
1157,23.1400,1.528786,2,head_bob,0.115490,-0.001749,-0.000647,0.002499,-0.003239
1158,23.1600,1.780030,2,head_bob,0.115517,-0.001777,-0.001707,0.001050,0.002764
1159,23.1800,2.031273,2,head_bob,0.115535,-0.001808,-0.002159,0.000783,-0.002190
1160,23.2000,2.282517,2,head_bob,0.115541,-0.001892,-0.002034,-0.000384,-0.006272
1161,23.2200,2.533761,2,head_bob,0.115523,-0.001986,-0.001530,-0.000956,-0.004657
1162,23.2400,2.785004,2,head_bob,0.115504,-0.001907,-0.000806,-0.000994,0.005789
1163,23.2600,3.036248,2,head_bob,0.115493,-0.001476,0.000265,-0.001369,0.018686
1164,23.2800,-2.995694,2,head_bob,0.115457,-0.001191,0.001530,-0.001422,0.000528
1165,23.3000,-2.744450,2,head_bob,0.115401,-0.001059,0.002900,-0.002651,-0.001858
1166,23.3200,-2.493206,2,head_bob,0.115357,-0.001187,0.004218,-0.002093,-0.013660
1167,23.3400,-2.241963,2,head_bob,0.115311,-0.001322,0.005330,-0.001825,-0.010358
1168,23.3600,-1.990719,2,head_bob,0.115293,-0.001534,0.005823,-0.000450,-0.011743
1169,23.3800,-1.739476,2,head_bob,0.115294,-0.001726,0.005709,0.000329,-0.008118
1170,23.4000,-1.488232,2,head_bob,0.115310,-0.001877,0.005122,0.001048,-0.003674
1171,23.4200,-1.236988,2,head_bob,0.115339,-0.001966,0.004221,0.001707,-0.000643
1172,23.4400,-0.985745,2,head_bob,0.115355,-0.001840,0.003438,0.000740,0.011597
1173,23.4600,-0.734501,2,head_bob,0.115373,-0.001637,0.002969,0.001051,0.011081
1174,23.4800,-0.483257,2,head_bob,0.115389,-0.001601,0.002748,0.000922,-0.000849
1175,23.5000,-0.232014,2,head_bob,0.115401,-0.001557,0.002742,0.000409,0.003558
1176,23.5200,0.019230,2,head_bob,0.115403,-0.001443,0.002944,-0.000093,0.006099
1177,23.5400,0.270474,2,head_bob,0.115393,-0.001248,0.003199,-0.000774,0.010834
1178,23.5600,0.521717,2,head_bob,0.115396,-0.001273,0.003087,0.000201,-0.004858
1179,23.5800,0.772961,2,head_bob,0.115397,-0.001479,0.002620,0.000028,-0.011171
1180,23.6000,1.024204,2,head_bob,0.115411,-0.001658,0.001848,0.000684,-0.005756
1181,23.6200,1.275448,2,head_bob,0.115443,-0.001762,0.000624,0.002218,0.001471
1182,23.6400,1.526692,2,head_bob,0.115493,-0.001866,-0.000782,0.002517,-0.003049
1183,23.6600,1.777935,2,head_bob,0.115520,-0.001886,-0.001853,0.001037,0.003335
1184,23.6800,2.029179,2,head_bob,0.115538,-0.001900,-0.002298,0.000777,-0.001251
1185,23.7000,2.280423,2,head_bob,0.115544,-0.001963,-0.002165,-0.000367,-0.005279
1186,23.7200,2.531666,2,head_bob,0.115526,-0.002042,-0.001658,-0.000957,-0.004060
1187,23.7400,2.782910,2,head_bob,0.115507,-0.001953,-0.000925,-0.000997,0.006328
1188,23.7600,3.034154,2,head_bob,0.115496,-0.001512,0.000157,-0.001372,0.019256
1189,23.7800,-2.997788,2,head_bob,0.115460,-0.001214,0.001438,-0.001425,0.001091
1190,23.8000,-2.746544,2,head_bob,0.115410,-0.001133,0.002808,-0.002223,-0.006197
1191,23.8200,-2.495301,2,head_bob,0.115350,-0.001121,0.004176,-0.002406,-0.008327
1192,23.8400,-2.244057,2,head_bob,0.115313,-0.001292,0.005259,-0.001488,-0.012498
1193,23.8600,-1.992814,2,head_bob,0.115297,-0.001519,0.005721,-0.000500,-0.011866
1194,23.8800,-1.741570,2,head_bob,0.115297,-0.001705,0.005639,0.000268,-0.007801
1195,23.9000,-1.490326,2,head_bob,0.115311,-0.001848,0.005076,0.001012,-0.003373
1196,23.9200,-1.239083,2,head_bob,0.115340,-0.001930,0.004192,0.001693,-0.000402
1197,23.9400,-0.987839,2,head_bob,0.115356,-0.001799,0.003418,0.000734,0.011769
1198,23.9600,-0.736595,2,head_bob,0.115374,-0.001594,0.002954,0.001054,0.011127
1199,23.9800,-0.485352,2,head_bob,0.115393,-0.001549,0.002744,0.000439,-0.000330
1200,24.0000,-0.234108,2,head_bob,0.115401,-0.001505,0.002750,0.000364,0.003366
1201,24.0200,0.017136,2,head_bob,0.115403,-0.001397,0.002943,-0.000059,0.005822
1202,24.0400,0.268379,2,head_bob,0.115398,-0.001246,0.003187,0.000085,0.002974
1203,24.0600,0.519623,2,head_bob,0.115396,-0.001266,0.003087,-0.000003,-0.003117
1204,24.0800,0.770866,2,head_bob,0.115397,-0.001453,0.002627,0.000076,-0.010634
1205,24.1000,1.022110,2,head_bob,0.115426,-0.001436,0.001915,0.001182,0.003377
1206,24.1200,1.273354,2,head_bob,0.115445,-0.001522,0.000735,0.001507,-0.000432
1207,24.1400,1.524597,2,head_bob,0.115490,-0.001638,-0.000597,0.002428,-0.003587
1208,24.1600,1.775841,2,head_bob,0.115517,-0.001666,-0.001616,0.001035,0.002531
1209,24.1800,2.027085,2,head_bob,0.115535,-0.001702,-0.002061,0.000792,-0.002492
1210,24.2000,2.278328,2,head_bob,0.115537,-0.001807,-0.001966,-0.000649,-0.007353
1211,24.2200,2.529572,2,head_bob,0.115520,-0.001904,-0.001500,-0.000843,-0.004356
1212,24.2400,2.780816,2,head_bob,0.115508,-0.001790,-0.000795,-0.000010,0.012321
1213,24.2600,3.032059,2,head_bob,0.115493,-0.001375,0.000257,-0.001599,0.016337
1214,24.2800,-2.999883,2,head_bob,0.115456,-0.001126,0.001511,-0.001417,-0.000512
1215,24.3000,-2.748639,2,head_bob,0.115407,-0.001068,0.002859,-0.002178,-0.007014
1216,24.3200,-2.497395,2,head_bob,0.115348,-0.001071,0.004203,-0.002374,-0.008881
1217,24.3400,-2.246152,2,head_bob,0.115312,-0.001253,0.005268,-0.001481,-0.012962
1218,24.3600,-1.994908,2,head_bob,0.115295,-0.001489,0.005720,-0.000507,-0.012196
1219,24.3800,-1.743664,2,head_bob,0.115295,-0.001679,0.005627,0.000281,-0.007952
1220,24.4000,-1.492421,2,head_bob,0.115310,-0.001827,0.005045,0.001022,-0.003564
1221,24.4200,-1.241177,2,head_bob,0.115339,-0.001914,0.004145,0.001704,-0.000634
1222,24.4400,-0.989933,2,head_bob,0.115362,-0.001862,0.003358,0.000766,0.009424
1223,24.4600,-0.738690,2,head_bob,0.115378,-0.001673,0.002929,0.000903,0.010856
1224,24.4800,-0.487446,2,head_bob,0.115387,-0.001546,0.002777,0.000174,0.003792
1225,24.5000,-0.236203,2,head_bob,0.115396,-0.001453,0.002790,0.000478,0.004952
1226,24.5200,0.015041,2,head_bob,0.115400,-0.001337,0.002952,0.000039,0.005817
1227,24.5400,0.266285,0,squat_bounce,0.115250,-0.001149,0.002962,-0.014249,0.012779
1228,24.5600,0.517528,0,squat_bounce,0.114762,-0.000993,0.002381,-0.030349,0.003352
1229,24.5800,0.768772,0,squat_bounce,0.114056,-0.001255,0.001450,-0.037570,-0.019464
1230,24.6000,1.020016,0,squat_bounce,0.113251,-0.001869,0.000339,-0.041340,-0.026238
1231,24.6200,1.271259,0,squat_bounce,0.112459,-0.002526,-0.000836,-0.038534,-0.028571
1232,24.6400,1.522503,0,squat_bounce,0.111736,-0.003115,-0.001956,-0.033821,-0.028771
1233,24.6600,1.773747,0,squat_bounce,0.111113,-0.003635,-0.003019,-0.028892,-0.022638
1234,24.6800,2.024990,0,squat_bounce,0.110593,-0.004045,-0.004033,-0.024820,-0.010628
1235,24.7000,2.276234,0,squat_bounce,0.110142,-0.004185,-0.004765,-0.021396,-0.001639
1236,24.7200,2.527477,0,squat_bounce,0.109745,-0.004173,-0.005102,-0.019140,0.003394
1237,24.7400,2.778721,0,squat_bounce,0.109376,-0.004060,-0.005035,-0.018227,0.006477
1238,24.7600,3.029965,0,squat_bounce,0.108993,-0.003940,-0.004522,-0.019372,0.003059
1239,24.7800,-3.001977,0,squat_bounce,0.108598,-0.003848,-0.003634,-0.019936,0.001488
1240,24.8000,-2.750733,0,squat_bounce,0.108188,-0.003742,-0.002574,-0.020806,0.002944
1241,24.8200,-2.499490,0,squat_bounce,0.107764,-0.003561,-0.001597,-0.020752,0.010104
1242,24.8400,-2.248246,0,squat_bounce,0.107333,-0.003229,-0.000782,-0.022299,0.014954
1243,24.8600,-1.997002,0,squat_bounce,0.106885,-0.002855,-0.000023,-0.022148,0.017551
1244,24.8800,-1.745759,0,squat_bounce,0.106462,-0.002440,0.000626,-0.020308,0.019536
1245,24.9000,-1.494515,0,squat_bounce,0.106096,-0.002048,0.001056,-0.015257,0.026542
1246,24.9200,-1.243271,0,squat_bounce,0.105848,-0.001555,0.000996,-0.010482,0.025451
1247,24.9400,-0.992028,0,squat_bounce,0.105686,-0.001250,0.000510,-0.006125,0.014326
1248,24.9600,-0.740784,0,squat_bounce,0.105617,-0.001130,-0.000091,-0.001797,0.007434
1249,24.9800,-0.489541,0,squat_bounce,0.105617,-0.001014,-0.000815,0.000937,0.017215
1250,25.0000,-0.238297,0,squat_bounce,0.105699,-0.000910,-0.002052,0.005949,-0.000866
1251,25.0200,0.012947,0,squat_bounce,0.105886,-0.001157,-0.003808,0.010373,-0.008637
1252,25.0400,0.264190,0,squat_bounce,0.106115,-0.001293,-0.005648,0.013008,-0.000339
1253,25.0600,0.515434,0,squat_bounce,0.106408,-0.001404,-0.007212,0.015541,0.000957
1254,25.0800,0.766678,0,squat_bounce,0.106734,-0.001406,-0.008550,0.016745,0.006560
1255,25.1000,1.017921,0,squat_bounce,0.107062,-0.001371,-0.009479,0.016594,0.004982
1256,25.1200,1.269165,0,squat_bounce,0.107390,-0.001221,-0.010127,0.015798,0.012262
1257,25.1400,1.520409,0,squat_bounce,0.107682,-0.001012,-0.010528,0.014383,0.011050
1258,25.1600,1.771652,0,squat_bounce,0.107939,-0.000908,-0.010674,0.012463,0.005026
1259,25.1800,2.022896,0,squat_bounce,0.108148,-0.000860,-0.010436,0.009413,0.002425
1260,25.2000,2.274139,0,squat_bounce,0.108300,-0.000836,-0.009853,0.006371,0.000752
1261,25.2200,2.525383,0,squat_bounce,0.108388,-0.000777,-0.009127,0.002945,-0.000604
1262,25.2400,2.776627,0,squat_bounce,0.108411,-0.000740,-0.008349,0.000396,-0.000935
1263,25.2600,3.027870,0,squat_bounce,0.108383,-0.000792,-0.007205,-0.002369,-0.006373
1264,25.2800,-3.004071,0,squat_bounce,0.108297,-0.000830,-0.005651,-0.005139,-0.000599
1265,25.3000,-2.752828,0,squat_bounce,0.108134,-0.000900,-0.003969,-0.009912,-0.007237
1266,25.3200,-2.501584,0,squat_bounce,0.107896,-0.000851,-0.002225,-0.012848,0.002331
1267,25.3400,-2.250340,0,squat_bounce,0.107599,-0.000668,-0.000977,-0.015559,0.006442
1268,25.3600,-1.999097,0,squat_bounce,0.107259,-0.000586,0.000091,-0.017709,0.000797
1269,25.3800,-1.747853,0,squat_bounce,0.106892,-0.000530,0.001083,-0.018401,0.000269
1270,25.4000,-1.496610,0,squat_bounce,0.106558,-0.000527,0.001704,-0.015435,0.002256
1271,25.4200,-1.245366,0,squat_bounce,0.106273,-0.000525,0.001765,-0.013366,-0.003009
1272,25.4400,-0.994122,0,squat_bounce,0.106053,-0.000640,0.001298,-0.009612,-0.006853
1273,25.4600,-0.742879,0,squat_bounce,0.105923,-0.000847,0.000455,-0.004708,-0.010778
1274,25.4800,-0.491635,0,squat_bounce,0.105885,-0.001083,-0.000475,-0.000767,-0.019470
1275,25.5000,-0.240391,0,squat_bounce,0.105943,-0.001357,-0.001423,0.004621,-0.005758
1276,25.5200,0.010852,0,squat_bounce,0.106041,-0.001493,-0.002685,0.006276,-0.000483
1277,25.5400,0.262096,0,squat_bounce,0.106208,-0.001549,-0.004072,0.008918,-0.004434
1278,25.5600,0.513340,0,squat_bounce,0.106463,-0.001581,-0.005590,0.014017,0.006493
1279,25.5800,0.764583,0,squat_bounce,0.106749,-0.001550,-0.007002,0.014471,0.002742
1280,25.6000,1.015827,0,squat_bounce,0.107060,-0.001419,-0.008142,0.015774,0.012057
1281,25.6200,1.267070,0,squat_bounce,0.107367,-0.001219,-0.008928,0.014844,0.009254
1282,25.6400,1.518314,0,squat_bounce,0.107655,-0.001017,-0.009323,0.013781,0.012640
1283,25.6600,1.769558,0,squat_bounce,0.107896,-0.000836,-0.009522,0.011723,0.010992
1284,25.6800,2.020801,0,squat_bounce,0.108108,-0.000694,-0.009633,0.009624,0.006946
1285,25.7000,2.272045,0,squat_bounce,0.108263,-0.000579,-0.009577,0.005913,-0.001150
1286,25.7200,2.523289,0,squat_bounce,0.108326,-0.000696,-0.009240,0.002143,-0.004154
1287,25.7400,2.774532,0,squat_bounce,0.108343,-0.000814,-0.008681,0.000643,-0.003175
1288,25.7600,3.025776,0,squat_bounce,0.108336,-0.000728,-0.007873,-0.001103,0.005223
1289,25.7800,-3.006166,0,squat_bounce,0.108278,-0.000549,-0.006825,-0.003851,0.005114
1290,25.8000,-2.754922,0,squat_bounce,0.108149,-0.000500,-0.005415,-0.007930,-0.001448
1291,25.8200,-2.503678,0,squat_bounce,0.107922,-0.000530,-0.003777,-0.013198,-0.005632
1292,25.8400,-2.252435,0,squat_bounce,0.107631,-0.000559,-0.002321,-0.016014,-0.005596
1293,25.8600,-2.001191,0,squat_bounce,0.107283,-0.000561,-0.001331,-0.017798,-0.005276
1294,25.8800,-1.749948,0,squat_bounce,0.106913,-0.000653,-0.000330,-0.018700,-0.006122
1295,25.9000,-1.498704,0,squat_bounce,0.106554,-0.000732,0.000634,-0.016513,-0.003712
1296,25.9200,-1.247460,0,squat_bounce,0.106267,-0.000679,0.001062,-0.013122,0.003097
1297,25.9400,-0.996217,0,squat_bounce,0.106050,-0.000647,0.000824,-0.009765,-0.002580
1298,25.9600,-0.744973,0,squat_bounce,0.105920,-0.000767,0.000173,-0.004267,-0.002749
1299,25.9800,-0.493729,0,squat_bounce,0.105884,-0.000856,-0.000766,-0.000662,-0.007024
1300,26.0000,-0.242486,0,squat_bounce,0.105929,-0.001181,-0.001733,0.004297,-0.011455
1301,26.0200,0.008758,0,squat_bounce,0.106022,-0.001413,-0.002967,0.006147,-0.003850
1302,26.0400,0.260002,0,squat_bounce,0.106202,-0.001442,-0.004395,0.010330,-0.001132
1303,26.0600,0.511245,0,squat_bounce,0.106452,-0.001514,-0.005849,0.013696,0.005119
1304,26.0800,0.762489,0,squat_bounce,0.106733,-0.001480,-0.007128,0.014285,0.002737
1305,26.1000,1.013732,0,squat_bounce,0.107042,-0.001331,-0.008183,0.015710,0.012715
1306,26.1200,1.264976,0,squat_bounce,0.107342,-0.001133,-0.008909,0.013746,0.004857
1307,26.1400,1.516220,0,squat_bounce,0.107624,-0.000952,-0.009321,0.013822,0.013808
1308,26.1600,1.767463,0,squat_bounce,0.107883,-0.000636,-0.009734,0.012390,0.015078
1309,26.1800,2.018707,0,squat_bounce,0.108080,-0.000565,-0.009893,0.008126,-0.002843
1310,26.2000,2.269951,0,squat_bounce,0.108213,-0.000605,-0.009735,0.005515,-0.002874
1311,26.2200,2.521194,0,squat_bounce,0.108289,-0.000541,-0.009310,0.003526,0.010895
1312,26.2400,2.772438,0,squat_bounce,0.108338,-0.000330,-0.008734,0.001705,0.009800
1313,26.2600,3.023682,0,squat_bounce,0.108335,-0.000114,-0.007965,-0.001196,0.008938
1314,26.2800,-3.008260,0,squat_bounce,0.108269,0.000033,-0.006787,-0.004494,0.003149
1315,26.3000,-2.757016,0,squat_bounce,0.108139,0.000088,-0.005571,-0.007673,-0.004546
1316,26.3200,-2.505773,0,squat_bounce,0.107915,-0.000055,-0.004125,-0.013180,-0.010399
1317,26.3400,-2.254529,0,squat_bounce,0.107612,-0.000157,-0.002610,-0.015367,-0.003936
1318,26.3600,-2.003286,0,squat_bounce,0.107280,-0.000187,-0.001362,-0.017940,-0.007075
1319,26.3800,-1.752042,0,squat_bounce,0.106902,-0.000346,-0.000433,-0.019047,-0.010101
1320,26.4000,-1.500798,0,squat_bounce,0.106525,-0.000559,0.000212,-0.019230,-0.018187
1321,26.4200,-1.249555,0,squat_bounce,0.106232,-0.000568,0.000426,-0.012657,0.007207
1322,26.4400,-0.998311,0,squat_bounce,0.106023,-0.000487,0.000113,-0.009113,0.002434
1323,26.4600,-0.747067,0,squat_bounce,0.105899,-0.000493,-0.000543,-0.004439,0.006842
1324,26.4800,-0.495824,0,squat_bounce,0.105867,-0.000620,-0.001227,0.000059,-0.006597
1325,26.5000,-0.244580,0,squat_bounce,0.105908,-0.000778,-0.002034,0.002651,-0.010197
1326,26.5200,0.006664,0,squat_bounce,0.106022,-0.000914,-0.003443,0.007150,-0.005404
1327,26.5400,0.257907,0,squat_bounce,0.106206,-0.001245,-0.004909,0.010568,-0.009314
1328,26.5600,0.509151,0,squat_bounce,0.106458,-0.001202,-0.006270,0.013598,0.011835
1329,26.5800,0.760394,0,squat_bounce,0.106736,-0.001105,-0.007432,0.014595,0.008171
1330,26.6000,1.011638,0,squat_bounce,0.107037,-0.000947,-0.008357,0.015041,0.008437
1331,26.6200,1.262882,0,squat_bounce,0.107338,-0.000814,-0.009031,0.015029,0.009829
1332,26.6400,1.514125,0,squat_bounce,0.107617,-0.000595,-0.009494,0.012428,0.006740
1333,26.6600,1.765369,0,squat_bounce,0.107865,-0.000430,-0.009867,0.012010,0.006942
1334,26.6800,2.016613,0,squat_bounce,0.108068,-0.000376,-0.010110,0.008624,-0.004426
1335,26.7000,2.267856,0,squat_bounce,0.108196,-0.000542,-0.009820,0.005176,-0.007903
1336,26.7200,2.519100,0,squat_bounce,0.108270,-0.000566,-0.009310,0.002838,-0.001174
1337,26.7400,2.770344,0,squat_bounce,0.108313,-0.000478,-0.008810,0.001805,0.008334
1338,26.7600,3.021587,0,squat_bounce,0.108314,-0.000235,-0.008131,-0.000961,0.011764
1339,26.7800,-3.010355,0,squat_bounce,0.108252,-0.000032,-0.007024,-0.004279,0.006135
1340,26.8000,-2.759111,0,squat_bounce,0.108128,0.000051,-0.005811,-0.007591,-0.002982
1341,26.8200,-2.507867,0,squat_bounce,0.107906,-0.000049,-0.004303,-0.013018,-0.008443
1342,26.8400,-2.256624,0,squat_bounce,0.107614,-0.000113,-0.002798,-0.014720,-0.002410
1343,26.8600,-2.005380,0,squat_bounce,0.107270,-0.000211,-0.001575,-0.018088,-0.008310
1344,26.8800,-1.754136,0,squat_bounce,0.106897,-0.000349,-0.000643,-0.018733,-0.008119
1345,26.9000,-1.502893,0,squat_bounce,0.106539,-0.000481,0.000047,-0.016445,-0.005005
1346,26.9200,-1.251649,0,squat_bounce,0.106252,-0.000448,0.000307,-0.013772,-0.001759
1347,26.9400,-1.000405,0,squat_bounce,0.106036,-0.000429,0.000022,-0.009090,0.002556
1348,26.9600,-0.749162,0,squat_bounce,0.105902,-0.000524,-0.000530,-0.005124,-0.002955
1349,26.9800,-0.497918,0,squat_bounce,0.105863,-0.000797,-0.001068,-0.000383,-0.012620
1350,27.0000,-0.246675,0,squat_bounce,0.105893,-0.001046,-0.001757,0.001857,-0.017093
1351,27.0200,0.004569,0,squat_bounce,0.106013,-0.001302,-0.003124,0.007708,-0.004958
1352,27.0400,0.255813,0,squat_bounce,0.106163,-0.001614,-0.004660,0.007929,-0.018666
1353,27.0600,0.507056,0,squat_bounce,0.106412,-0.001557,-0.006144,0.014109,0.016689
1354,27.0800,0.758300,0,squat_bounce,0.106701,-0.001121,-0.007568,0.013591,0.021788
1355,27.1000,1.009544,0,squat_bounce,0.106996,-0.000957,-0.008483,0.015948,0.006746
1356,27.1200,1.260787,0,squat_bounce,0.107305,-0.000867,-0.009144,0.014640,0.005096
1357,27.1400,1.512031,0,squat_bounce,0.107592,-0.000669,-0.009667,0.014061,0.011314
1358,27.1600,1.763275,0,squat_bounce,0.107833,-0.000601,-0.009967,0.010932,0.002132
1359,27.1800,2.014518,0,squat_bounce,0.108007,-0.000767,-0.009792,0.008745,-0.004417
1360,27.2000,2.265762,0,squat_bounce,0.108180,-0.000639,-0.009505,0.007760,0.008454
1361,27.2200,2.517006,0,squat_bounce,0.108285,-0.000393,-0.009143,0.003723,0.012815
1362,27.2400,2.768249,0,squat_bounce,0.108318,-0.000164,-0.008675,0.000346,0.002035
1363,27.2600,3.019493,0,squat_bounce,0.108279,-0.000297,-0.007931,-0.003092,-0.009108
1364,27.2800,-3.012449,0,squat_bounce,0.108193,-0.000325,-0.006719,-0.004460,0.002121
1365,27.3000,-2.761205,0,squat_bounce,0.108074,-0.000167,-0.005511,-0.006983,0.003605
1366,27.3200,-2.509962,0,squat_bounce,0.107858,-0.000127,-0.004094,-0.012487,0.000226
1367,27.3400,-2.258718,0,squat_bounce,0.107566,-0.000065,-0.002601,-0.015494,0.001252
1368,27.3600,-2.007474,0,squat_bounce,0.107246,0.000032,-0.001370,-0.017115,-0.000701
1369,27.3800,-1.756231,0,squat_bounce,0.106885,-0.000039,-0.000453,-0.018238,-0.006722
1370,27.4000,-1.504987,0,squat_bounce,0.106531,-0.000212,0.000193,-0.015889,-0.004223
1371,27.4200,-1.253743,0,squat_bounce,0.106254,-0.000185,0.000348,-0.012721,0.002099
1372,27.4400,-1.002500,0,squat_bounce,0.106040,-0.000229,-0.000021,-0.009420,-0.003523
1373,27.4600,-0.751256,0,squat_bounce,0.105912,-0.000365,-0.000701,-0.004288,-0.004349
1374,27.4800,-0.500013,0,squat_bounce,0.105869,-0.000519,-0.001428,-0.000656,-0.012389
1375,27.5000,-0.248769,0,squat_bounce,0.105912,-0.000757,-0.002216,0.003605,-0.010390
1376,27.5200,0.002475,0,squat_bounce,0.106016,-0.000944,-0.003385,0.005389,-0.005391
1377,27.5400,0.253718,0,squat_bounce,0.106171,-0.001093,-0.004735,0.010097,-0.003385
1378,27.5600,0.504962,0,squat_bounce,0.106407,-0.001195,-0.006053,0.011757,-0.008614
1379,27.5800,0.756206,0,squat_bounce,0.106692,-0.001229,-0.007259,0.014979,0.005369
1380,27.6000,1.007449,0,squat_bounce,0.106975,-0.001225,-0.008187,0.013380,-0.003394
1381,27.6200,1.258693,0,squat_bounce,0.107275,-0.000985,-0.008769,0.014656,0.014527
1382,27.6400,1.509937,0,squat_bounce,0.107567,-0.000621,-0.009159,0.014099,0.020999
1383,27.6600,1.761180,0,squat_bounce,0.107819,-0.000277,-0.009486,0.011828,0.015695
1384,27.6800,2.012424,0,squat_bounce,0.108034,-0.000091,-0.009691,0.009821,0.008346
1385,27.7000,2.263667,0,squat_bounce,0.108178,-0.000152,-0.009691,0.005669,-0.008744
1386,27.7200,2.514911,0,squat_bounce,0.108248,-0.000275,-0.009296,0.002332,-0.004654
1387,27.7400,2.766155,0,squat_bounce,0.108283,-0.000258,-0.008805,0.001686,0.002990
1388,27.7600,3.017398,0,squat_bounce,0.108286,-0.000108,-0.008111,-0.000825,0.007958
1389,27.7800,-3.014543,0,squat_bounce,0.108227,0.000069,-0.006958,-0.004135,0.006158
1390,27.8000,-2.763300,0,squat_bounce,0.108100,0.000175,-0.005710,-0.007378,0.006318
1391,27.8200,-2.512056,0,squat_bounce,0.107888,0.000086,-0.004351,-0.012537,-0.009426
1392,27.8400,-2.260812,0,squat_bounce,0.107593,-0.000036,-0.002826,-0.015738,-0.006873
1393,27.8600,-2.009569,0,squat_bounce,0.107260,-0.000082,-0.001534,-0.017382,-0.004837
1394,27.8800,-1.758325,0,squat_bounce,0.106896,-0.000180,-0.000561,-0.018334,-0.006973
1395,27.9000,-1.507081,0,squat_bounce,0.106539,-0.000356,0.000164,-0.017337,-0.015336
1396,27.9200,-1.255838,0,squat_bounce,0.106255,-0.000388,0.000353,-0.012619,0.004282
1397,27.9400,-1.004594,0,squat_bounce,0.106038,-0.000393,-0.000014,-0.010357,-0.009452
1398,27.9600,-0.753351,0,squat_bounce,0.105906,-0.000486,-0.000661,-0.004779,0.004935
1399,27.9800,-0.502107,0,squat_bounce,0.105863,-0.000694,-0.001246,-0.000868,-0.014315
1400,28.0000,-0.250863,0,squat_bounce,0.105910,-0.000928,-0.001896,0.003530,-0.008676
1401,28.0200,0.000380,0,squat_bounce,0.106000,-0.001138,-0.002995,0.005749,-0.003459
1402,28.0400,0.251624,0,squat_bounce,0.106163,-0.001131,-0.004405,0.008734,0.001520
1403,28.0600,0.502868,0,squat_bounce,0.106403,-0.001289,-0.005766,0.013432,-0.001518
1404,28.0800,0.754111,0,squat_bounce,0.106683,-0.001344,-0.006958,0.014038,0.000701
1405,28.1000,1.005355,0,squat_bounce,0.106952,-0.001456,-0.007793,0.014283,0.000297
1406,28.1200,1.256599,0,squat_bounce,0.107266,-0.001206,-0.008523,0.015899,0.018749
1407,28.1400,1.507842,0,squat_bounce,0.107568,-0.000832,-0.009112,0.013864,0.016505
1408,28.1600,1.759086,0,squat_bounce,0.107812,-0.000569,-0.009340,0.011952,0.016454
1409,28.1800,2.010329,0,squat_bounce,0.108030,-0.000224,-0.009620,0.010182,0.015777
1410,28.2000,2.261573,0,squat_bounce,0.108183,-0.000079,-0.009704,0.005634,0.000270
1411,28.2200,2.512817,0,squat_bounce,0.108256,-0.000143,-0.009490,0.002545,-0.006045
1412,28.2400,2.764060,0,squat_bounce,0.108274,-0.000260,-0.009057,0.000091,-0.004201
1413,28.2600,3.015304,0,squat_bounce,0.108271,-0.000142,-0.008404,-0.000719,0.008511
1414,28.2800,-3.016638,0,squat_bounce,0.108224,0.000091,-0.007491,-0.003277,0.008484
1415,28.3000,-2.765394,0,squat_bounce,0.108107,0.000166,-0.006181,-0.007334,-0.000337
1416,28.3200,-2.514150,0,squat_bounce,0.107904,0.000118,-0.004580,-0.012049,-0.007573
1417,28.3400,-2.262907,0,squat_bounce,0.107608,-0.000031,-0.003086,-0.015929,-0.009407
1418,28.3600,-2.011663,0,squat_bounce,0.107269,-0.000080,-0.001982,-0.017303,-0.006539
1419,28.3800,-1.760420,0,squat_bounce,0.106908,-0.000200,-0.000855,-0.018287,-0.007350
1420,28.4000,-1.509176,0,squat_bounce,0.106562,-0.000288,0.000238,-0.015808,-0.001393
1421,28.4200,-1.257932,0,squat_bounce,0.106277,-0.000236,0.000768,-0.013822,-0.002671
1422,28.4400,-1.006689,0,squat_bounce,0.106051,-0.000288,0.000687,-0.010218,-0.007109
1423,28.4600,-0.755445,0,squat_bounce,0.105909,-0.000470,0.000212,-0.005284,-0.010405
1424,28.4800,-0.504201,0,squat_bounce,0.105848,-0.000733,-0.000519,-0.002331,-0.022810
1425,28.5000,-0.252958,0,squat_bounce,0.105896,-0.001064,-0.001308,0.004333,-0.008407
1426,28.5200,-0.001714,1,weight_shift,0.106183,-0.001118,-0.002652,0.026945,0.006621
1427,28.5400,0.249530,1,weight_shift,0.107124,-0.001324,-0.004215,0.056605,-0.020989
1428,28.5600,0.500773,1,weight_shift,0.108420,-0.001994,-0.005229,0.067690,-0.036452
1429,28.5800,0.752017,1,weight_shift,0.109783,-0.002628,-0.005261,0.066853,-0.029104
1430,28.6000,1.003261,1,weight_shift,0.111043,-0.002908,-0.004603,0.059889,-0.007276
1431,28.6200,1.254504,1,weight_shift,0.112072,-0.003470,-0.003646,0.048268,-0.027046
1432,28.6400,1.505748,1,weight_shift,0.112937,-0.003496,-0.002803,0.040570,0.017641
1433,28.6600,1.756991,1,weight_shift,0.113633,-0.002863,-0.002479,0.031284,0.034886
1434,28.6800,2.008235,1,weight_shift,0.114142,-0.002225,-0.002686,0.021181,0.018469
1435,28.7000,2.259479,1,weight_shift,0.114484,-0.001791,-0.002753,0.014098,0.016655
1436,28.7200,2.510722,1,weight_shift,0.114745,-0.001258,-0.002898,0.011841,0.022770
1437,28.7400,2.761966,1,weight_shift,0.114933,-0.000844,-0.003046,0.008315,0.022661
1438,28.7600,3.013210,1,weight_shift,0.115053,-0.000574,-0.002764,0.004061,0.001104
1439,28.7800,-3.018732,1,weight_shift,0.115131,-0.000414,-0.002192,0.003739,0.004461
1440,28.8000,-2.767488,1,weight_shift,0.115173,-0.000461,-0.001371,0.001688,-0.007246
1441,28.8200,-2.516245,1,weight_shift,0.115197,-0.000667,-0.000208,0.001210,-0.015401
1442,28.8400,-2.265001,1,weight_shift,0.115218,-0.000894,0.000994,0.001321,-0.009937
1443,28.8600,-2.013758,1,weight_shift,0.115231,-0.001184,0.002138,0.000985,-0.011194
1444,28.8800,-1.762514,1,weight_shift,0.115257,-0.001255,0.003054,0.001220,-0.005166
1445,28.9000,-1.511270,1,weight_shift,0.115269,-0.001383,0.003632,0.000658,-0.006061
1446,28.9200,-1.260027,1,weight_shift,0.115290,-0.001423,0.003785,0.000979,-0.003150
1447,28.9400,-1.008783,1,weight_shift,0.115298,-0.001588,0.003610,0.000617,-0.004280
1448,28.9600,-0.757539,1,weight_shift,0.115318,-0.001600,0.003172,0.001095,0.000093
1449,28.9800,-0.506296,1,weight_shift,0.115328,-0.001746,0.002620,0.000695,-0.002633
1450,29.0000,-0.255052,1,weight_shift,0.115344,-0.001739,0.001860,0.000759,0.005305
1451,29.0200,-0.003808,1,weight_shift,0.115363,-0.001610,0.000883,0.001163,0.009928
1452,29.0400,0.247435,1,weight_shift,0.115372,-0.001659,-0.000059,0.000454,-0.001044
1453,29.0600,0.498679,1,weight_shift,0.115385,-0.001649,-0.001113,0.000619,0.006305
1454,29.0800,0.749922,1,weight_shift,0.115405,-0.001545,-0.002269,0.001012,0.007709
1455,29.1000,1.001166,1,weight_shift,0.115420,-0.001461,-0.003238,0.000592,0.006655
1456,29.1200,1.252410,1,weight_shift,0.115434,-0.001384,-0.004129,0.001170,0.006970
1457,29.1400,1.503653,1,weight_shift,0.115449,-0.001362,-0.004819,0.000442,0.001596
1458,29.1600,1.754897,1,weight_shift,0.115457,-0.001393,-0.005349,0.000852,0.000041
1459,29.1800,2.006141,1,weight_shift,0.115465,-0.001492,-0.005684,0.000196,-0.004798
1460,29.2000,2.257384,1,weight_shift,0.115467,-0.001592,-0.005911,0.000049,-0.003806
1461,29.2200,2.508628,1,weight_shift,0.115472,-0.001655,-0.006130,0.000358,-0.002873
1462,29.2400,2.759872,1,weight_shift,0.115474,-0.001729,-0.006052,-0.000013,-0.003631
1463,29.2600,3.011115,1,weight_shift,0.115472,-0.001766,-0.005774,-0.000160,-0.002340
1464,29.2800,-3.020826,1,weight_shift,0.115473,-0.001766,-0.005401,0.000281,-0.001862
1465,29.3000,-2.769583,1,weight_shift,0.115472,-0.001820,-0.004754,-0.000181,-0.005428
1466,29.3200,-2.518339,1,weight_shift,0.115466,-0.001880,-0.003969,-0.000335,-0.005406
1467,29.3400,-2.267096,1,weight_shift,0.115462,-0.001915,-0.003231,0.000204,-0.001078
1468,29.3600,-2.015852,1,weight_shift,0.115463,-0.001962,-0.002360,-0.000031,-0.006041
1469,29.3800,-1.764608,1,weight_shift,0.115461,-0.001988,-0.001403,-0.000081,-0.003148
1470,29.4000,-1.513365,1,weight_shift,0.115460,-0.001952,-0.000642,0.000005,0.000402
1471,29.4200,-1.262121,1,weight_shift,0.115460,-0.001904,-0.000174,0.000000,0.000713
1472,29.4400,-1.010877,1,weight_shift,0.115460,-0.001891,-0.000039,0.000000,-0.000137
1473,29.4600,-0.759634,1,weight_shift,0.115461,-0.001883,-0.000110,0.000292,0.003364
1474,29.4800,-0.508390,1,weight_shift,0.115465,-0.001918,-0.000139,0.000167,-0.003016
1475,29.5000,-0.257146,1,weight_shift,0.115467,-0.001987,-0.000345,0.000080,-0.002199
1476,29.5200,-0.005903,1,weight_shift,0.115469,-0.002043,-0.000792,0.000021,-0.000697
1477,29.5400,0.245341,1,weight_shift,0.115469,-0.002082,-0.001341,-0.000009,0.000254
1478,29.5600,0.496584,1,weight_shift,0.115471,-0.002092,-0.001995,0.000462,0.005304
1479,29.5800,0.747828,1,weight_shift,0.115478,-0.002119,-0.002599,0.000203,-0.000404
1480,29.6000,0.999072,1,weight_shift,0.115481,-0.002165,-0.003183,0.000133,0.000383
1481,29.6200,1.250315,1,weight_shift,0.115484,-0.002176,-0.003818,0.000134,0.002419
1482,29.6400,1.501559,1,weight_shift,0.115495,-0.002142,-0.004447,0.000563,0.002447
1483,29.6600,1.752803,1,weight_shift,0.115500,-0.002165,-0.004856,0.000107,-0.001129
1484,29.6800,2.004046,1,weight_shift,0.115500,-0.002223,-0.005183,-0.000034,-0.001656
1485,29.7000,2.255290,1,weight_shift,0.115502,-0.002259,-0.005539,0.000371,0.001910
1486,29.7200,2.506534,1,weight_shift,0.115505,-0.002333,-0.005708,0.000048,-0.004210
1487,29.7400,2.757777,1,weight_shift,0.115503,-0.002414,-0.005756,-0.000140,-0.003547
1488,29.7600,3.009021,1,weight_shift,0.115499,-0.002476,-0.005712,-0.000245,-0.003309
1489,29.7800,-3.022921,1,weight_shift,0.115500,-0.002422,-0.005506,-0.000279,-0.001134
1490,29.8000,-2.771677,1,weight_shift,0.115498,-0.002454,-0.005111,-0.000273,-0.007006
1491,29.8200,-2.520434,1,weight_shift,0.115488,-0.002566,-0.004428,-0.000549,-0.007997
1492,29.8400,-2.269190,1,weight_shift,0.115478,-0.002649,-0.003692,-0.000416,-0.006139
1493,29.8600,-2.017946,1,weight_shift,0.115478,-0.002661,-0.003017,0.000128,-0.003902
1494,29.8800,-1.766703,1,weight_shift,0.115477,-0.002658,-0.002158,-0.000133,-0.001987
1495,29.9000,-1.515459,1,weight_shift,0.115474,-0.002596,-0.001349,-0.000112,0.000829
1496,29.9200,-1.264215,1,weight_shift,0.115471,-0.002535,-0.000842,-0.000089,0.000920
1497,29.9400,-1.012972,1,weight_shift,0.115470,-0.002521,-0.000686,-0.000058,-0.000453
1498,29.9600,-0.761728,1,weight_shift,0.115471,-0.002515,-0.000706,0.000178,-0.000193
1499,29.9800,-0.510485,1,weight_shift,0.115473,-0.002568,-0.000687,0.000046,-0.002891
1500,30.0000,-0.259241,1,weight_shift,0.115474,-0.002621,-0.000867,-0.000004,-0.001410
1501,30.0200,-0.007997,1,weight_shift,0.115473,-0.002662,-0.001309,-0.000024,0.000306
1502,30.0400,0.243246,1,weight_shift,0.115473,-0.002689,-0.001864,-0.000041,0.001103
1503,30.0600,0.494490,1,weight_shift,0.115478,-0.002674,-0.002515,0.000336,0.001923
1504,30.0800,0.745734,1,weight_shift,0.115483,-0.002705,-0.003078,0.000144,0.000482
1505,30.1000,0.996977,1,weight_shift,0.115485,-0.002726,-0.003680,0.000100,0.002049
1506,30.1200,1.248221,1,weight_shift,0.115491,-0.002687,-0.004332,0.000684,0.008048
1507,30.1400,1.499465,1,weight_shift,0.115499,-0.002641,-0.004795,0.000273,0.002691
1508,30.1600,1.750708,1,weight_shift,0.115502,-0.002641,-0.005113,0.000037,0.000582
1509,30.1800,2.001952,1,weight_shift,0.115504,-0.002647,-0.005439,0.000410,0.003635
1510,30.2000,2.253195,1,weight_shift,0.115507,-0.002695,-0.005626,0.000038,-0.003040
1511,30.2200,2.504439,1,weight_shift,0.115506,-0.002767,-0.005773,-0.000089,-0.002664
1512,30.2400,2.755683,1,weight_shift,0.115503,-0.002818,-0.005905,-0.000187,-0.001912
1513,30.2600,3.006926,1,weight_shift,0.115507,-0.002738,-0.005932,0.000273,0.006788
1514,30.2800,-3.025015,1,weight_shift,0.115503,-0.002760,-0.005587,-0.000430,-0.005535
1515,30.3000,-2.773772,1,weight_shift,0.115498,-0.002745,-0.004967,-0.000628,-0.004693
1516,30.3200,-2.522528,1,weight_shift,0.115485,-0.002804,-0.004286,-0.000234,-0.003020
1517,30.3400,-2.271284,1,weight_shift,0.115479,-0.002893,-0.003472,-0.000405,-0.008234
1518,30.3600,-2.020041,1,weight_shift,0.115470,-0.002946,-0.002546,-0.000402,-0.005182
1519,30.3800,-1.768797,1,weight_shift,0.115464,-0.002936,-0.001707,-0.000189,-0.001717
1520,30.4000,-1.517553,1,weight_shift,0.115465,-0.002871,-0.001075,0.000185,-0.001129
1521,30.4200,-1.266310,1,weight_shift,0.115465,-0.002856,-0.000528,-0.000101,-0.001046
1522,30.4400,-1.015066,1,weight_shift,0.115462,-0.002842,-0.000291,-0.000155,-0.000117
1523,30.4600,-0.763823,1,weight_shift,0.115459,-0.002847,-0.000338,-0.000120,-0.000013
1524,30.4800,-0.512579,1,weight_shift,0.115458,-0.002870,-0.000604,-0.000078,0.000024
1525,30.5000,-0.261335,1,weight_shift,0.115462,-0.002874,-0.000908,0.000177,-0.001213
1526,30.5200,-0.010092,1,weight_shift,0.115464,-0.002940,-0.001288,0.000068,-0.001477
1527,30.5400,0.241152,1,weight_shift,0.115465,-0.003002,-0.001840,-0.000018,-0.000258
1528,30.5600,0.492396,1,weight_shift,0.115466,-0.003019,-0.002522,0.000390,0.006445
1529,30.5800,0.743639,1,weight_shift,0.115472,-0.003027,-0.003150,0.000213,0.001356
1530,30.6000,0.994883,1,weight_shift,0.115476,-0.003038,-0.003762,0.000165,0.002881
1531,30.6200,1.246127,1,weight_shift,0.115482,-0.002984,-0.004430,0.000705,0.008989
1532,30.6400,1.497370,1,weight_shift,0.115491,-0.002917,-0.004885,0.000301,0.003672
1533,30.6600,1.748614,1,weight_shift,0.115494,-0.002902,-0.005185,0.000057,0.001230
1534,30.6800,1.999857,1,weight_shift,0.115498,-0.002896,-0.005484,0.000278,0.000871
1535,30.7000,2.251101,1,weight_shift,0.115500,-0.002954,-0.005641,-0.000004,-0.002998
1536,30.7200,2.502345,1,weight_shift,0.115498,-0.003020,-0.005809,-0.000113,-0.002037
1537,30.7400,2.753588,1,weight_shift,0.115497,-0.003044,-0.005983,0.000161,0.002475
1538,30.7600,3.004832,1,weight_shift,0.115502,-0.002990,-0.005831,-0.000078,0.000077
1539,30.7800,-3.027110,1,weight_shift,0.115498,-0.002951,-0.005394,-0.000194,0.000951
1540,30.8000,-2.775866,1,weight_shift,0.115487,-0.002961,-0.004850,-0.000306,-0.001622
1541,30.8200,-2.524622,1,weight_shift,0.115478,-0.003056,-0.004099,-0.000599,-0.009175
1542,30.8400,-2.273379,1,weight_shift,0.115465,-0.003144,-0.003230,-0.000594,-0.007101
1543,30.8600,-2.022135,1,weight_shift,0.115459,-0.003149,-0.002489,0.000023,-0.002525
1544,30.8800,-1.770891,1,weight_shift,0.115457,-0.003139,-0.001624,-0.000182,-0.002531
1545,30.9000,-1.519648,1,weight_shift,0.115453,-0.003073,-0.000812,-0.000182,0.000837
1546,30.9200,-1.268404,1,weight_shift,0.115450,-0.003005,-0.000336,-0.000119,0.001135
1547,30.9400,-1.017161,1,weight_shift,0.115450,-0.002963,-0.000231,0.000129,0.000685
1548,30.9600,-0.765917,1,weight_shift,0.115451,-0.003003,-0.000182,-0.000029,-0.002316
1549,30.9800,-0.514673,1,weight_shift,0.115449,-0.003041,-0.000324,-0.000109,-0.000703
1550,31.0000,-0.263430,1,weight_shift,0.115448,-0.003077,-0.000726,-0.000053,0.000433
1551,31.0200,-0.012186,1,weight_shift,0.115449,-0.003080,-0.001333,0.000275,0.007050
1552,31.0400,0.239058,1,weight_shift,0.115454,-0.003102,-0.001878,0.000167,-0.000232
1553,31.0600,0.490301,1,weight_shift,0.115456,-0.003160,-0.002468,0.000066,0.000231
1554,31.0800,0.741545,1,weight_shift,0.115459,-0.003169,-0.003206,0.000501,0.007233
1555,31.1000,0.992789,1,weight_shift,0.115467,-0.003156,-0.003817,0.000287,0.002417
1556,31.1200,1.244032,1,weight_shift,0.115472,-0.003141,-0.004318,0.000217,0.003731
1557,31.1400,1.495276,1,weight_shift,0.115481,-0.003067,-0.004856,0.000621,0.006512
1558,31.1600,1.746519,1,weight_shift,0.115488,-0.003032,-0.005200,0.000158,0.001237
1559,31.1800,1.997763,1,weight_shift,0.115488,-0.003061,-0.005413,-0.000046,-0.000858
1560,31.2000,2.249007,1,weight_shift,0.115491,-0.003083,-0.005642,0.000136,-0.001956
1561,31.2200,2.500250,1,weight_shift,0.115491,-0.003162,-0.005773,-0.000071,-0.003436
1562,31.2400,2.751494,1,weight_shift,0.115488,-0.003227,-0.005875,-0.000224,-0.002587
1563,31.2600,3.002738,1,weight_shift,0.115494,-0.003161,-0.005846,0.000178,0.000510
1564,31.2800,-3.029204,1,weight_shift,0.115487,-0.003205,-0.005480,-0.000583,-0.005299
1565,31.3000,-2.777960,1,weight_shift,0.115480,-0.003175,-0.004919,-0.000705,-0.003806
1566,31.3200,-2.526717,1,weight_shift,0.115471,-0.003218,-0.004233,-0.000544,-0.008165
1567,31.3400,-2.275473,1,weight_shift,0.115458,-0.003297,-0.003375,-0.000671,-0.006969
1568,31.3600,-2.024230,1,weight_shift,0.115450,-0.003296,-0.002597,-0.000058,-0.002574
1569,31.3800,-1.772986,1,weight_shift,0.115447,-0.003278,-0.001702,-0.000228,-0.002426
1570,31.4000,-1.521742,1,weight_shift,0.115442,-0.003205,-0.000872,-0.000194,0.000922
1571,31.4200,-1.270499,1,weight_shift,0.115439,-0.003133,-0.000384,-0.000119,0.001226
1572,31.4400,-1.019255,1,weight_shift,0.115440,-0.003090,-0.000237,0.000149,-0.001161
1573,31.4600,-0.768011,1,weight_shift,0.115440,-0.003126,-0.000173,-0.000077,-0.001641
1574,31.4800,-0.516768,1,weight_shift,0.115438,-0.003150,-0.000331,-0.000125,0.000108
1575,31.5000,-0.265524,1,weight_shift,0.115437,-0.003176,-0.000749,-0.000059,0.000961
1576,31.5200,-0.014280,1,weight_shift,0.115440,-0.003163,-0.001323,0.000283,0.001674
1577,31.5400,0.236963,1,weight_shift,0.115444,-0.003216,-0.001861,0.000104,-0.000666
1578,31.5600,0.488207,1,weight_shift,0.115445,-0.003278,-0.002510,0.000002,0.000569
1579,31.5800,0.739450,1,weight_shift,0.115450,-0.003279,-0.003291,0.000427,0.004533
1580,31.6000,0.990694,1,weight_shift,0.115456,-0.003278,-0.003902,0.000246,0.002476
1581,31.6200,1.241938,1,weight_shift,0.115461,-0.003259,-0.004431,0.000197,0.004221
1582,31.6400,1.493181,1,weight_shift,0.115472,-0.003186,-0.004914,0.000366,0.004093
1583,31.6600,1.744425,1,weight_shift,0.115475,-0.003172,-0.005234,0.000078,0.001028
1584,31.6800,1.995669,1,weight_shift,0.115479,-0.003172,-0.005499,0.000275,0.000626
1585,31.7000,2.246912,1,weight_shift,0.115481,-0.003232,-0.005632,0.000003,-0.003053
1586,31.7200,2.498156,1,weight_shift,0.115480,-0.003295,-0.005787,-0.000107,-0.001801
1587,31.7400,2.749400,1,weight_shift,0.115480,-0.003311,-0.005943,0.000120,-0.000482
1588,31.7600,3.000643,1,weight_shift,0.115482,-0.003325,-0.005803,0.000551,0.004445
1589,31.7800,-3.031298,1,weight_shift,0.115475,-0.003307,-0.005422,-0.000584,-0.003119
1590,31.8000,-2.780055,1,weight_shift,0.115474,-0.003251,-0.004930,-0.000158,-0.002935
1591,31.8200,-2.528811,1,weight_shift,0.115461,-0.003318,-0.004178,-0.000791,-0.007771
1592,31.8400,-2.277568,1,weight_shift,0.115447,-0.003364,-0.003392,-0.000284,-0.001938
1593,31.8600,-2.026324,1,weight_shift,0.115442,-0.003392,-0.002520,-0.000344,-0.005556
1594,31.8800,-1.775080,1,weight_shift,0.115434,-0.003371,-0.001590,-0.000286,-0.001957
1595,31.9000,-1.523837,1,weight_shift,0.115432,-0.003284,-0.000900,0.000048,0.005096
1596,31.9200,-1.272593,1,weight_shift,0.115433,-0.003243,-0.000366,0.000003,-0.001549
1597,31.9400,-1.021349,1,weight_shift,0.115431,-0.003235,-0.000075,-0.000120,-0.000637
1598,31.9600,-0.770106,1,weight_shift,0.115429,-0.003234,-0.000073,-0.000122,0.000439
1599,31.9800,-0.518862,1,weight_shift,0.115429,-0.003213,-0.000314,0.000188,0.001892
