step,t,phase,move,move_name,trunk_z,trunk_roll,trunk_pitch,trunk_vz,trunk_roll_rate
0,0.0000,-0.133577,0,squat_bounce,0.123503,-0.000213,-0.000502,-0.149593,-0.020455
1,0.0200,0.117666,0,squat_bounce,0.118021,-0.000959,-0.002275,-0.348729,-0.047707
2,0.0400,0.368910,0,squat_bounce,0.113811,-0.002344,-0.002338,-0.075102,-0.080257
3,0.0600,0.620154,0,squat_bounce,0.113212,-0.003382,-0.002042,-0.022268,-0.027018
4,0.0800,0.871397,0,squat_bounce,0.112715,-0.003676,-0.003381,-0.027402,-0.007614
5,0.1000,1.122641,0,squat_bounce,0.112108,-0.003726,-0.004125,-0.031610,0.001668
6,0.1200,1.373885,0,squat_bounce,0.111485,-0.003688,-0.003866,-0.029844,0.000214
7,0.1400,1.625128,0,squat_bounce,0.110950,-0.003784,-0.003257,-0.024644,-0.008794
8,0.1600,1.876372,0,squat_bounce,0.110524,-0.004018,-0.002913,-0.019375,-0.012512
9,0.1800,2.127616,0,squat_bounce,0.110172,-0.004248,-0.002958,-0.016441,-0.009772
10,0.2000,2.378859,0,squat_bounce,0.109874,-0.004366,-0.003185,-0.014245,-0.003041
11,0.2200,2.630103,0,squat_bounce,0.109620,-0.004217,-0.003311,-0.013000,0.010192
12,0.2400,2.881346,0,squat_bounce,0.109337,-0.004024,-0.003131,-0.014723,0.009259
13,0.2600,3.132590,0,squat_bounce,0.109026,-0.003833,-0.002783,-0.016082,0.009843
14,0.2800,-2.899352,0,squat_bounce,0.108685,-0.003626,-0.002615,-0.017714,0.010550
15,0.3000,-2.648108,0,squat_bounce,0.108308,-0.003397,-0.002702,-0.019633,0.012169
16,0.3200,-2.396864,0,squat_bounce,0.107893,-0.003127,-0.002983,-0.021426,0.014483
17,0.3400,-2.145621,0,squat_bounce,0.107451,-0.002814,-0.003366,-0.022466,0.016411
18,0.3600,-1.894377,0,squat_bounce,0.107004,-0.002476,-0.003772,-0.022198,0.017144
19,0.3800,-1.643133,0,squat_bounce,0.106582,-0.002143,-0.004157,-0.020321,0.016333
20,0.4000,-1.391890,0,squat_bounce,0.106247,-0.001674,-0.004461,-0.015107,0.024170
21,0.4200,-1.140646,0,squat_bounce,0.105996,-0.001287,-0.004737,-0.010939,0.016060
22,0.4400,-0.889402,0,squat_bounce,0.105838,-0.001071,-0.004971,-0.006038,0.008235
23,0.4600,-0.638159,0,squat_bounce,0.105743,-0.001193,-0.005161,-0.002716,-0.011477
24,0.4800,-0.386915,0,squat_bounce,0.105764,-0.001249,-0.005358,0.002785,0.001458
25,0.5000,-0.135672,0,squat_bounce,0.105852,-0.001362,-0.005857,0.005603,-0.012165
26,0.5200,0.115572,0,squat_bounce,0.106025,-0.001538,-0.006792,0.010464,-0.010245
27,0.5400,0.366816,0,squat_bounce,0.106266,-0.001776,-0.007718,0.012928,-0.008102
28,0.5600,0.618059,0,squat_bounce,0.106542,-0.001853,-0.008408,0.014524,0.001686
29,0.5800,0.869303,0,squat_bounce,0.106852,-0.001658,-0.008974,0.015795,0.013515
30,0.6000,1.120547,0,squat_bounce,0.107160,-0.001449,-0.009328,0.015407,0.013007
31,0.6200,1.371790,0,squat_bounce,0.107449,-0.001257,-0.009689,0.014529,0.011190
32,0.6400,1.623034,0,squat_bounce,0.107741,-0.001195,-0.009780,0.014178,0.001648
33,0.6600,1.874278,0,squat_bounce,0.107984,-0.001206,-0.009406,0.011141,0.001199
34,0.6800,2.125521,0,squat_bounce,0.108169,-0.001055,-0.009121,0.008209,0.010532
35,0.7000,2.376765,0,squat_bounce,0.108299,-0.000839,-0.008946,0.005132,0.009144
36,0.7200,2.628008,0,squat_bounce,0.108342,-0.000905,-0.008623,0.000722,-0.010444
37,0.7400,2.879252,0,squat_bounce,0.108340,-0.000980,-0.008081,-0.000361,0.002705
38,0.7600,3.130496,0,squat_bounce,0.108307,-0.000811,-0.007247,-0.002510,0.007065
39,0.7800,-2.901446,0,squat_bounce,0.108210,-0.000681,-0.005892,-0.006204,0.006351
40,0.8000,-2.650202,0,squat_bounce,0.108042,-0.000561,-0.004469,-0.009426,0.003508
41,0.8200,-2.398959,0,squat_bounce,0.107781,-0.000622,-0.003042,-0.014590,-0.003564
42,0.8400,-2.147715,0,squat_bounce,0.107458,-0.000626,-0.001650,-0.016170,0.003517
43,0.8600,-1.896471,0,squat_bounce,0.107121,-0.000478,-0.000641,-0.017720,-0.000069
44,0.8800,-1.645228,0,squat_bounce,0.106752,-0.000581,0.000278,-0.018509,-0.006362
45,0.9000,-1.393984,0,squat_bounce,0.106409,-0.000760,0.001095,-0.014823,-0.000936
46,0.9200,-1.142741,0,squat_bounce,0.106160,-0.000677,0.001227,-0.011074,0.005372
47,0.9400,-0.891497,0,squat_bounce,0.105976,-0.000763,0.000874,-0.007953,-0.010105
48,0.9600,-0.640253,0,squat_bounce,0.105889,-0.000946,0.000155,-0.002344,-0.012749
49,0.9800,-0.389010,0,squat_bounce,0.105876,-0.001199,-0.000688,-0.001332,-0.020336
50,1.0000,-0.137766,0,squat_bounce,0.105936,-0.001462,-0.002047,0.006000,-0.008214
51,1.0200,0.113478,0,squat_bounce,0.106083,-0.001417,-0.003670,0.008534,0.009801
52,1.0400,0.364721,0,squat_bounce,0.106307,-0.001401,-0.005263,0.012047,-0.002440
53,1.0600,0.615965,0,squat_bounce,0.106581,-0.001381,-0.006869,0.014172,0.002682
54,1.0800,0.867209,0,squat_bounce,0.106881,-0.001273,-0.008187,0.015045,0.005563
55,1.1000,1.118452,0,squat_bounce,0.107189,-0.001115,-0.009172,0.014753,0.006112
56,1.1200,1.369696,0,squat_bounce,0.107482,-0.000886,-0.009836,0.014310,0.013260
57,1.1400,1.620939,0,squat_bounce,0.107756,-0.000638,-0.010443,0.012689,0.002347
58,1.1600,1.872183,0,squat_bounce,0.107993,-0.000615,-0.010554,0.010956,0.002886
59,1.1800,2.123427,0,squat_bounce,0.108176,-0.000538,-0.010280,0.007766,-0.001412
60,1.2000,2.374670,0,squat_bounce,0.108280,-0.000675,-0.009928,0.004199,-0.003614
61,1.2200,2.625914,0,squat_bounce,0.108331,-0.000763,-0.009244,0.002183,-0.001375
62,1.2400,2.877158,0,squat_bounce,0.108355,-0.000656,-0.008543,0.000324,0.008368
63,1.2600,3.128401,0,squat_bounce,0.108329,-0.000447,-0.007726,-0.002293,0.007056
64,1.2800,-2.903540,0,squat_bounce,0.108233,-0.000356,-0.006315,-0.006169,0.003628
65,1.3000,-2.652297,0,squat_bounce,0.108059,-0.000329,-0.004667,-0.009975,-0.000415
66,1.3200,-2.401053,0,squat_bounce,0.107798,-0.000348,-0.003316,-0.014331,-0.004692
67,1.3400,-2.149809,0,squat_bounce,0.107471,-0.000435,-0.001920,-0.017299,-0.003271
68,1.3600,-1.898566,0,squat_bounce,0.107103,-0.000460,-0.000610,-0.018653,-0.001048
69,1.3800,-1.647322,0,squat_bounce,0.106747,-0.000416,0.000349,-0.018154,-0.001652
70,1.4000,-1.396079,0,squat_bounce,0.106385,-0.000639,0.000922,-0.017625,-0.019661
71,1.4200,-1.144835,0,squat_bounce,0.106125,-0.000707,0.000865,-0.010898,0.004367
72,1.4400,-0.893591,0,squat_bounce,0.105960,-0.000616,0.000212,-0.007178,-0.001026
73,1.4600,-0.642348,0,squat_bounce,0.105864,-0.000830,-0.000529,-0.002377,-0.008974
74,1.4800,-0.391104,0,squat_bounce,0.105870,-0.001012,-0.001282,0.000999,-0.011435
75,1.5000,-0.139860,0,squat_bounce,0.105937,-0.001287,-0.002393,0.005455,-0.010694
76,1.5200,0.111383,0,squat_bounce,0.106091,-0.001484,-0.004004,0.008298,-0.009111
77,1.5400,0.362627,0,squat_bounce,0.106286,-0.001677,-0.005563,0.011835,0.000529
78,1.5600,0.613871,0,squat_bounce,0.106565,-0.001436,-0.007050,0.014711,0.017466
79,1.5800,0.865114,0,squat_bounce,0.106858,-0.001176,-0.008093,0.014680,0.009441
80,1.6000,1.116358,0,squat_bounce,0.107167,-0.000959,-0.008827,0.015185,0.010093
81,1.6200,1.367601,0,squat_bounce,0.107466,-0.000755,-0.009325,0.014437,0.010203
82,1.6400,1.618845,0,squat_bounce,0.107730,-0.000542,-0.009610,0.012655,0.011552
83,1.6600,1.870089,0,squat_bounce,0.107969,-0.000324,-0.009902,0.011003,0.008749
84,1.6800,2.121332,0,squat_bounce,0.108139,-0.000293,-0.010017,0.007082,-0.005279
85,1.7000,2.372576,0,squat_bounce,0.108238,-0.000436,-0.009658,0.003777,-0.005649
86,1.7200,2.623820,0,squat_bounce,0.108291,-0.000448,-0.009087,0.002466,0.001406
87,1.7400,2.875063,0,squat_bounce,0.108319,-0.000315,-0.008521,0.000532,0.009399
88,1.7600,3.126307,0,squat_bounce,0.108291,-0.000100,-0.007594,-0.002497,0.010298
89,1.7800,-2.905635,0,squat_bounce,0.108198,0.000036,-0.006326,-0.005865,0.004339
90,1.8000,-2.654391,0,squat_bounce,0.108041,0.000058,-0.005064,-0.009174,-0.004240
91,1.8200,-2.403147,0,squat_bounce,0.107783,-0.000099,-0.003577,-0.014449,-0.007731
92,1.8400,-2.151904,0,squat_bounce,0.107463,-0.000192,-0.002144,-0.016024,-0.001301
93,1.8600,-1.900660,0,squat_bounce,0.107116,-0.000249,-0.001003,-0.018323,-0.005875
94,1.8800,-1.649417,0,squat_bounce,0.106743,-0.000390,-0.000180,-0.018453,-0.007593
95,1.9000,-1.398173,0,squat_bounce,0.106400,-0.000594,0.000425,-0.015589,-0.009160
96,1.9200,-1.146929,0,squat_bounce,0.106148,-0.000590,0.000355,-0.011010,0.004251
97,1.9400,-0.895686,0,squat_bounce,0.105969,-0.000607,-0.000164,-0.008288,-0.010565
98,1.9600,-0.644442,0,squat_bounce,0.105878,-0.000724,-0.000823,-0.002816,-0.011044
99,1.9800,-0.393198,0,squat_bounce,0.105873,-0.000983,-0.001499,0.001506,-0.008033
100,2.0000,-0.141955,0,squat_bounce,0.105947,-0.001128,-0.002472,0.004535,-0.012706
101,2.0200,0.109289,0,squat_bounce,0.106097,-0.001266,-0.003967,0.008271,-0.004630
102,2.0400,0.360533,0,squat_bounce,0.106279,-0.001472,-0.005422,0.011415,-0.000760
103,2.0600,0.611776,0,squat_bounce,0.106555,-0.001196,-0.006817,0.014071,0.021525
104,2.0800,0.863020,0,squat_bounce,0.106830,-0.000983,-0.007844,0.015052,0.006177
105,2.1000,1.114263,0,squat_bounce,0.107145,-0.000871,-0.008672,0.015684,0.005470
106,2.1200,1.365507,0,squat_bounce,0.107442,-0.000737,-0.009265,0.014440,0.009736
107,2.1400,1.616751,0,squat_bounce,0.107709,-0.000508,-0.009664,0.012747,0.008711
108,2.1600,1.867994,0,squat_bounce,0.107942,-0.000383,-0.009817,0.010772,0.006516
109,2.1800,2.119238,0,squat_bounce,0.108110,-0.000464,-0.009814,0.007046,-0.008226
110,2.2000,2.370482,0,squat_bounce,0.108217,-0.000534,-0.009569,0.004547,-0.001192
111,2.2200,2.621725,0,squat_bounce,0.108271,-0.000553,-0.009010,0.001703,-0.001025
112,2.2400,2.872969,0,squat_bounce,0.108299,-0.000389,-0.008456,0.000773,0.011965
113,2.2600,3.124213,0,squat_bounce,0.108278,-0.000125,-0.007693,-0.002147,0.012492
114,2.2800,-2.907729,0,squat_bounce,0.108199,0.000059,-0.006621,-0.005286,0.003949
115,2.3000,-2.656486,0,squat_bounce,0.108037,0.000049,-0.005151,-0.010128,-0.003810
116,2.3200,-2.405242,0,squat_bounce,0.107780,-0.000041,-0.003619,-0.013410,-0.002549
117,2.3400,-2.153998,0,squat_bounce,0.107472,-0.000069,-0.002377,-0.016560,0.004468
118,2.3600,-1.902755,0,squat_bounce,0.107119,-0.000188,-0.001266,-0.018174,-0.008176
119,2.3800,-1.651511,0,squat_bounce,0.106750,-0.000334,-0.000107,-0.018229,-0.006960
120,2.4000,-1.400267,0,squat_bounce,0.106427,-0.000404,0.000717,-0.014584,0.002109
121,2.4200,-1.149024,0,squat_bounce,0.106162,-0.000415,0.000941,-0.012922,-0.009830
122,2.4400,-0.897780,0,squat_bounce,0.105976,-0.000526,0.000551,-0.007299,-0.002876
123,2.4600,-0.646536,0,squat_bounce,0.105877,-0.000706,-0.000215,-0.003433,-0.007398
124,2.4800,-0.395293,0,squat_bounce,0.105872,-0.000990,-0.000947,0.000727,-0.019378
125,2.5000,-0.144049,0,squat_bounce,0.105940,-0.001208,-0.001877,0.003701,-0.006354
126,2.5200,0.107194,0,squat_bounce,0.106052,-0.001130,-0.003122,0.008214,0.002697
127,2.5400,0.358438,0,squat_bounce,0.106269,-0.001171,-0.004647,0.011506,-0.005483
128,2.5600,0.609682,0,squat_bounce,0.106535,-0.001171,-0.006291,0.013849,0.002473
129,2.5800,0.860925,0,squat_bounce,0.106828,-0.001075,-0.007629,0.015092,0.006790
130,2.6000,1.112169,0,squat_bounce,0.107134,-0.000910,-0.008613,0.015083,0.007484
131,2.6200,1.363413,0,squat_bounce,0.107438,-0.000721,-0.009261,0.014972,0.010257
132,2.6400,1.614656,0,squat_bounce,0.107702,-0.000539,-0.009577,0.012827,0.011954
133,2.6600,1.865900,0,squat_bounce,0.107940,-0.000270,-0.009870,0.011334,0.011860
134,2.6800,2.117144,0,squat_bounce,0.108116,-0.000219,-0.010004,0.007422,-0.000514
135,2.7000,2.368387,0,squat_bounce,0.108225,-0.000335,-0.009613,0.004232,-0.005062
136,2.7200,2.619631,0,squat_bounce,0.108275,-0.000356,-0.008970,0.001971,0.003047
137,2.7400,2.870874,0,squat_bounce,0.108308,-0.000241,-0.008339,0.000936,0.007855
138,2.7600,3.122118,0,squat_bounce,0.108288,-0.000045,-0.007403,-0.002109,0.010128
139,2.7800,-2.909824,0,squat_bounce,0.108200,0.000093,-0.006123,-0.005645,0.004683
140,2.8000,-2.658580,0,squat_bounce,0.108039,0.000093,-0.004767,-0.009404,-0.002555
141,2.8200,-2.407336,0,squat_bounce,0.107789,-0.000015,-0.003588,-0.014015,-0.009004
142,2.8400,-2.156093,0,squat_bounce,0.107468,-0.000156,-0.002204,-0.016964,-0.005443
143,2.8600,-1.904849,0,squat_bounce,0.107113,-0.000211,-0.000913,-0.017285,0.000270
144,2.8800,-1.653605,0,squat_bounce,0.106765,-0.000175,0.000052,-0.018028,-0.002298
145,2.9000,-1.402362,0,squat_bounce,0.106404,-0.000445,0.000707,-0.016332,-0.013774
146,2.9200,-1.151118,0,squat_bounce,0.106146,-0.000504,0.000666,-0.011206,0.002551
147,2.9400,-0.899874,0,squat_bounce,0.105970,-0.000462,0.000071,-0.007809,-0.003702
148,2.9600,-0.648631,0,squat_bounce,0.105867,-0.000638,-0.000584,-0.003403,-0.011727
149,2.9800,-0.397387,0,squat_bounce,0.105860,-0.000917,-0.001212,-0.000027,-0.022461
150,3.0000,-0.146144,0,squat_bounce,0.105923,-0.001235,-0.002130,0.005426,-0.008008
151,3.0200,0.105100,0,squat_bounce,0.106046,-0.001298,-0.003394,0.007074,-0.001985
152,3.0400,0.356344,0,squat_bounce,0.106248,-0.001249,-0.004861,0.011929,0.001837
153,3.0600,0.607587,0,squat_bounce,0.106512,-0.001370,-0.006169,0.014149,-0.003131
154,3.0800,0.858831,0,squat_bounce,0.106807,-0.001354,-0.007260,0.015099,0.003839
155,3.1000,1.110075,0,squat_bounce,0.107110,-0.001206,-0.008092,0.014960,0.007656
156,3.1200,1.361318,0,squat_bounce,0.107404,-0.001035,-0.008621,0.014266,0.007689
157,3.1400,1.612562,0,squat_bounce,0.107680,-0.000816,-0.008930,0.013131,0.014046
158,3.1600,1.863806,0,squat_bounce,0.107904,-0.000575,-0.009098,0.010458,0.012149
159,3.1800,2.115049,0,squat_bounce,0.108095,-0.000325,-0.009306,0.008541,0.010474
160,3.2000,2.366293,0,squat_bounce,0.108207,-0.000302,-0.009394,0.004384,-0.003313
161,3.2200,2.617536,0,squat_bounce,0.108255,-0.000418,-0.009041,0.001433,-0.006100
162,3.2400,2.868780,0,squat_bounce,0.108265,-0.000425,-0.008559,0.000461,0.006141
163,3.2600,3.120024,0,squat_bounce,0.108254,-0.000194,-0.007976,-0.001419,0.009749
164,3.2800,-2.911918,0,squat_bounce,0.108178,-0.000042,-0.006815,-0.005178,0.006826
165,3.3000,-2.660674,0,squat_bounce,0.108024,0.000026,-0.005352,-0.008998,0.001280
166,3.3200,-2.409431,0,squat_bounce,0.107786,-0.000044,-0.003938,-0.013849,-0.006397
167,3.3400,-2.158187,0,squat_bounce,0.107475,-0.000126,-0.002779,-0.016508,-0.007546
168,3.3600,-1.906943,0,squat_bounce,0.107119,-0.000250,-0.001479,-0.018257,-0.005188
169,3.3800,-1.655700,0,squat_bounce,0.106751,-0.000335,-0.000325,-0.018169,-0.004242
170,3.4000,-1.404456,0,squat_bounce,0.106422,-0.000430,0.000515,-0.015402,-0.005501
171,3.4200,-1.153212,0,squat_bounce,0.106166,-0.000401,0.000585,-0.011276,0.004113
172,3.4400,-0.901969,0,squat_bounce,0.105975,-0.000496,0.000191,-0.008149,-0.009803
173,3.4600,-0.650725,0,squat_bounce,0.105883,-0.000597,-0.000520,-0.002905,0.003282
174,3.4800,-0.399482,0,squat_bounce,0.105863,-0.000935,-0.001200,0.001501,-0.016962
175,3.5000,-0.148238,0,squat_bounce,0.105930,-0.001139,-0.001999,0.003173,-0.009817
176,3.5200,0.103006,0,squat_bounce,0.106050,-0.001057,-0.003226,0.007950,0.000849
177,3.5400,0.354249,0,squat_bounce,0.106266,-0.001090,-0.004746,0.012107,0.000416
178,3.5600,0.605493,0,squat_bounce,0.106524,-0.001154,-0.006291,0.013844,0.001184
179,3.5800,0.856737,0,squat_bounce,0.106817,-0.001003,-0.007646,0.013692,0.008389
180,3.6000,1.107980,0,squat_bounce,0.107112,-0.000941,-0.008586,0.015421,0.004874
181,3.6200,1.359224,0,squat_bounce,0.107420,-0.000779,-0.009313,0.015116,0.009380
182,3.6400,1.610468,0,squat_bounce,0.107686,-0.000594,-0.009680,0.012831,0.012542
183,3.6600,1.861711,0,squat_bounce,0.107920,-0.000333,-0.009962,0.010548,0.007540
184,3.6800,2.112955,0,squat_bounce,0.108088,-0.000351,-0.010089,0.007574,0.000593
185,3.7000,2.364198,0,squat_bounce,0.108203,-0.000387,-0.009716,0.004647,-0.000479
186,3.7200,2.615442,0,squat_bounce,0.108262,-0.000317,-0.009076,0.002556,0.008190
187,3.7400,2.866686,0,squat_bounce,0.108300,-0.000054,-0.008545,0.001069,0.012288
188,3.7600,3.117929,0,squat_bounce,0.108281,0.000155,-0.007640,-0.002122,0.009293
189,3.7800,-2.914012,0,squat_bounce,0.108193,0.000262,-0.006326,-0.005647,0.003164
190,3.8000,-2.662769,0,squat_bounce,0.108028,0.000225,-0.004937,-0.010132,-0.005310
191,3.8200,-2.411525,0,squat_bounce,0.107778,0.000114,-0.003727,-0.013839,-0.008072
192,3.8400,-2.160281,0,squat_bounce,0.107461,-0.000007,-0.002335,-0.016695,-0.004486
193,3.8600,-1.909038,0,squat_bounce,0.107122,-0.000011,-0.001037,-0.017391,-0.000679
194,3.8800,-1.657794,0,squat_bounce,0.106756,-0.000139,-0.000066,-0.018315,-0.008733
195,3.9000,-1.406551,0,squat_bounce,0.106399,-0.000439,0.000600,-0.015906,-0.012757
196,3.9200,-1.155307,0,squat_bounce,0.106148,-0.000453,0.000550,-0.010899,0.004534
197,3.9400,-0.904063,0,squat_bounce,0.105970,-0.000452,-0.000002,-0.008297,-0.009599
198,3.9600,-0.652820,0,squat_bounce,0.105879,-0.000546,-0.000737,-0.002767,0.003608
199,3.9800,-0.401576,0,squat_bounce,0.105867,-0.000791,-0.001382,0.001318,-0.014433
200,4.0000,-0.150332,0,squat_bounce,0.105941,-0.001055,-0.002193,0.004620,-0.013348
201,4.0200,0.100911,0,squat_bounce,0.106060,-0.001137,-0.003449,0.006920,-0.001055
202,4.0400,0.352155,0,squat_bounce,0.106247,-0.001134,-0.004763,0.011300,0.001061
203,4.0600,0.603399,0,squat_bounce,0.106503,-0.001174,-0.006061,0.013430,-0.002817
204,4.0800,0.854642,0,squat_bounce,0.106801,-0.001067,-0.007370,0.015299,0.009475
205,4.1000,1.105886,0,squat_bounce,0.107095,-0.000961,-0.008292,0.014996,0.005691
206,4.1200,1.357129,0,squat_bounce,0.107398,-0.000776,-0.008964,0.014942,0.010848
207,4.1400,1.608373,0,squat_bounce,0.107669,-0.000570,-0.009297,0.012796,0.011551
208,4.1600,1.859617,0,squat_bounce,0.107901,-0.000278,-0.009428,0.010832,0.015500
209,4.1800,2.110860,0,squat_bounce,0.108072,-0.000219,-0.009573,0.007241,-0.003007
210,4.2000,2.362104,0,squat_bounce,0.108182,-0.000240,-0.009470,0.004764,0.003784
211,4.2200,2.613348,0,squat_bounce,0.108242,-0.000226,-0.009039,0.002009,-0.000269
212,4.2400,2.864591,0,squat_bounce,0.108276,-0.000034,-0.008518,0.001084,0.013759
213,4.2600,3.115835,0,squat_bounce,0.108262,0.000229,-0.007830,-0.001802,0.011702
214,4.2800,-2.916107,0,squat_bounce,0.108183,0.000396,-0.006808,-0.004865,0.010251
215,4.3000,-2.664863,0,squat_bounce,0.108037,0.000356,-0.005512,-0.008788,-0.005427
216,4.3200,-2.413619,0,squat_bounce,0.107787,0.000166,-0.003948,-0.013992,-0.009144
217,4.3400,-2.162376,0,squat_bounce,0.107486,0.000049,-0.002505,-0.016424,-0.007237
218,4.3600,-1.911132,0,squat_bounce,0.107128,-0.000117,-0.001332,-0.018379,-0.008377
219,4.3800,-1.659889,0,squat_bounce,0.106757,-0.000273,-0.000445,-0.018341,-0.007543
220,4.4000,-1.408645,0,squat_bounce,0.106415,-0.000464,0.000232,-0.015591,-0.007962
221,4.4200,-1.157401,0,squat_bounce,0.106160,-0.000439,0.000235,-0.011194,0.004869
222,4.4400,-0.906158,0,squat_bounce,0.105976,-0.000462,-0.000210,-0.007448,-0.001623
223,4.4600,-0.654914,0,squat_bounce,0.105876,-0.000552,-0.000875,-0.003141,-0.005081
224,4.4800,-0.403670,0,squat_bounce,0.105868,-0.000698,-0.001525,0.001059,-0.005529
225,4.5000,-0.152427,0,squat_bounce,0.105919,-0.000901,-0.002413,0.003710,-0.013212
226,4.5200,0.098817,0,squat_bounce,0.106063,-0.001113,-0.003930,0.008278,-0.009305
227,4.5400,0.350061,0,squat_bounce,0.106266,-0.001249,-0.005541,0.010833,-0.005793
228,4.5600,0.601304,0,squat_bounce,0.106524,-0.001175,-0.006937,0.013109,0.004306
229,4.5800,0.852548,0,squat_bounce,0.106810,-0.001014,-0.007976,0.014638,0.008185
230,4.6000,1.103791,0,squat_bounce,0.107115,-0.000795,-0.008738,0.014708,0.008897
231,4.6200,1.355035,0,squat_bounce,0.107416,-0.000582,-0.009231,0.014966,0.011406
232,4.6400,1.606279,0,squat_bounce,0.107681,-0.000379,-0.009466,0.012872,0.012444
233,4.6600,1.857522,0,squat_bounce,0.107922,-0.000104,-0.009733,0.011331,0.011144
234,4.6800,2.108766,0,squat_bounce,0.108090,-0.000118,-0.009845,0.007353,-0.001386
235,4.7000,2.360010,0,squat_bounce,0.108200,-0.000214,-0.009458,0.004354,-0.003594
236,4.7200,2.611253,0,squat_bounce,0.108253,-0.000210,-0.008839,0.002081,0.004288
237,4.7400,2.862497,0,squat_bounce,0.108288,-0.000072,-0.008240,0.001080,0.009136
238,4.7600,3.113741,0,squat_bounce,0.108272,0.000142,-0.007345,-0.001928,0.010850
239,4.7800,-2.918201,0,squat_bounce,0.108188,0.000286,-0.006102,-0.005436,0.005024
240,4.8000,-2.666957,0,squat_bounce,0.108027,0.000278,-0.004777,-0.009947,-0.004101
241,4.8200,-2.415714,0,squat_bounce,0.107780,0.000184,-0.003623,-0.013676,-0.007303
242,4.8400,-2.164470,0,squat_bounce,0.107467,0.000073,-0.002277,-0.016554,-0.004028
243,4.8600,-1.913227,0,squat_bounce,0.107135,0.000102,-0.001016,-0.016330,0.004865
244,4.8800,-1.661983,0,squat_bounce,0.106773,0.000009,-0.000074,-0.018369,-0.009358
245,4.9000,-1.410739,0,squat_bounce,0.106431,-0.000208,0.000513,-0.014979,-0.002831
246,4.9200,-1.159496,0,squat_bounce,0.106170,-0.000202,0.000545,-0.012407,-0.004287
247,4.9400,-0.908252,0,squat_bounce,0.105973,-0.000375,0.000195,-0.007740,-0.006020
248,4.9600,-0.657008,0,squat_bounce,0.105874,-0.000463,-0.000532,-0.004319,-0.014374
249,4.9800,-0.405765,0,squat_bounce,0.105845,-0.000950,-0.001170,0.001293,-0.018250
250,5.0000,-0.154521,0,squat_bounce,0.105914,-0.001095,-0.001952,0.003277,-0.006193
251,5.0200,0.096723,0,squat_bounce,0.106035,-0.001064,-0.003227,0.006900,0.000846
252,5.0400,0.347966,0,squat_bounce,0.106226,-0.001074,-0.004624,0.011543,-0.000418
253,5.0600,0.599210,0,squat_bounce,0.106491,-0.001081,-0.006061,0.013116,-0.005001
254,5.0800,0.850453,0,squat_bounce,0.106788,-0.001017,-0.007404,0.015298,0.007551
255,5.1000,1.101697,0,squat_bounce,0.107082,-0.000939,-0.008354,0.015105,0.004794
256,5.1200,1.352941,0,squat_bounce,0.107388,-0.000759,-0.009090,0.015093,0.010830
257,5.1400,1.604184,0,squat_bounce,0.107656,-0.000524,-0.009505,0.012359,0.010704
258,5.1600,1.855428,0,squat_bounce,0.107894,-0.000259,-0.009799,0.011346,0.011382
259,5.1800,2.106672,0,squat_bounce,0.108069,-0.000241,-0.009985,0.007655,-0.003170
260,5.2000,2.357915,0,squat_bounce,0.108182,-0.000318,-0.009644,0.004516,-0.002000
261,5.2200,2.609159,0,squat_bounce,0.108244,-0.000250,-0.009070,0.002880,0.007258
262,5.2400,2.860403,0,squat_bounce,0.108280,-0.000061,-0.008486,0.000939,0.011152
263,5.2600,3.111646,0,squat_bounce,0.108260,0.000171,-0.007619,-0.002062,0.011239
264,5.2800,-2.920296,0,squat_bounce,0.108175,0.000317,-0.006380,-0.005449,0.005030
265,5.3000,-2.669052,0,squat_bounce,0.108020,0.000358,-0.005146,-0.009379,-0.001763
266,5.3200,-2.417808,0,squat_bounce,0.107772,0.000218,-0.003752,-0.013824,-0.006626
267,5.3400,-2.166565,0,squat_bounce,0.107463,0.000139,-0.002272,-0.015512,-0.000403
268,5.3600,-1.915321,0,squat_bounce,0.107124,0.000083,-0.001055,-0.017984,-0.005934
269,5.3800,-1.664077,0,squat_bounce,0.106755,-0.000075,-0.000164,-0.018295,-0.008620
270,5.4000,-1.412834,0,squat_bounce,0.106413,-0.000300,0.000499,-0.015608,-0.010089
271,5.4200,-1.161590,0,squat_bounce,0.106158,-0.000319,0.000492,-0.011254,0.003100
272,5.4400,-0.910346,0,squat_bounce,0.105967,-0.000422,0.000052,-0.008153,-0.010095
273,5.4600,-0.659103,0,squat_bounce,0.105873,-0.000543,-0.000645,-0.003013,-0.011742
274,5.4800,-0.407859,0,squat_bounce,0.105865,-0.000858,-0.001304,0.001602,-0.013384
275,5.5000,-0.156616,0,squat_bounce,0.105932,-0.001083,-0.002125,0.003936,-0.008579
276,5.5200,0.094628,0,squat_bounce,0.106044,-0.001155,-0.003342,0.007000,0.000378
277,5.5400,0.345872,0,squat_bounce,0.106223,-0.001199,-0.004620,0.010655,-0.004427
278,5.5600,0.597115,0,squat_bounce,0.106491,-0.001149,-0.006071,0.014289,0.007051
279,5.5800,0.848359,0,squat_bounce,0.106766,-0.001181,-0.007343,0.014602,0.002516
280,5.6000,1.099603,0,squat_bounce,0.107078,-0.000958,-0.008367,0.015733,0.014450
281,5.6200,1.350846,0,squat_bounce,0.107380,-0.000717,-0.009047,0.014967,0.012161
282,5.6400,1.602090,0,squat_bounce,0.107650,-0.000497,-0.009388,0.013092,0.013586
283,5.6600,1.853334,0,squat_bounce,0.107891,-0.000173,-0.009670,0.011478,0.018488
284,5.6800,2.104577,0,squat_bounce,0.108066,-0.000153,-0.009783,0.007413,-0.004040
285,5.7000,2.355821,0,squat_bounce,0.108187,-0.000191,-0.009586,0.004863,-0.002063
286,5.7200,2.607065,0,squat_bounce,0.108244,-0.000190,-0.009083,0.001895,0.000213
287,5.7400,2.858308,0,squat_bounce,0.108278,0.000042,-0.008675,0.001226,0.019632
288,5.7600,3.109552,0,squat_bounce,0.108269,0.000284,-0.007879,-0.001561,0.009575
289,5.7800,-2.922390,0,squat_bounce,0.108192,0.000390,-0.006528,-0.005156,0.003278
290,5.8000,-2.671146,0,squat_bounce,0.108039,0.000362,-0.005076,-0.008945,-0.003728
291,5.8200,-2.419903,0,squat_bounce,0.107791,0.000242,-0.003789,-0.013617,0.000683
292,5.8400,-2.168659,0,squat_bounce,0.107483,0.000094,-0.002527,-0.016391,-0.007984
293,5.8600,-1.917415,0,squat_bounce,0.107130,-0.000032,-0.001167,-0.018025,-0.005362
294,5.8800,-1.666172,0,squat_bounce,0.106783,-0.000052,-0.000087,-0.017839,-0.003705
295,5.9000,-1.414928,0,squat_bounce,0.106425,-0.000325,0.000665,-0.016192,-0.013370
296,5.9200,-1.163684,0,squat_bounce,0.106167,-0.000374,0.000673,-0.011271,0.002861
297,5.9400,-0.912441,0,squat_bounce,0.105981,-0.000398,0.000144,-0.008671,-0.010817
298,5.9600,-0.661197,0,squat_bounce,0.105884,-0.000546,-0.000563,-0.002891,-0.004212
299,5.9800,-0.409954,0,squat_bounce,0.105869,-0.000756,-0.001330,0.001206,-0.013976
300,6.0000,-0.158710,0,squat_bounce,0.105932,-0.001041,-0.002212,0.003817,-0.011995
301,6.0200,0.092534,0,squat_bounce,0.106038,-0.001066,-0.003437,0.005333,0.012094
302,6.0400,0.343777,0,squat_bounce,0.106237,-0.001069,-0.004881,0.011711,-0.001556
303,6.0600,0.595021,0,squat_bounce,0.106491,-0.001190,-0.006405,0.013707,-0.001572
304,6.0800,0.846265,0,squat_bounce,0.106786,-0.001074,-0.007798,0.014463,0.006928
305,6.1000,1.097508,0,squat_bounce,0.107060,-0.001081,-0.008709,0.014692,0.005201
306,6.1200,1.348752,0,squat_bounce,0.107368,-0.000777,-0.009383,0.015162,0.019587
307,6.1400,1.599996,0,squat_bounce,0.107655,-0.000358,-0.009976,0.013891,0.022298
308,6.1600,1.851239,0,squat_bounce,0.107873,-0.000351,-0.010312,0.010885,0.001422
309,6.1800,2.102483,0,squat_bounce,0.108080,-0.000279,-0.010189,0.009473,0.006636
310,6.2000,2.353726,0,squat_bounce,0.108226,-0.000096,-0.009907,0.005663,0.004512
311,6.2200,2.604970,0,squat_bounce,0.108281,-0.000207,-0.009405,0.001446,-0.008539
312,6.2400,2.856214,0,squat_bounce,0.108282,-0.000311,-0.008782,-0.000090,0.000527
313,6.2600,3.107457,0,squat_bounce,0.108265,-0.000151,-0.007933,-0.001701,0.007556
314,6.2800,-2.924484,0,squat_bounce,0.108185,-0.000001,-0.006559,-0.005289,0.007587
315,6.3000,-2.673241,0,squat_bounce,0.108026,0.000067,-0.005032,-0.009853,-0.000019
316,6.3200,-2.421997,0,squat_bounce,0.107773,0.000064,-0.003668,-0.013610,0.006790
317,6.3400,-2.170753,0,squat_bounce,0.107468,0.000019,-0.002358,-0.016221,-0.003652
318,6.3600,-1.919510,0,squat_bounce,0.107119,-0.000046,-0.000985,-0.017863,-0.003054
319,6.3800,-1.668266,0,squat_bounce,0.106774,-0.000032,0.000099,-0.017708,-0.002310
320,6.4000,-1.417022,0,squat_bounce,0.106438,-0.000157,0.000768,-0.014861,0.000016
321,6.4200,-1.165779,0,squat_bounce,0.106174,-0.000163,0.000867,-0.012143,-0.002835
322,6.4400,-0.914535,0,squat_bounce,0.105979,-0.000298,0.000493,-0.007983,-0.007073
323,6.4600,-0.663292,0,squat_bounce,0.105874,-0.000525,-0.000217,-0.004216,-0.020222
324,6.4800,-0.412048,0,squat_bounce,0.105862,-0.000774,-0.001047,0.000704,-0.015934
325,6.5000,-0.160804,0,squat_bounce,0.105900,-0.001242,-0.002027,0.004023,-0.017216
326,6.5200,0.090439,0,squat_bounce,0.106019,-0.001228,-0.003316,0.004580,0.013502
327,6.5400,0.341683,0,squat_bounce,0.106229,-0.001057,-0.004889,0.012198,0.007712
328,6.5600,0.592927,0,squat_bounce,0.106500,-0.000932,-0.006630,0.014350,0.008033
329,6.5800,0.844170,0,squat_bounce,0.106797,-0.000793,-0.008092,0.015228,0.007775
330,6.6000,1.095414,0,squat_bounce,0.107103,-0.000644,-0.009163,0.015062,0.007285
331,6.6200,1.346658,0,squat_bounce,0.107396,-0.000459,-0.009836,0.014494,0.012420
332,6.6400,1.597901,0,squat_bounce,0.107668,-0.000215,-0.010338,0.013167,0.012304
333,6.6600,1.849145,0,squat_bounce,0.107917,-0.000032,-0.010632,0.011570,0.005302
334,6.6800,2.100388,0,squat_bounce,0.108091,-0.000062,-0.010281,0.007037,-0.006615
335,6.7000,2.351632,0,squat_bounce,0.108202,-0.000172,-0.009806,0.004637,-0.005364
336,6.7200,2.602876,0,squat_bounce,0.108256,-0.000244,-0.009215,0.001741,-0.003241
337,6.7400,2.854119,0,squat_bounce,0.108286,-0.000099,-0.008664,0.000863,0.011740
338,6.7600,3.105363,0,squat_bounce,0.108272,0.000188,-0.007857,-0.001761,0.011036
339,6.7800,-2.926579,0,squat_bounce,0.108190,0.000332,-0.006458,-0.005390,0.005216
340,6.8000,-2.675335,0,squat_bounce,0.108029,0.000335,-0.004901,-0.009888,-0.003589
341,6.8200,-2.424091,0,squat_bounce,0.107776,0.000266,-0.003532,-0.013602,0.003589
342,6.8400,-2.172848,0,squat_bounce,0.107471,0.000173,-0.002236,-0.016208,-0.005745
343,6.8600,-1.921604,0,squat_bounce,0.107122,0.000076,-0.000885,-0.017866,-0.004418
344,6.8800,-1.670361,0,squat_bounce,0.106777,0.000058,0.000174,-0.017730,-0.004198
345,6.9000,-1.419117,0,squat_bounce,0.106440,-0.000101,0.000822,-0.014900,-0.001638
346,6.9200,-1.167873,0,squat_bounce,0.106176,-0.000135,0.000903,-0.012189,-0.003985
347,6.9400,-0.916630,0,squat_bounce,0.105979,-0.000287,0.000512,-0.008024,-0.007714
348,6.9600,-0.665386,0,squat_bounce,0.105875,-0.000479,-0.000239,-0.004071,-0.011448
349,6.9800,-0.414142,0,squat_bounce,0.105866,-0.000782,-0.000925,0.000712,-0.017419
350,7.0000,-0.162899,0,squat_bounce,0.105904,-0.001226,-0.001787,0.004043,-0.011755
351,7.0200,0.088345,0,squat_bounce,0.106024,-0.001169,-0.003124,0.006063,0.017678
352,7.0400,0.339589,0,squat_bounce,0.106228,-0.001113,-0.004691,0.011563,-0.002585
353,7.0600,0.590832,0,squat_bounce,0.106494,-0.001142,-0.006374,0.014070,0.002097
354,7.0800,0.842076,0,squat_bounce,0.106788,-0.001054,-0.007780,0.015062,0.006142
355,7.1000,1.093319,0,squat_bounce,0.107091,-0.000947,-0.008777,0.015454,0.007746
356,7.1200,1.344563,0,squat_bounce,0.107389,-0.000762,-0.009436,0.014249,0.010053
357,7.1400,1.595807,0,squat_bounce,0.107661,-0.000471,-0.009785,0.013042,0.015687
358,7.1600,1.847050,0,squat_bounce,0.107895,-0.000242,-0.010103,0.010254,0.002552
359,7.1800,2.098294,0,squat_bounce,0.108053,-0.000385,-0.010201,0.008083,-0.005114
360,7.2000,2.349538,0,squat_bounce,0.108199,-0.000330,-0.009869,0.006334,0.007379
361,7.2200,2.600781,0,squat_bounce,0.108281,-0.000096,-0.009425,0.002968,0.015581
362,7.2400,2.852025,0,squat_bounce,0.108300,0.000028,-0.008873,-0.000552,-0.000839
363,7.2600,3.103269,0,squat_bounce,0.108242,-0.000101,-0.007934,-0.003913,-0.005506
364,7.2800,-2.928673,0,squat_bounce,0.108155,-0.000052,-0.006702,-0.004831,0.009143
365,7.3000,-2.677429,0,squat_bounce,0.108004,-0.000011,-0.005249,-0.009633,0.000681
366,7.3200,-2.426186,0,squat_bounce,0.107758,0.000006,-0.003572,-0.013484,0.001638
367,7.3400,-2.174942,0,squat_bounce,0.107467,0.000083,-0.002087,-0.015392,0.002536
368,7.3600,-1.923699,0,squat_bounce,0.107122,0.000025,-0.000934,-0.017916,-0.005078
369,7.3800,-1.672455,0,squat_bounce,0.106757,-0.000106,-0.000072,-0.018108,-0.007126
370,7.4000,-1.421211,0,squat_bounce,0.106412,-0.000377,0.000525,-0.014893,-0.005659
371,7.4200,-1.169968,0,squat_bounce,0.106165,-0.000325,0.000389,-0.011001,0.005600
372,7.4400,-0.918724,0,squat_bounce,0.105976,-0.000393,-0.000127,-0.008150,-0.008611
373,7.4600,-0.667480,0,squat_bounce,0.105878,-0.000495,-0.000834,-0.003358,-0.007947
374,7.4800,-0.416237,0,squat_bounce,0.105868,-0.000748,-0.001444,0.001271,-0.013323
375,7.5000,-0.164993,0,squat_bounce,0.105930,-0.000979,-0.002247,0.003510,-0.008026
376,7.5200,0.086251,0,squat_bounce,0.106038,-0.001069,-0.003464,0.007095,0.001231
377,7.5400,0.337494,0,squat_bounce,0.106217,-0.001102,-0.004742,0.010625,-0.004092
378,7.5600,0.588738,0,squat_bounce,0.106483,-0.001054,-0.006163,0.014194,0.006959
379,7.5800,0.839981,0,squat_bounce,0.106757,-0.001089,-0.007413,0.014771,0.003332
380,7.6000,1.091225,0,squat_bounce,0.107070,-0.000882,-0.008434,0.015716,0.013272
381,7.6200,1.342469,0,squat_bounce,0.107370,-0.000668,-0.009093,0.014934,0.010957
382,7.6400,1.593712,0,squat_bounce,0.107641,-0.000472,-0.009407,0.013072,0.012383
383,7.6600,1.844956,0,squat_bounce,0.107881,-0.000165,-0.009668,0.011494,0.017914
384,7.6800,2.096200,0,squat_bounce,0.108057,-0.000153,-0.009770,0.007467,-0.004300
385,7.7000,2.347443,0,squat_bounce,0.108179,-0.000193,-0.009569,0.004947,-0.002125
386,7.7200,2.598687,0,squat_bounce,0.108238,-0.000189,-0.009065,0.001979,0.000449
387,7.7400,2.849931,0,squat_bounce,0.108269,-0.000038,-0.008647,0.001500,0.011437
388,7.7600,3.101174,0,squat_bounce,0.108265,0.000161,-0.007854,-0.001381,0.009645
389,7.7800,-2.930767,0,squat_bounce,0.108190,0.000288,-0.006550,-0.005009,0.004441
390,7.8000,-2.679524,0,squat_bounce,0.108041,0.000284,-0.005140,-0.008794,-0.002675
391,7.8200,-2.428280,0,squat_bounce,0.107802,0.000186,-0.003875,-0.013472,0.000873
392,7.8400,-2.177037,0,squat_bounce,0.107494,0.000026,-0.002608,-0.016429,-0.008844
393,7.8600,-1.925793,0,squat_bounce,0.107140,-0.000111,-0.001226,-0.018048,-0.005752
394,7.8800,-1.674549,0,squat_bounce,0.106792,-0.000126,-0.000133,-0.017303,-0.000421
395,7.9000,-1.423306,0,squat_bounce,0.106447,-0.000266,0.000582,-0.015491,-0.003557
396,7.9200,-1.172062,0,squat_bounce,0.106183,-0.000254,0.000723,-0.012507,-0.002840
397,7.9400,-0.920818,0,squat_bounce,0.105986,-0.000342,0.000368,-0.008274,-0.006818
398,7.9600,-0.669575,0,squat_bounce,0.105882,-0.000471,-0.000354,-0.003683,-0.002466
399,7.9800,-0.418331,0,squat_bounce,0.105867,-0.000765,-0.000994,0.000758,-0.017874
400,8.0000,-0.167087,0,squat_bounce,0.105921,-0.001028,-0.001753,0.002531,-0.013362
401,8.0200,0.084156,0,squat_bounce,0.106030,-0.000985,-0.003022,0.007460,0.007894
402,8.0400,0.335400,0,squat_bounce,0.106235,-0.001049,-0.004560,0.011780,-0.002754
403,8.0600,0.586643,0,squat_bounce,0.106494,-0.001102,-0.006193,0.013225,-0.002104
404,8.0800,0.837887,0,squat_bounce,0.106785,-0.001005,-0.007571,0.014382,0.004951
405,8.1000,1.089131,0,squat_bounce,0.107085,-0.000866,-0.008550,0.014982,0.006608
406,8.1200,1.340374,0,squat_bounce,0.107391,-0.000670,-0.009254,0.015134,0.011134
407,8.1400,1.591618,0,squat_bounce,0.107659,-0.000461,-0.009601,0.012762,0.011478
408,8.1600,1.842862,0,squat_bounce,0.107901,-0.000196,-0.009885,0.011500,0.010798
409,8.1800,2.094105,0,squat_bounce,0.108075,-0.000200,-0.010052,0.007660,-0.000630
410,8.2000,2.345349,0,squat_bounce,0.108191,-0.000277,-0.009731,0.004681,-0.002607
411,8.2200,2.596593,0,squat_bounce,0.108249,-0.000244,-0.009141,0.002319,0.005791
412,8.2400,2.847836,0,squat_bounce,0.108288,-0.000080,-0.008534,0.001243,0.010176
413,8.2600,3.099080,0,squat_bounce,0.108275,0.000146,-0.007658,-0.001733,0.011199
414,8.2800,-2.932862,0,squat_bounce,0.108195,0.000296,-0.006409,-0.005221,0.005200
415,8.3000,-2.681618,0,squat_bounce,0.108043,0.000300,-0.005053,-0.008949,-0.002372
416,8.3200,-2.430375,0,squat_bounce,0.107800,0.000221,-0.003895,-0.013451,-0.007510
417,8.3400,-2.179131,0,squat_bounce,0.107489,0.000072,-0.002567,-0.016576,-0.005953
418,8.3600,-1.927887,0,squat_bounce,0.107139,0.000007,-0.001218,-0.017110,-0.000195
419,8.3800,-1.676644,0,squat_bounce,0.106793,0.000027,-0.000171,-0.018010,-0.003140
420,8.4000,-1.425400,0,squat_bounce,0.106439,-0.000167,0.000520,-0.015790,-0.006057
421,8.4200,-1.174156,0,squat_bounce,0.106175,-0.000158,0.000633,-0.011797,0.003422
422,8.4400,-0.922913,0,squat_bounce,0.105970,-0.000329,0.000372,-0.008277,-0.009147
423,8.4600,-0.671669,0,squat_bounce,0.105869,-0.000442,-0.000318,-0.003469,-0.008034
424,8.4800,-0.420426,0,squat_bounce,0.105857,-0.000763,-0.000936,0.001388,-0.015302
425,8.5000,-0.169182,0,squat_bounce,0.105879,-0.001193,-0.001701,0.002060,-0.017943
426,8.5200,0.082062,0,squat_bounce,0.106003,-0.001222,-0.003018,0.007988,0.006744
427,8.5400,0.333305,0,squat_bounce,0.106195,-0.001201,-0.004468,0.011600,0.001124
428,8.5600,0.584549,0,squat_bounce,0.106461,-0.001177,-0.005956,0.013196,-0.003472
429,8.5800,0.835793,0,squat_bounce,0.106759,-0.001084,-0.007356,0.015403,0.008943
430,8.6000,1.087036,0,squat_bounce,0.107057,-0.000981,-0.008349,0.015232,0.005851
431,8.6200,1.338280,0,squat_bounce,0.107366,-0.000787,-0.009118,0.015237,0.011449
432,8.6400,1.589524,0,squat_bounce,0.107638,-0.000564,-0.009531,0.012901,0.012727
433,8.6600,1.840767,0,squat_bounce,0.107880,-0.000248,-0.009795,0.011574,0.014912
434,8.6800,2.092011,0,squat_bounce,0.108054,-0.000230,-0.009885,0.007375,-0.003479
435,8.7000,2.343254,0,squat_bounce,0.108175,-0.000254,-0.009703,0.004906,-0.001256
436,8.7200,2.594498,0,squat_bounce,0.108234,-0.000236,-0.009232,0.001993,0.001083
437,8.7400,2.845742,0,squat_bounce,0.108274,0.000002,-0.008779,0.001515,0.012662
438,8.7600,3.096985,0,squat_bounce,0.108266,0.000234,-0.007969,-0.001564,0.010700
439,8.7800,-2.934956,0,squat_bounce,0.108189,0.000372,-0.006662,-0.005102,0.004767
440,8.8000,-2.683713,0,squat_bounce,0.108039,0.000370,-0.005251,-0.008803,-0.002605
441,8.8200,-2.432469,0,squat_bounce,0.107806,0.000283,-0.004052,-0.013314,-0.009079
442,8.8400,-2.181225,0,squat_bounce,0.107494,0.000097,-0.002686,-0.016618,-0.007666
443,8.8600,-1.929982,0,squat_bounce,0.107138,-0.000010,-0.001298,-0.018160,-0.004477
444,8.8800,-1.678738,0,squat_bounce,0.106789,-0.000020,-0.000223,-0.017907,-0.003478
445,8.9000,-1.427494,0,squat_bounce,0.106428,-0.000273,0.000492,-0.017667,-0.020588
446,8.9200,-1.176251,0,squat_bounce,0.106162,-0.000359,0.000576,-0.011328,0.003421
447,8.9400,-0.925007,0,squat_bounce,0.105977,-0.000353,0.000078,-0.008546,-0.009102
448,8.9600,-0.673764,0,squat_bounce,0.105881,-0.000437,-0.000677,-0.003027,0.004036
449,8.9800,-0.422520,0,squat_bounce,0.105865,-0.000673,-0.001348,0.001059,-0.014293
450,9.0000,-0.171276,0,squat_bounce,0.105927,-0.000932,-0.002159,0.003294,-0.011758
451,9.0200,0.079967,0,squat_bounce,0.106036,-0.001022,-0.003407,0.006608,-0.002402
452,9.0400,0.331211,0,squat_bounce,0.106225,-0.001073,-0.004737,0.010405,-0.009361
453,9.0600,0.582455,0,squat_bounce,0.106487,-0.001058,-0.006174,0.014042,0.006624
454,9.0800,0.833698,0,squat_bounce,0.106770,-0.001005,-0.007386,0.014750,0.004550
455,9.1000,1.084942,0,squat_bounce,0.107074,-0.000835,-0.008352,0.014674,0.007700
456,9.1200,1.336186,0,squat_bounce,0.107371,-0.000662,-0.008987,0.014031,0.006493
457,9.1400,1.587429,0,squat_bounce,0.107646,-0.000454,-0.009327,0.013196,0.013573
458,9.1600,1.838673,0,squat_bounce,0.107884,-0.000156,-0.009593,0.010831,0.012252
459,9.1800,2.089916,0,squat_bounce,0.108045,-0.000274,-0.009656,0.007847,-0.004729
460,9.2000,2.341160,0,squat_bounce,0.108197,-0.000196,-0.009517,0.006592,0.005786
461,9.2200,2.592404,0,squat_bounce,0.108279,-0.000027,-0.009179,0.002625,0.009402
462,9.2400,2.843647,0,squat_bounce,0.108297,0.000150,-0.008788,-0.000339,0.002457
463,9.2600,3.094891,0,squat_bounce,0.108244,0.000014,-0.007995,-0.003730,-0.007199
464,9.2800,-2.937051,0,squat_bounce,0.108151,-0.000009,-0.006710,-0.005091,0.002803
465,9.3000,-2.685807,0,squat_bounce,0.108005,0.000098,-0.005413,-0.008844,0.009896
466,9.3200,-2.434563,0,squat_bounce,0.107770,0.000115,-0.004018,-0.013198,-0.000464
467,9.3400,-2.183320,0,squat_bounce,0.107466,0.000111,-0.002446,-0.016027,0.000068
468,9.3600,-1.932076,0,squat_bounce,0.107131,0.000123,-0.001134,-0.017385,-0.001520
469,9.3800,-1.680832,0,squat_bounce,0.106771,0.000025,-0.000171,-0.017941,-0.006511
470,9.4000,-1.429589,0,squat_bounce,0.106441,-0.000167,0.000519,-0.014974,-0.004844
471,9.4200,-1.178345,0,squat_bounce,0.106184,-0.000148,0.000498,-0.011587,0.002834
472,9.4400,-0.927102,0,squat_bounce,0.105981,-0.000325,0.000133,-0.008278,-0.009361
473,9.4600,-0.675858,0,squat_bounce,0.105880,-0.000462,-0.000572,-0.003606,-0.004214
474,9.4800,-0.424614,0,squat_bounce,0.105866,-0.000774,-0.001190,0.001322,-0.015728
475,9.5000,-0.173371,0,squat_bounce,0.105887,-0.001215,-0.001906,0.001972,-0.018282
476,9.5200,0.077873,0,squat_bounce,0.106009,-0.001244,-0.003164,0.007867,0.006889
477,9.5400,0.329117,0,squat_bounce,0.106196,-0.001188,-0.004529,0.010088,-0.006985
478,9.5600,0.580360,0,squat_bounce,0.106461,-0.001168,-0.006004,0.014334,0.006340
479,9.5800,0.831604,0,squat_bounce,0.106751,-0.001055,-0.007354,0.014571,0.003971
480,9.6000,1.082847,0,squat_bounce,0.107060,-0.000879,-0.008414,0.015592,0.011358
481,9.6200,1.334091,0,squat_bounce,0.107360,-0.000693,-0.009107,0.014927,0.009821
482,9.6400,1.585335,0,squat_bounce,0.107631,-0.000500,-0.009456,0.013126,0.012780
483,9.6600,1.836578,0,squat_bounce,0.107875,-0.000183,-0.009762,0.011655,0.014817
484,9.6800,2.087822,0,squat_bounce,0.108051,-0.000172,-0.009857,0.007423,-0.003899
485,9.7000,2.339066,0,squat_bounce,0.108173,-0.000206,-0.009662,0.004944,-0.001751
486,9.7200,2.590309,0,squat_bounce,0.108232,-0.000197,-0.009180,0.002026,0.000686
487,9.7400,2.841553,0,squat_bounce,0.108272,0.000034,-0.008726,0.001541,0.012217
488,9.7600,3.092797,0,squat_bounce,0.108265,0.000258,-0.007930,-0.001528,0.010341
489,9.7800,-2.939145,0,squat_bounce,0.108189,0.000391,-0.006633,-0.005060,0.004463
490,9.8000,-2.687901,0,squat_bounce,0.108040,0.000384,-0.005229,-0.008758,-0.002851
491,9.8200,-2.436658,0,squat_bounce,0.107801,0.000293,-0.004043,-0.013244,-0.008059
492,9.8400,-2.185414,0,squat_bounce,0.107494,0.000137,-0.002701,-0.016389,-0.006216
493,9.8600,-1.934171,0,squat_bounce,0.107147,0.000068,-0.001342,-0.016975,-0.000370
494,9.8800,-1.682927,0,squat_bounce,0.106803,0.000080,-0.000286,-0.017941,-0.003740
495,9.9000,-1.431683,0,squat_bounce,0.106450,-0.000127,0.000419,-0.015794,-0.006766
496,9.9200,-1.180440,0,squat_bounce,0.106184,-0.000131,0.000544,-0.011863,0.002889
497,9.9400,-0.929196,0,squat_bounce,0.105977,-0.000311,0.000292,-0.008389,-0.009542
498,9.9600,-0.677952,0,squat_bounce,0.105874,-0.000432,-0.000383,-0.003573,-0.008466
499,9.9800,-0.426709,0,squat_bounce,0.105860,-0.000765,-0.000985,0.001284,-0.015905
500,10.0000,-0.175465,0,squat_bounce,0.105880,-0.001203,-0.001719,0.001943,-0.018202
501,10.0200,0.075779,0,squat_bounce,0.106001,-0.001235,-0.003014,0.007871,0.006646
502,10.0400,0.327022,0,squat_bounce,0.106199,-0.001190,-0.004458,0.011767,0.002960
503,10.0600,0.578266,0,squat_bounce,0.106461,-0.001146,-0.005937,0.013220,-0.000470
504,10.0800,0.829509,0,squat_bounce,0.106754,-0.001032,-0.007299,0.014511,0.005812
505,10.1000,1.080753,0,squat_bounce,0.107056,-0.000879,-0.008337,0.015101,0.007262
506,10.1200,1.331997,0,squat_bounce,0.107364,-0.000678,-0.009099,0.015223,0.011216
507,10.1400,1.583240,0,squat_bounce,0.107639,-0.000453,-0.009506,0.013237,0.013918
508,10.1600,1.834484,0,squat_bounce,0.107882,-0.000127,-0.009776,0.011601,0.018486
509,10.1800,2.085728,0,squat_bounce,0.108059,-0.000108,-0.009862,0.007519,-0.004324
510,10.2000,2.336971,0,squat_bounce,0.108183,-0.000155,-0.009655,0.005018,-0.002486
511,10.2200,2.588215,0,squat_bounce,0.108243,-0.000158,-0.009151,0.002051,0.000107
512,10.2400,2.839459,0,squat_bounce,0.108282,0.000078,-0.008708,0.001535,0.014488
513,10.2600,3.090702,0,squat_bounce,0.108276,0.000302,-0.007900,-0.001463,0.009662
514,10.2800,-2.941239,0,squat_bounce,0.108200,0.000419,-0.006574,-0.005037,0.003759
515,10.3000,-2.689996,0,squat_bounce,0.108051,0.000402,-0.005143,-0.008775,-0.003299
516,10.3200,-2.438752,0,squat_bounce,0.107809,0.000306,-0.003912,-0.013281,-0.005156
517,10.3400,-2.187509,0,squat_bounce,0.107503,0.000150,-0.002597,-0.016345,-0.006981
518,10.3600,-1.936265,0,squat_bounce,0.107156,0.000067,-0.001228,-0.016997,-0.000992
519,10.3800,-1.685021,0,squat_bounce,0.106810,0.000072,-0.000149,-0.018010,-0.004007
520,10.4000,-1.433778,0,squat_bounce,0.106456,-0.000138,0.000573,-0.015887,-0.006866
521,10.4200,-1.182534,0,squat_bounce,0.106184,-0.000185,0.000739,-0.012846,-0.005675
522,10.4400,-0.931290,0,squat_bounce,0.105984,-0.000266,0.000381,-0.008824,-0.008394
523,10.4600,-0.680047,0,squat_bounce,0.105872,-0.000420,-0.000298,-0.003986,-0.003825
524,10.4800,-0.428803,0,squat_bounce,0.105851,-0.000725,-0.000919,0.000631,-0.019162
525,10.5000,-0.177559,0,squat_bounce,0.105913,-0.000918,-0.001696,0.003360,-0.004368
526,10.5200,0.073684,0,squat_bounce,0.106015,-0.000873,-0.002901,0.007234,0.007218
527,10.5400,0.324928,0,squat_bounce,0.106217,-0.000967,-0.004403,0.011708,-0.004075
528,10.5600,0.576171,0,squat_bounce,0.106472,-0.001064,-0.006023,0.013285,-0.003982
529,10.5800,0.827415,0,squat_bounce,0.106769,-0.000963,-0.007478,0.015239,0.009440
530,10.6000,1.078659,0,squat_bounce,0.107063,-0.000869,-0.008459,0.015078,0.005293
531,10.6200,1.329902,0,squat_bounce,0.107369,-0.000691,-0.009183,0.015135,0.010585
532,10.6400,1.581146,0,squat_bounce,0.107642,-0.000482,-0.009558,0.012573,0.009749
533,10.6600,1.832390,0,squat_bounce,0.107879,-0.000214,-0.009757,0.011479,0.016447
534,10.6800,2.083633,0,squat_bounce,0.108056,-0.000211,-0.009858,0.007584,-0.004371
535,10.7000,2.334877,0,squat_bounce,0.108182,-0.000245,-0.009698,0.005102,-0.001710
536,10.7200,2.586121,0,squat_bounce,0.108243,-0.000230,-0.009223,0.002095,0.001050
537,10.7400,2.837364,0,squat_bounce,0.108280,0.000015,-0.008811,0.001385,0.020012
538,10.7600,3.088608,0,squat_bounce,0.108275,0.000263,-0.008043,-0.001362,0.009737
539,10.7800,-2.943334,0,squat_bounce,0.108202,0.000376,-0.006702,-0.004917,0.003568
540,10.8000,-2.692090,0,squat_bounce,0.108054,0.000357,-0.005241,-0.008683,-0.003354
541,10.8200,-2.440847,0,squat_bounce,0.107814,0.000263,-0.003980,-0.013224,-0.005080
542,10.8400,-2.189603,0,squat_bounce,0.107508,0.000108,-0.002644,-0.016329,-0.007006
543,10.8600,-1.938359,0,squat_bounce,0.107156,0.000007,-0.001267,-0.018041,-0.004368
544,10.8800,-1.687116,0,squat_bounce,0.106807,-0.000004,-0.000187,-0.017949,-0.003570
545,10.9000,-1.435872,0,squat_bounce,0.106455,-0.000182,0.000526,-0.015724,-0.004872
546,10.9200,-1.184628,0,squat_bounce,0.106186,-0.000187,0.000672,-0.012725,-0.003579
547,10.9400,-0.933385,0,squat_bounce,0.105989,-0.000247,0.000295,-0.008758,-0.007617
548,10.9600,-0.682141,0,squat_bounce,0.105874,-0.000452,-0.000360,-0.003602,-0.001503
549,10.9800,-0.430897,0,squat_bounce,0.105851,-0.000728,-0.000953,-0.000408,-0.022780
550,11.0000,-0.179654,0,squat_bounce,0.105907,-0.000953,-0.001668,0.003275,-0.005571
551,11.0200,0.071590,0,squat_bounce,0.106017,-0.001022,-0.002908,0.007259,0.001414
552,11.0400,0.322833,0,squat_bounce,0.106201,-0.000966,-0.004353,0.011177,-0.005114
553,11.0600,0.574077,0,squat_bounce,0.106460,-0.001048,-0.005937,0.012904,-0.008142
554,11.0800,0.825321,0,squat_bounce,0.106756,-0.001008,-0.007447,0.015307,0.007195
555,11.1000,1.076564,0,squat_bounce,0.107051,-0.000929,-0.008585,0.015115,0.006847
556,11.1200,1.327808,0,squat_bounce,0.107354,-0.000705,-0.009289,0.013958,0.008979
557,11.1400,1.579052,0,squat_bounce,0.107629,-0.000415,-0.009711,0.013345,0.016408
558,11.1600,1.830295,0,squat_bounce,0.107877,-0.000137,-0.010075,0.010897,0.006693
559,11.1800,2.081539,0,squat_bounce,0.108056,-0.000137,-0.010199,0.007915,-0.003722
560,11.2000,2.332782,0,squat_bounce,0.108174,-0.000188,-0.009826,0.004792,-0.000633
561,11.2200,2.584026,0,squat_bounce,0.108240,-0.000123,-0.009326,0.002496,0.001969
562,11.2400,2.835270,0,squat_bounce,0.108280,0.000056,-0.008806,0.001251,0.012079
563,11.2600,3.086513,0,squat_bounce,0.108268,0.000311,-0.008006,-0.001672,0.011922
564,11.2800,-2.945428,0,squat_bounce,0.108191,0.000461,-0.006816,-0.005045,0.004766
565,11.3000,-2.694185,0,squat_bounce,0.108045,0.000487,-0.005562,-0.008338,0.004012
566,11.3200,-2.442941,0,squat_bounce,0.107814,0.000315,-0.004200,-0.013483,-0.011474
567,11.3400,-2.191697,0,squat_bounce,0.107502,0.000116,-0.002664,-0.016483,-0.008425
568,11.3600,-1.940454,0,squat_bounce,0.107162,0.000031,-0.001341,-0.016497,-0.000187
569,11.3800,-1.689210,0,squat_bounce,0.106800,-0.000106,-0.000344,-0.018346,-0.009724
570,11.4000,-1.437966,0,squat_bounce,0.106447,-0.000331,0.000340,-0.015686,-0.005204
571,11.4200,-1.186723,0,squat_bounce,0.106184,-0.000273,0.000467,-0.011778,0.005889
572,11.4400,-0.935479,0,squat_bounce,0.105978,-0.000393,0.000210,-0.008356,-0.006643
573,11.4600,-0.684236,0,squat_bounce,0.105875,-0.000462,-0.000468,-0.003571,-0.006547
574,11.4800,-0.432992,0,squat_bounce,0.105861,-0.000770,-0.001061,0.001250,-0.015016
575,11.5000,-0.181748,0,squat_bounce,0.105912,-0.001054,-0.001801,0.003532,-0.007421
576,11.5200,0.069495,0,squat_bounce,0.106011,-0.001199,-0.002955,0.006151,-0.007424
577,11.5400,0.320739,0,squat_bounce,0.106212,-0.001176,-0.004371,0.011723,0.006427
578,11.5600,0.571983,0,squat_bounce,0.106456,-0.001176,-0.005882,0.013641,0.005634
579,11.5800,0.823226,0,squat_bounce,0.106747,-0.001009,-0.007261,0.014005,0.003976
580,11.6000,1.074470,0,squat_bounce,0.107056,-0.000830,-0.008397,0.015772,0.011679
581,11.6200,1.325714,0,squat_bounce,0.107357,-0.000624,-0.009203,0.013764,0.004758
582,11.6400,1.576957,0,squat_bounce,0.107633,-0.000397,-0.009667,0.013516,0.014492
583,11.6600,1.828201,0,squat_bounce,0.107887,-0.000099,-0.010139,0.011971,0.011731
584,11.6800,2.079444,0,squat_bounce,0.108068,-0.000104,-0.010357,0.007997,-0.001087
585,11.7000,2.330688,0,squat_bounce,0.108190,-0.000190,-0.010013,0.004913,-0.003124
586,11.7200,2.581932,0,squat_bounce,0.108258,-0.000139,-0.009393,0.003168,0.006606
587,11.7400,2.833175,0,squat_bounce,0.108298,0.000036,-0.008746,0.001136,0.010195
588,11.7600,3.084419,0,squat_bounce,0.108282,0.000253,-0.007858,-0.001850,0.010479
589,11.7800,-2.947523,0,squat_bounce,0.108202,0.000388,-0.006587,-0.005222,0.004446
590,11.8000,-2.696279,0,squat_bounce,0.108052,0.000415,-0.005275,-0.008518,0.004040
591,11.8200,-2.445035,0,squat_bounce,0.107812,0.000256,-0.003883,-0.013605,-0.009647
592,11.8400,-2.193792,0,squat_bounce,0.107500,0.000100,-0.002348,-0.016442,-0.006343
593,11.8600,-1.942548,0,squat_bounce,0.107156,0.000024,-0.001062,-0.017460,-0.003437
594,11.8800,-1.691304,0,squat_bounce,0.106791,-0.000099,-0.000118,-0.018275,-0.007519
595,11.9000,-1.440061,0,squat_bounce,0.106446,-0.000310,0.000585,-0.015863,-0.009549
596,11.9200,-1.188817,0,squat_bounce,0.106182,-0.000321,0.000630,-0.011715,0.003359
597,11.9400,-0.937574,0,squat_bounce,0.105981,-0.000420,0.000232,-0.008729,-0.009846
598,11.9600,-0.686330,0,squat_bounce,0.105877,-0.000500,-0.000476,-0.003091,-0.001458
599,11.9800,-0.435086,0,squat_bounce,0.105858,-0.000787,-0.001083,0.000976,-0.015574
600,12.0000,-0.183843,0,squat_bounce,0.105907,-0.001044,-0.001808,0.002989,-0.009149
601,12.0200,0.067401,0,squat_bounce,0.106017,-0.001064,-0.003025,0.006294,-0.000882
602,12.0400,0.318645,0,squat_bounce,0.106189,-0.000977,-0.004412,0.011527,0.000819
603,12.0600,0.569888,0,squat_bounce,0.106448,-0.001034,-0.005969,0.013519,-0.003316
604,12.0800,0.821132,0,squat_bounce,0.106740,-0.000991,-0.007414,0.014788,0.003666
605,12.1000,1.072376,0,squat_bounce,0.107044,-0.000857,-0.008520,0.015085,0.006617
606,12.1200,1.323619,0,squat_bounce,0.107344,-0.000686,-0.009253,0.013802,0.006037
607,12.1400,1.574863,0,squat_bounce,0.107617,-0.000446,-0.009694,0.013277,0.014526
608,12.1600,1.826106,0,squat_bounce,0.107859,-0.000246,-0.010081,0.010534,0.001456
609,12.1800,2.077350,0,squat_bounce,0.108040,-0.000242,-0.010145,0.007947,-0.001775
610,12.2000,2.328594,0,squat_bounce,0.108161,-0.000224,-0.009715,0.004980,0.002899
611,12.2200,2.579837,0,squat_bounce,0.108236,-0.000089,-0.009234,0.003205,0.008803
612,12.2400,2.831081,0,squat_bounce,0.108277,0.000174,-0.008698,0.001181,0.014928
613,12.2600,3.082325,0,squat_bounce,0.108264,0.000441,-0.007940,-0.001733,0.011549
614,12.2800,-2.949617,0,squat_bounce,0.108186,0.000572,-0.006784,-0.005060,0.003766
615,12.3000,-2.698373,0,squat_bounce,0.108041,0.000581,-0.005608,-0.009000,-0.006185
616,12.3200,-2.447130,0,squat_bounce,0.107799,0.000408,-0.004192,-0.013545,-0.007548
617,12.3400,-2.195886,0,squat_bounce,0.107502,0.000340,-0.002695,-0.014807,0.000040
618,12.3600,-1.944643,0,squat_bounce,0.107166,0.000246,-0.001453,-0.017977,-0.008635
619,12.3800,-1.693399,0,squat_bounce,0.106795,0.000038,-0.000518,-0.018492,-0.010931
620,12.4000,-1.442155,0,squat_bounce,0.106443,-0.000199,0.000140,-0.015623,-0.005967
621,12.4200,-1.190912,0,squat_bounce,0.106181,-0.000160,0.000244,-0.011701,0.005106
622,12.4400,-0.939668,0,squat_bounce,0.105981,-0.000230,-0.000060,-0.008837,-0.009207
623,12.4600,-0.688424,0,squat_bounce,0.105874,-0.000343,-0.000668,-0.003712,-0.008914
624,12.4800,-0.437181,0,squat_bounce,0.105855,-0.000665,-0.001262,0.001001,-0.014645
625,12.5000,-0.185937,0,squat_bounce,0.105916,-0.000961,-0.002045,0.004275,-0.014145
626,12.5200,0.065307,0,squat_bounce,0.106023,-0.001094,-0.003254,0.006603,-0.001482
627,12.5400,0.316550,0,squat_bounce,0.106203,-0.001142,-0.004595,0.011131,0.000694
628,12.5600,0.567794,0,squat_bounce,0.106453,-0.001225,-0.005941,0.013617,-0.000233
629,12.5800,0.819037,0,squat_bounce,0.106744,-0.001126,-0.007234,0.014725,0.006204
630,12.6000,1.070281,0,squat_bounce,0.107043,-0.000979,-0.008200,0.015176,0.008356
631,12.6200,1.321525,0,squat_bounce,0.107342,-0.000796,-0.008861,0.014527,0.008000
632,12.6400,1.572768,0,squat_bounce,0.107621,-0.000558,-0.009255,0.013323,0.014781
633,12.6600,1.824012,0,squat_bounce,0.107843,-0.000399,-0.009526,0.009209,-0.002011
634,12.6800,2.075256,0,squat_bounce,0.108036,-0.000346,-0.009601,0.009670,0.008941
635,12.7000,2.326499,0,squat_bounce,0.108199,-0.000060,-0.009546,0.007150,0.014045
636,12.7200,2.577743,0,squat_bounce,0.108277,-0.000002,-0.009267,0.001932,-0.004605
637,12.7400,2.828987,0,squat_bounce,0.108280,-0.000128,-0.008810,-0.000635,-0.004457
638,12.7600,3.080230,0,squat_bounce,0.108267,-0.000038,-0.008105,-0.001340,0.004838
639,12.7800,-2.951711,0,squat_bounce,0.108196,0.000073,-0.006839,-0.004754,0.005856
640,12.8000,-2.700468,0,squat_bounce,0.108051,0.000143,-0.005387,-0.008593,0.001652
641,12.8200,-2.449224,0,squat_bounce,0.107810,0.000122,-0.004049,-0.013254,0.004989
642,12.8400,-2.197981,0,squat_bounce,0.107508,0.000043,-0.002721,-0.016090,-0.005267
643,12.8600,-1.946737,0,squat_bounce,0.107160,-0.000045,-0.001303,-0.017849,-0.004013
644,12.8800,-1.695493,0,squat_bounce,0.106814,-0.000042,-0.000164,-0.017850,-0.002809
645,12.9000,-1.444250,0,squat_bounce,0.106463,-0.000205,0.000610,-0.015724,-0.004148
646,12.9200,-1.193006,0,squat_bounce,0.106192,-0.000197,0.000813,-0.012816,-0.002988
647,12.9400,-0.941762,0,squat_bounce,0.105989,-0.000286,0.000494,-0.008655,-0.006853
648,12.9600,-0.690519,0,squat_bounce,0.105878,-0.000457,-0.000191,-0.003814,-0.010546
649,12.9800,-0.439275,0,squat_bounce,0.105850,-0.000709,-0.000977,0.000336,-0.019401
650,13.0000,-0.188031,0,squat_bounce,0.105906,-0.000993,-0.001855,0.001983,-0.014698
651,13.0200,0.063212,0,squat_bounce,0.106000,-0.001012,-0.003066,0.007171,0.007937
652,13.0400,0.314456,0,squat_bounce,0.106209,-0.000962,-0.004568,0.011047,-0.003800
653,13.0600,0.565699,0,squat_bounce,0.106466,-0.001018,-0.006193,0.013969,0.003786
654,13.0800,0.816943,0,squat_bounce,0.106759,-0.000898,-0.007607,0.015026,0.007630
655,13.1000,1.068187,0,squat_bounce,0.107061,-0.000774,-0.008609,0.015460,0.008404
656,13.1200,1.319430,0,squat_bounce,0.107360,-0.000626,-0.009269,0.014788,0.006942
657,13.1400,1.570674,0,squat_bounce,0.107638,-0.000387,-0.009639,0.013212,0.014658
658,13.1600,1.821918,0,squat_bounce,0.107857,-0.000265,-0.009925,0.008572,-0.008613
659,13.1800,2.073161,0,squat_bounce,0.108050,-0.000166,-0.010044,0.009577,0.013635
660,13.2000,2.324405,0,squat_bounce,0.108206,0.000033,-0.009813,0.006507,0.009115
661,13.2200,2.575649,0,squat_bounce,0.108269,0.000012,-0.009337,0.002026,-0.001988
662,13.2400,2.826892,0,squat_bounce,0.108282,-0.000113,-0.008761,0.000376,-0.003061
663,13.2600,3.078136,0,squat_bounce,0.108268,-0.000065,-0.007862,-0.001558,0.004869
664,13.2800,-2.953806,0,squat_bounce,0.108194,0.000047,-0.006621,-0.004924,0.005691
665,13.3000,-2.702562,0,squat_bounce,0.108036,0.000130,-0.005375,-0.009434,0.002347
666,13.3200,-2.451319,0,squat_bounce,0.107797,0.000131,-0.003930,-0.013204,0.000621
667,13.3400,-2.200075,0,squat_bounce,0.107514,0.000218,-0.002388,-0.014413,0.005492
668,13.3600,-1.948831,0,squat_bounce,0.107172,0.000157,-0.001132,-0.018007,-0.006622
669,13.3800,-1.697588,0,squat_bounce,0.106802,-0.000013,-0.000187,-0.018426,-0.009160
670,13.4000,-1.446344,0,squat_bounce,0.106450,-0.000217,0.000468,-0.015610,-0.004407
671,13.4200,-1.195100,0,squat_bounce,0.106184,-0.000192,0.000598,-0.012654,-0.001944
672,13.4400,-0.943857,0,squat_bounce,0.105985,-0.000248,0.000219,-0.008113,-0.002475
673,13.4600,-0.692613,0,squat_bounce,0.105876,-0.000399,-0.000482,-0.004517,-0.016823
674,13.4800,-0.441369,0,squat_bounce,0.105854,-0.000608,-0.001237,-0.000035,-0.015063
675,13.5000,-0.190126,0,squat_bounce,0.105913,-0.000933,-0.002160,0.004865,-0.011895
676,13.5200,0.061118,0,squat_bounce,0.106011,-0.001189,-0.003380,0.005791,-0.010160
677,13.5400,0.312361,0,squat_bounce,0.106214,-0.001176,-0.004750,0.011836,0.006408
678,13.5600,0.563605,0,squat_bounce,0.106468,-0.001121,-0.006151,0.013650,0.006068
679,13.5800,0.814849,0,squat_bounce,0.106749,-0.000974,-0.007359,0.014708,0.007284
680,13.6000,1.066092,0,squat_bounce,0.107053,-0.000820,-0.008286,0.015082,0.006787
681,13.6200,1.317336,0,squat_bounce,0.107348,-0.000709,-0.008901,0.014725,0.005547
682,13.6400,1.568580,0,squat_bounce,0.107629,-0.000507,-0.009302,0.013320,0.013358
683,13.6600,1.819823,0,squat_bounce,0.107860,-0.000292,-0.009551,0.011171,0.012225
684,13.6800,2.071067,0,squat_bounce,0.108055,-0.000156,-0.009662,0.008177,0.002186
685,13.7000,2.322310,0,squat_bounce,0.108179,-0.000233,-0.009578,0.004874,-0.006789
686,13.7200,2.573554,0,squat_bounce,0.108236,-0.000315,-0.009133,0.001895,-0.003031
687,13.7400,2.824798,0,squat_bounce,0.108262,-0.000277,-0.008606,0.001201,0.004683
688,13.7600,3.076041,0,squat_bounce,0.108256,-0.000109,-0.007777,-0.001342,0.010132
689,13.7800,-2.955900,0,squat_bounce,0.108185,0.000076,-0.006545,-0.004752,0.007941
690,13.8000,-2.704657,0,squat_bounce,0.108039,0.000136,-0.005221,-0.009200,-0.001004
691,13.8200,-2.453413,0,squat_bounce,0.107807,0.000100,-0.004048,-0.012954,-0.004670
692,13.8400,-2.202169,0,squat_bounce,0.107506,0.000037,-0.002675,-0.015971,-0.002114
693,13.8600,-1.950926,0,squat_bounce,0.107178,0.000069,-0.001383,-0.016942,0.000626
694,13.8800,-1.699682,0,squat_bounce,0.106817,-0.000038,-0.000399,-0.018198,-0.007963
695,13.9000,-1.448438,0,squat_bounce,0.106471,-0.000270,0.000343,-0.015905,-0.010721
696,13.9200,-1.197195,0,squat_bounce,0.106206,-0.000300,0.000412,-0.011831,0.002540
697,13.9400,-0.945951,0,squat_bounce,0.106004,-0.000377,0.000006,-0.009263,-0.011365
698,13.9600,-0.694707,0,squat_bounce,0.105892,-0.000493,-0.000649,-0.003768,0.002895
699,13.9800,-0.443464,0,squat_bounce,0.105866,-0.000761,-0.001257,0.000598,-0.015707
700,14.0000,-0.192220,0,squat_bounce,0.105917,-0.001069,-0.001977,0.003048,-0.018303
701,14.0200,0.059023,0,squat_bounce,0.106024,-0.001147,-0.003179,0.006127,-0.001268
702,14.0400,0.310267,0,squat_bounce,0.106199,-0.001102,-0.004528,0.010184,0.002552
703,14.0600,0.561511,0,squat_bounce,0.106454,-0.001089,-0.005909,0.013790,0.002868
704,14.0800,0.812754,0,squat_bounce,0.106740,-0.001062,-0.007203,0.014232,0.001381
705,14.1000,1.063998,0,squat_bounce,0.107046,-0.000924,-0.008265,0.015499,0.009944
706,14.1200,1.315242,0,squat_bounce,0.107336,-0.000823,-0.008929,0.014630,0.005069
707,14.1400,1.566485,0,squat_bounce,0.107615,-0.000595,-0.009416,0.013412,0.014808
708,14.1600,1.817729,0,squat_bounce,0.107862,-0.000301,-0.009896,0.011023,0.007487
709,14.1800,2.068972,0,squat_bounce,0.108038,-0.000300,-0.010083,0.008025,0.001530
710,14.2000,2.320216,0,squat_bounce,0.108164,-0.000318,-0.009737,0.005173,0.000248
711,14.2200,2.571460,0,squat_bounce,0.108238,-0.000205,-0.009160,0.003493,0.009709
712,14.2400,2.822703,0,squat_bounce,0.108284,0.000041,-0.008556,0.001459,0.013632
713,14.2600,3.073947,0,squat_bounce,0.108274,0.000295,-0.007735,-0.001546,0.011496
714,14.2800,-2.957995,0,squat_bounce,0.108200,0.000441,-0.006516,-0.004928,0.004732
715,14.3000,-2.706751,0,squat_bounce,0.108054,0.000436,-0.005176,-0.008581,-0.002961
716,14.3200,-2.455507,0,squat_bounce,0.107821,0.000307,-0.003985,-0.013205,-0.009812
717,14.3400,-2.204264,0,squat_bounce,0.107515,0.000151,-0.002575,-0.016295,-0.006185
718,14.3600,-1.953020,0,squat_bounce,0.107177,0.000107,-0.001242,-0.016426,0.001419
719,14.3800,-1.701776,0,squat_bounce,0.106816,-0.000010,-0.000229,-0.018337,-0.009064
720,14.4000,-1.450533,0,squat_bounce,0.106463,-0.000234,0.000453,-0.015736,-0.005490
721,14.4200,-1.199289,0,squat_bounce,0.106197,-0.000187,0.000574,-0.011909,0.005238
722,14.4400,-0.948046,0,squat_bounce,0.105988,-0.000322,0.000306,-0.008530,-0.007326
723,14.4600,-0.696802,0,squat_bounce,0.105883,-0.000387,-0.000402,-0.003602,0.004570
724,14.4800,-0.445558,0,squat_bounce,0.105838,-0.000802,-0.001008,-0.000285,-0.026029
725,14.5000,-0.194315,0,squat_bounce,0.105911,-0.001076,-0.001838,0.005394,-0.006375
726,14.5200,0.056929,0,squat_bounce,0.105992,-0.001054,-0.003028,0.003993,-0.003827
727,14.5400,0.308173,0,squat_bounce,0.106195,-0.001024,-0.004579,0.012278,0.005652
728,14.5600,0.559416,0,squat_bounce,0.106457,-0.000985,-0.006308,0.012765,-0.004735
729,14.5800,0.810660,0,squat_bounce,0.106747,-0.000992,-0.007764,0.015409,0.005842
730,14.6000,1.061904,0,squat_bounce,0.107063,-0.000791,-0.008992,0.015621,0.010771
731,14.6200,1.313147,0,squat_bounce,0.107364,-0.000617,-0.009695,0.014855,0.007644
732,14.6400,1.564391,0,squat_bounce,0.107636,-0.000410,-0.010025,0.013306,0.013330
733,14.6600,1.815634,0,squat_bounce,0.107885,-0.000117,-0.010340,0.011813,0.012970
734,14.6800,2.066878,0,squat_bounce,0.108071,-0.000049,-0.010427,0.007922,-0.000146
735,14.7000,2.318122,0,squat_bounce,0.108189,-0.000167,-0.009957,0.004789,-0.005448
736,14.7200,2.569365,0,squat_bounce,0.108250,-0.000182,-0.009221,0.002456,0.004059
737,14.7400,2.820609,0,squat_bounce,0.108291,-0.000033,-0.008505,0.001471,0.009613
738,14.7600,3.071853,0,squat_bounce,0.108283,0.000186,-0.007582,-0.001473,0.010853
739,14.7800,-2.960089,0,squat_bounce,0.108209,0.000334,-0.006295,-0.004926,0.005044
740,14.8000,-2.708845,0,squat_bounce,0.108053,0.000320,-0.004911,-0.009809,-0.004311
741,14.8200,-2.457602,0,squat_bounce,0.107816,0.000256,-0.003696,-0.013054,-0.005353
742,14.8400,-2.206358,0,squat_bounce,0.107520,0.000201,-0.002306,-0.015094,0.000623
743,14.8600,-1.955114,0,squat_bounce,0.107184,0.000165,-0.001017,-0.017882,-0.005147
744,14.8800,-1.703871,0,squat_bounce,0.106815,0.000020,-0.000042,-0.018432,-0.008314
745,14.9000,-1.452627,0,squat_bounce,0.106473,-0.000207,0.000662,-0.015471,-0.006213
746,14.9200,-1.201384,0,squat_bounce,0.106207,-0.000202,0.000661,-0.012093,0.002511
747,14.9400,-0.950140,0,squat_bounce,0.105995,-0.000334,0.000290,-0.009242,-0.011475
748,14.9600,-0.698896,0,squat_bounce,0.105882,-0.000462,-0.000377,-0.003912,0.002073
749,14.9800,-0.447653,0,squat_bounce,0.105817,-0.000962,-0.000988,-0.001451,-0.030844
750,15.0000,-0.196409,0,squat_bounce,0.105884,-0.001283,-0.001814,0.005459,-0.007332
751,15.0200,0.054835,0,squat_bounce,0.106021,-0.001364,-0.003117,0.006963,-0.002986
752,15.0400,0.306078,0,squat_bounce,0.106221,-0.001188,-0.004616,0.011458,0.014359
753,15.0600,0.557322,0,squat_bounce,0.106455,-0.001095,-0.006073,0.012748,0.001651
754,15.0800,0.808566,0,squat_bounce,0.106753,-0.000941,-0.007507,0.015518,0.011332
755,15.1000,1.059809,0,squat_bounce,0.107044,-0.000814,-0.008542,0.014339,0.001489
756,15.1200,1.311053,0,squat_bounce,0.107349,-0.000707,-0.009312,0.015037,0.009893
757,15.1400,1.562296,0,squat_bounce,0.107632,-0.000435,-0.009918,0.013440,0.014294
758,15.1600,1.813540,0,squat_bounce,0.107846,-0.000475,-0.010310,0.009136,-0.010611
759,15.1800,2.064784,0,squat_bounce,0.108048,-0.000414,-0.010349,0.009609,0.007024
760,15.2000,2.316027,0,squat_bounce,0.108201,-0.000168,-0.010092,0.006618,0.016599
761,15.2200,2.567271,0,squat_bounce,0.108272,-0.000119,-0.009537,0.001770,-0.005761
762,15.2400,2.818515,0,squat_bounce,0.108277,-0.000239,-0.008861,0.000081,-0.001313
763,15.2600,3.069758,0,squat_bounce,0.108265,-0.000130,-0.008007,-0.001400,0.004685
764,15.2800,-2.962183,0,squat_bounce,0.108192,-0.000027,-0.006583,-0.004860,0.005329
765,15.3000,-2.710940,0,squat_bounce,0.108037,0.000020,-0.005010,-0.009705,-0.000134
766,15.3200,-2.459696,0,squat_bounce,0.107798,0.000076,-0.003668,-0.012788,0.003023
767,15.3400,-2.208453,0,squat_bounce,0.107503,0.000069,-0.002309,-0.015761,-0.000699
768,15.3600,-1.957209,0,squat_bounce,0.107166,0.000077,-0.000949,-0.016613,0.002428
769,15.3800,-1.705965,0,squat_bounce,0.106809,0.000024,0.000093,-0.018035,-0.005450
770,15.4000,-1.454722,0,squat_bounce,0.106473,-0.000170,0.000817,-0.015290,-0.005382
771,15.4200,-1.203478,0,squat_bounce,0.106209,-0.000163,0.000819,-0.012015,0.002479
772,15.4400,-0.952234,0,squat_bounce,0.105995,-0.000346,0.000454,-0.008796,-0.009477
773,15.4600,-0.700991,0,squat_bounce,0.105888,-0.000491,-0.000274,-0.003458,-0.005559
774,15.4800,-0.449747,0,squat_bounce,0.105823,-0.000904,-0.001004,-0.001036,-0.027793
775,15.5000,-0.198503,0,squat_bounce,0.105894,-0.001159,-0.001774,0.005381,-0.004603
776,15.5200,0.052740,0,squat_bounce,0.105993,-0.001025,-0.002876,0.007156,0.006989
777,15.5400,0.303984,0,squat_bounce,0.106192,-0.001060,-0.004281,0.011168,-0.003908
778,15.5600,0.555227,0,squat_bounce,0.106447,-0.001084,-0.005889,0.012643,-0.004745
779,15.5800,0.806471,0,squat_bounce,0.106730,-0.000969,-0.007341,0.014376,0.011286
780,15.6000,1.057715,0,squat_bounce,0.107026,-0.000879,-0.008370,0.014888,0.000809
781,15.6200,1.308958,0,squat_bounce,0.107334,-0.000786,-0.009129,0.015127,0.008230
782,15.6400,1.560202,0,squat_bounce,0.107612,-0.000541,-0.009659,0.012552,0.009785
783,15.6600,1.811446,0,squat_bounce,0.107831,-0.000507,-0.009986,0.011044,0.003848
784,15.6800,2.062689,0,squat_bounce,0.108042,-0.000302,-0.010132,0.009788,0.010066
785,15.7000,2.313933,0,squat_bounce,0.108184,-0.000173,-0.009972,0.005072,0.000738
786,15.7200,2.565177,0,squat_bounce,0.108245,-0.000214,-0.009597,0.002121,-0.004831
787,15.7400,2.816420,0,squat_bounce,0.108260,-0.000280,-0.009090,0.000464,0.001593
788,15.7600,3.067664,0,squat_bounce,0.108249,-0.000130,-0.008294,-0.001330,0.009748
789,15.7800,-2.964278,0,squat_bounce,0.108182,0.000067,-0.007143,-0.004536,0.009249
790,15.8000,-2.713034,0,squat_bounce,0.108047,0.000185,-0.005891,-0.008700,-0.000602
791,15.8200,-2.461791,0,squat_bounce,0.107810,0.000134,-0.004323,-0.013208,-0.002140
792,15.8400,-2.210547,0,squat_bounce,0.107520,0.000151,-0.002773,-0.014490,0.003381
793,15.8600,-1.959303,0,squat_bounce,0.107189,0.000111,-0.001506,-0.017776,-0.006531
794,15.8800,-1.708060,0,squat_bounce,0.106820,-0.000064,-0.000535,-0.018447,-0.009631
795,15.9000,-1.456816,0,squat_bounce,0.106467,-0.000274,0.000171,-0.015721,-0.004597
796,15.9200,-1.205572,0,squat_bounce,0.106201,-0.000208,0.000331,-0.011929,0.006147
797,15.9400,-0.954329,0,squat_bounce,0.105991,-0.000329,0.000093,-0.008579,-0.006676
798,15.9600,-0.703085,0,squat_bounce,0.105882,-0.000398,-0.000562,-0.003870,-0.006488
799,15.9800,-0.451841,0,squat_bounce,0.105863,-0.000722,-0.001099,0.000967,-0.016014
800,16.0000,-0.200598,0,squat_bounce,0.105913,-0.001050,-0.001760,0.003607,-0.010201
801,16.0200,0.050646,0,squat_bounce,0.106000,-0.001139,-0.002832,0.004420,0.007292
802,16.0400,0.301889,0,squat_bounce,0.106193,-0.001149,-0.004281,0.011007,-0.004044
803,16.0600,0.553133,0,squat_bounce,0.106448,-0.001213,-0.005931,0.013790,0.003032
804,16.0800,0.804377,0,squat_bounce,0.106728,-0.001227,-0.007273,0.014711,0.002591
805,16.1000,1.055620,0,squat_bounce,0.107039,-0.001049,-0.008383,0.015662,0.012048
806,16.1200,1.306864,0,squat_bounce,0.107341,-0.000844,-0.009094,0.015048,0.010816
807,16.1400,1.558108,0,squat_bounce,0.107615,-0.000627,-0.009438,0.013328,0.014150
808,16.1600,1.809351,0,squat_bounce,0.107862,-0.000299,-0.009725,0.011861,0.018777
809,16.1800,2.060595,0,squat_bounce,0.108046,-0.000262,-0.009859,0.007883,-0.003059
810,16.2000,2.311839,0,squat_bounce,0.108177,-0.000280,-0.009691,0.005392,-0.001170
811,16.2200,2.563082,0,squat_bounce,0.108244,-0.000251,-0.009202,0.002303,0.002210
812,16.2400,2.814326,0,squat_bounce,0.108283,-0.000065,-0.008799,0.001869,0.013146
813,16.2600,3.065569,0,squat_bounce,0.108285,0.000158,-0.008082,-0.001010,0.010239
814,16.2800,-2.966372,0,squat_bounce,0.108219,0.000296,-0.006815,-0.004603,0.004690
815,16.3000,-2.715129,0,squat_bounce,0.108078,0.000299,-0.005408,-0.008364,-0.002533
816,16.3200,-2.463885,0,squat_bounce,0.107847,0.000206,-0.004131,-0.013063,0.000782
817,16.3400,-2.212641,0,squat_bounce,0.107545,0.000050,-0.002847,-0.016146,-0.008797
818,16.3600,-1.961398,0,squat_bounce,0.107196,-0.000084,-0.001448,-0.017954,-0.005732
819,16.3800,-1.710154,0,squat_bounce,0.106847,-0.000098,-0.000315,-0.018006,-0.003424
820,16.4000,-1.458910,0,squat_bounce,0.106480,-0.000341,0.000477,-0.018078,-0.020259
821,16.4200,-1.207667,0,squat_bounce,0.106202,-0.000418,0.000643,-0.011937,0.003865
822,16.4400,-0.956423,0,squat_bounce,0.106011,-0.000330,0.000130,-0.008598,-0.000986
823,16.4600,-0.705179,0,squat_bounce,0.105883,-0.000553,-0.000489,-0.004279,-0.004607
824,16.4800,-0.453936,0,squat_bounce,0.105863,-0.000743,-0.001064,0.000176,-0.012214
825,16.5000,-0.202692,0,squat_bounce,0.105919,-0.000995,-0.001806,0.004581,-0.008447
826,16.5200,0.048551,0,squat_bounce,0.106017,-0.001118,-0.003000,0.006307,-0.001899
827,16.5400,0.299795,0,squat_bounce,0.106182,-0.001031,-0.004332,0.009666,-0.005153
828,16.5600,0.551039,0,squat_bounce,0.106435,-0.001059,-0.005896,0.013546,0.006402
829,16.5800,0.802282,0,squat_bounce,0.106721,-0.001184,-0.007290,0.015156,-0.005085
830,16.6000,1.053526,0,squat_bounce,0.107028,-0.001179,-0.008337,0.014741,0.001857
831,16.6200,1.304770,0,squat_bounce,0.107310,-0.001167,-0.009003,0.014856,0.010645
832,16.6400,1.556013,0,squat_bounce,0.107603,-0.000771,-0.009499,0.014341,0.025054
833,16.6600,1.807257,0,squat_bounce,0.107839,-0.000581,-0.009779,0.010594,0.004412
834,16.6800,2.058501,0,squat_bounce,0.108052,-0.000351,-0.009841,0.009919,0.012352
835,16.7000,2.309744,0,squat_bounce,0.108206,-0.000097,-0.009754,0.006072,0.011379
836,16.7200,2.560988,0,squat_bounce,0.108272,-0.000156,-0.009301,0.001943,-0.006670
837,16.7400,2.812231,0,squat_bounce,0.108279,-0.000260,-0.008672,-0.000348,-0.002304
838,16.7600,3.063475,0,squat_bounce,0.108271,-0.000106,-0.008032,-0.000815,0.009473
839,16.7800,-2.968467,0,squat_bounce,0.108210,0.000023,-0.006849,-0.004374,0.005442
840,16.8000,-2.717223,0,squat_bounce,0.108071,0.000090,-0.005323,-0.008296,0.001758
841,16.8200,-2.465979,0,squat_bounce,0.107839,0.000040,-0.003836,-0.013412,-0.004522
842,16.8400,-2.214736,0,squat_bounce,0.107532,0.000007,-0.002602,-0.016053,0.006373
843,16.8600,-1.963492,0,squat_bounce,0.107190,-0.000052,-0.001464,-0.017686,-0.005082
844,16.8800,-1.712248,0,squat_bounce,0.106826,-0.000147,-0.000270,-0.018141,-0.004913
845,16.9000,-1.461005,0,squat_bounce,0.106499,-0.000189,0.000616,-0.014997,0.003166
846,16.9200,-1.209761,0,squat_bounce,0.106220,-0.000190,0.000933,-0.013800,-0.009612
847,16.9400,-0.958518,0,squat_bounce,0.106012,-0.000307,0.000622,-0.008519,-0.003291
848,16.9600,-0.707274,0,squat_bounce,0.105891,-0.000498,-0.000061,-0.004825,-0.016783
849,16.9800,-0.456030,0,squat_bounce,0.105859,-0.000756,-0.000806,0.000275,-0.017007
850,17.0000,-0.204787,0,squat_bounce,0.105883,-0.001170,-0.001633,-0.000203,-0.027300
851,17.0200,0.046457,0,squat_bounce,0.105985,-0.001273,-0.002901,0.007265,0.005825
852,17.0400,0.297701,0,squat_bounce,0.106174,-0.001154,-0.004356,0.010652,0.000537
853,17.0600,0.548944,0,squat_bounce,0.106434,-0.001105,-0.005864,0.013727,0.003835
854,17.0800,0.800188,0,squat_bounce,0.106726,-0.000993,-0.007258,0.015024,0.007554
855,17.1000,1.051432,0,squat_bounce,0.107029,-0.000863,-0.008318,0.015527,0.008959
856,17.1200,1.302675,0,squat_bounce,0.107330,-0.000701,-0.009054,0.014896,0.007830
857,17.1400,1.553919,0,squat_bounce,0.107608,-0.000509,-0.009456,0.012294,0.006482
858,17.1600,1.805162,0,squat_bounce,0.107850,-0.000267,-0.009763,0.011845,0.012429
859,17.1800,2.056406,0,squat_bounce,0.108046,-0.000140,-0.009906,0.007993,0.000033
860,17.2000,2.307650,0,squat_bounce,0.108173,-0.000203,-0.009793,0.005107,-0.004884
861,17.2200,2.558893,0,squat_bounce,0.108235,-0.000246,-0.009330,0.002117,-0.001190
862,17.2400,2.810137,0,squat_bounce,0.108274,-0.000148,-0.008830,0.001662,0.007215
863,17.2600,3.061381,0,squat_bounce,0.108271,0.000045,-0.008055,-0.001232,0.010624
864,17.2800,-2.970561,0,squat_bounce,0.108202,0.000221,-0.006810,-0.004644,0.006821
865,17.3000,-2.719317,0,squat_bounce,0.108062,0.000266,-0.005439,-0.008297,-0.000579
866,17.3200,-2.468074,0,squat_bounce,0.107840,0.000198,-0.004184,-0.012982,-0.008419
867,17.3400,-2.216830,0,squat_bounce,0.107535,0.000053,-0.002745,-0.016257,-0.006100
868,17.3600,-1.965586,0,squat_bounce,0.107185,-0.000030,-0.001407,-0.017914,-0.003843
869,17.3800,-1.714343,0,squat_bounce,0.106829,-0.000086,-0.000385,-0.018150,-0.005288
870,17.4000,-1.463099,0,squat_bounce,0.106482,-0.000276,0.000369,-0.016052,-0.009351
871,17.4200,-1.211856,0,squat_bounce,0.106212,-0.000290,0.000456,-0.012054,0.003177
872,17.4400,-0.960612,0,squat_bounce,0.106005,-0.000360,0.000073,-0.009512,-0.011054
873,17.4600,-0.709368,0,squat_bounce,0.105889,-0.000472,-0.000565,-0.004015,0.003076
874,17.4800,-0.458125,0,squat_bounce,0.105859,-0.000752,-0.001154,0.000432,-0.016499
875,17.5000,-0.206881,0,squat_bounce,0.105906,-0.001073,-0.001838,0.002907,-0.018796
876,17.5200,0.044363,0,squat_bounce,0.106011,-0.001160,-0.003026,0.006001,-0.001484
877,17.5400,0.295606,0,squat_bounce,0.106176,-0.001039,-0.004348,0.009744,-0.003497
878,17.5600,0.546850,0,squat_bounce,0.106432,-0.001039,-0.005922,0.013656,0.007774
879,17.5800,0.798094,0,squat_bounce,0.106720,-0.001143,-0.007348,0.015223,-0.004396
880,17.6000,1.049337,0,squat_bounce,0.107034,-0.001110,-0.008427,0.015122,0.003586
881,17.6200,1.300581,0,squat_bounce,0.107317,-0.001093,-0.009088,0.014852,0.010159
882,17.6400,1.551824,0,squat_bounce,0.107605,-0.000726,-0.009469,0.013839,0.021598
883,17.6600,1.803068,0,squat_bounce,0.107831,-0.000555,-0.009835,0.010706,0.003592
884,17.6800,2.054312,0,squat_bounce,0.108044,-0.000308,-0.010074,0.010094,0.014720
885,17.7000,2.305555,0,squat_bounce,0.108199,-0.000076,-0.009893,0.005803,0.006864
886,17.7200,2.556799,0,squat_bounce,0.108260,-0.000078,-0.009434,0.002139,0.000039
887,17.7400,2.808043,0,squat_bounce,0.108283,-0.000138,-0.008878,0.000990,0.000420
888,17.7600,3.059286,0,squat_bounce,0.108274,-0.000045,-0.008045,-0.001388,0.006665
889,17.7800,-2.972655,0,squat_bounce,0.108203,0.000098,-0.006837,-0.004687,0.006682
890,17.8000,-2.721412,0,squat_bounce,0.108065,0.000197,-0.005606,-0.008681,-0.001361
891,17.8200,-2.470168,0,squat_bounce,0.107828,0.000125,-0.004127,-0.013283,-0.002952
892,17.8400,-2.218924,0,squat_bounce,0.107524,0.000103,-0.002591,-0.016038,-0.000616
893,17.8600,-1.967681,0,squat_bounce,0.107202,0.000180,-0.001329,-0.017025,0.000897
894,17.8800,-1.716437,0,squat_bounce,0.106835,0.000050,-0.000378,-0.018556,-0.009491
895,17.9000,-1.465194,0,squat_bounce,0.106477,-0.000185,0.000306,-0.015996,-0.006559
896,17.9200,-1.213950,0,squat_bounce,0.106206,-0.000164,0.000460,-0.012209,0.004294
897,17.9400,-0.962706,0,squat_bounce,0.105995,-0.000244,0.000188,-0.009412,-0.009530
898,17.9600,-0.711463,0,squat_bounce,0.105876,-0.000359,-0.000414,-0.004298,-0.008677
899,17.9800,-0.460219,0,squat_bounce,0.105850,-0.000697,-0.000997,0.000642,-0.015763
900,18.0000,-0.208975,0,squat_bounce,0.105882,-0.001077,-0.001771,0.001241,-0.026200
901,18.0200,0.042268,0,squat_bounce,0.105993,-0.001278,-0.003023,0.007463,0.003267
902,18.0400,0.293512,0,squat_bounce,0.106176,-0.001123,-0.004529,0.009133,0.002678
903,18.0600,0.544756,0,squat_bounce,0.106423,-0.001093,-0.006016,0.014109,0.001024
904,18.0800,0.795999,0,squat_bounce,0.106714,-0.001199,-0.007232,0.015130,-0.002492
905,18.1000,1.047243,0,squat_bounce,0.107024,-0.001128,-0.008235,0.014885,0.004459
906,18.1200,1.298486,0,squat_bounce,0.107324,-0.000984,-0.008906,0.014200,0.006270
907,18.1400,1.549730,0,squat_bounce,0.107605,-0.000786,-0.009270,0.013534,0.013586
908,18.1600,1.800974,0,squat_bounce,0.107843,-0.000500,-0.009517,0.010720,0.011614
909,18.1800,2.052217,0,squat_bounce,0.108012,-0.000540,-0.009538,0.008412,0.000664
910,18.2000,2.303461,0,squat_bounce,0.108177,-0.000339,-0.009419,0.007306,0.011924
911,18.2200,2.554705,0,squat_bounce,0.108274,-0.000057,-0.009146,0.003304,0.014509
912,18.2400,2.805948,0,squat_bounce,0.108304,0.000219,-0.008783,0.000807,0.011290
913,18.2600,3.057192,0,squat_bounce,0.108263,0.000118,-0.008060,-0.003355,-0.009035
914,18.2800,-2.974750,0,squat_bounce,0.108169,0.000039,-0.006824,-0.004906,0.000686
915,18.3000,-2.723506,0,squat_bounce,0.108038,0.000142,-0.005568,-0.007486,0.004779
916,18.3200,-2.472262,0,squat_bounce,0.107814,0.000134,-0.004157,-0.012872,-0.000924
917,18.3400,-2.221019,0,squat_bounce,0.107515,0.000134,-0.002631,-0.015865,0.000089
918,18.3600,-1.969775,0,squat_bounce,0.107185,0.000173,-0.001354,-0.016083,0.004172
919,18.3800,-1.718532,0,squat_bounce,0.106829,0.000090,-0.000398,-0.018161,-0.007868
920,18.4000,-1.467288,0,squat_bounce,0.106467,-0.000224,0.000318,-0.016451,-0.014400
921,18.4200,-1.216044,0,squat_bounce,0.106201,-0.000273,0.000372,-0.011787,0.003085
922,18.4400,-0.964801,0,squat_bounce,0.106008,-0.000220,-0.000163,-0.008787,-0.003076
923,18.4600,-0.713557,0,squat_bounce,0.105875,-0.000487,-0.000725,-0.004453,-0.006735
924,18.4800,-0.462313,0,squat_bounce,0.105855,-0.000689,-0.001251,0.000407,-0.008586
925,18.5000,-0.211070,0,squat_bounce,0.105873,-0.001102,-0.002054,0.001611,-0.022839
926,18.5200,0.040174,0,squat_bounce,0.105997,-0.001257,-0.003320,0.008502,0.003056
927,18.5400,0.291417,0,squat_bounce,0.106171,-0.001174,-0.004705,0.008743,-0.001071
928,18.5600,0.542661,0,squat_bounce,0.106423,-0.001142,-0.006177,0.014324,0.004121
929,18.5800,0.793905,0,squat_bounce,0.106717,-0.001093,-0.007455,0.014746,0.001123
930,18.6000,1.045148,0,squat_bounce,0.107028,-0.000969,-0.008411,0.015645,0.009257
931,18.6200,1.296392,0,squat_bounce,0.107318,-0.000871,-0.008968,0.014690,0.004949
932,18.6400,1.547636,0,squat_bounce,0.107602,-0.000659,-0.009360,0.013531,0.014808
933,18.6600,1.798879,0,squat_bounce,0.107839,-0.000379,-0.009676,0.010640,0.010333
934,18.6800,2.050123,0,squat_bounce,0.108013,-0.000422,-0.009785,0.009148,0.004223
935,18.7000,2.301367,0,squat_bounce,0.108178,-0.000222,-0.009690,0.007087,0.010066
936,18.7200,2.552610,0,squat_bounce,0.108266,-0.000027,-0.009284,0.002381,0.005423
937,18.7400,2.803854,0,squat_bounce,0.108274,-0.000094,-0.008791,-0.000321,-0.007951
938,18.7600,3.055097,0,squat_bounce,0.108258,-0.000139,-0.007919,-0.001470,0.000863
939,18.7800,-2.976844,0,squat_bounce,0.108188,-0.000072,-0.006599,-0.004656,0.004071
940,18.8000,-2.725601,0,squat_bounce,0.108037,0.000009,-0.005319,-0.009044,0.002738
941,18.8200,-2.474357,0,squat_bounce,0.107807,0.000036,-0.003869,-0.012774,0.002054
942,18.8400,-2.223113,0,squat_bounce,0.107524,0.000139,-0.002348,-0.014208,0.007241
943,18.8600,-1.971870,0,squat_bounce,0.107190,0.000146,-0.001127,-0.017588,-0.003107
944,18.8800,-1.720626,0,squat_bounce,0.106827,0.000040,-0.000229,-0.018169,-0.006507
945,18.9000,-1.469382,0,squat_bounce,0.106468,-0.000229,0.000432,-0.016231,-0.012212
946,18.9200,-1.218139,0,squat_bounce,0.106205,-0.000246,0.000433,-0.011672,0.004395
947,18.9400,-0.966895,0,squat_bounce,0.106006,-0.000253,-0.000086,-0.009444,-0.010266
948,18.9600,-0.715651,0,squat_bounce,0.105890,-0.000360,-0.000786,-0.003994,0.003014
949,18.9800,-0.464408,0,squat_bounce,0.105859,-0.000652,-0.001387,0.000375,-0.017003
950,19.0000,-0.213164,0,squat_bounce,0.105915,-0.000925,-0.002050,0.003518,-0.014392
951,19.0200,0.038079,0,squat_bounce,0.106015,-0.001036,-0.003174,0.005975,-0.002343
952,19.0400,0.289323,0,squat_bounce,0.106180,-0.001066,-0.004466,0.010052,0.000082
953,19.0600,0.540567,0,squat_bounce,0.106426,-0.001120,-0.005796,0.012703,-0.005367
954,19.0800,0.791810,0,squat_bounce,0.106712,-0.001083,-0.007101,0.014219,0.002941
955,19.1000,1.043054,0,squat_bounce,0.107010,-0.000964,-0.008114,0.014929,0.006380
956,19.1200,1.294298,0,squat_bounce,0.107316,-0.000763,-0.008858,0.015201,0.011851
957,19.1400,1.545541,0,squat_bounce,0.107596,-0.000567,-0.009256,0.013494,0.011849
958,19.1600,1.796785,0,squat_bounce,0.107832,-0.000354,-0.009471,0.010294,0.005420
959,19.1800,2.048029,0,squat_bounce,0.108006,-0.000357,-0.009648,0.006284,-0.011671
960,19.2000,2.299272,0,squat_bounce,0.108159,-0.000214,-0.009658,0.007399,0.011449
961,19.2200,2.550516,0,squat_bounce,0.108263,0.000053,-0.009393,0.003732,0.013503
962,19.2400,2.801759,0,squat_bounce,0.108298,0.000288,-0.009029,0.000812,0.010263
963,19.2600,3.053003,0,squat_bounce,0.108284,0.000470,-0.008519,-0.001603,0.004063
964,19.2800,-2.978939,0,squat_bounce,0.108190,0.000376,-0.007336,-0.005495,-0.004196
965,19.3000,-2.727695,0,squat_bounce,0.108048,0.000346,-0.005825,-0.008142,-0.000540
966,19.3200,-2.476451,0,squat_bounce,0.107824,0.000340,-0.004442,-0.012713,0.004837
967,19.3400,-2.225208,0,squat_bounce,0.107529,0.000264,-0.003064,-0.015824,-0.005528
968,19.3600,-1.973964,0,squat_bounce,0.107184,0.000170,-0.001589,-0.017720,-0.004704
969,19.3800,-1.722720,0,squat_bounce,0.106829,0.000100,-0.000407,-0.017533,-0.004302
970,19.4000,-1.471477,0,squat_bounce,0.106494,-0.000020,0.000426,-0.015398,-0.003349
971,19.4200,-1.220233,0,squat_bounce,0.106213,-0.000122,0.000742,-0.012768,-0.004188
972,19.4400,-0.968990,0,squat_bounce,0.105998,-0.000279,0.000507,-0.010098,-0.016458
973,19.4600,-0.717746,0,squat_bounce,0.105875,-0.000459,-0.000145,-0.004264,0.000633
974,19.4800,-0.466502,0,squat_bounce,0.105824,-0.000824,-0.000739,-0.002589,-0.034606
975,19.5000,-0.215259,0,squat_bounce,0.105876,-0.001083,-0.001404,0.004294,-0.000313
976,19.5200,0.035985,0,squat_bounce,0.105976,-0.000999,-0.002548,0.005458,0.017794
977,19.5400,0.287229,0,squat_bounce,0.106156,-0.000983,-0.004025,0.010516,-0.008969
978,19.5600,0.538472,0,squat_bounce,0.106421,-0.001031,-0.005846,0.014140,0.003631
979,19.5800,0.789716,0,squat_bounce,0.106698,-0.001100,-0.007298,0.014179,-0.003909
980,19.6000,1.040960,0,squat_bounce,0.107009,-0.001015,-0.008508,0.015832,0.009121
981,19.6200,1.292203,0,squat_bounce,0.107311,-0.000826,-0.009344,0.013800,0.004882
982,19.6400,1.543447,0,squat_bounce,0.107591,-0.000620,-0.009764,0.013642,0.014751
983,19.6600,1.794691,0,squat_bounce,0.107847,-0.000280,-0.010149,0.012256,0.015556
984,19.6800,2.045934,0,squat_bounce,0.108041,-0.000183,-0.010270,0.007976,-0.001814
985,19.7000,2.297178,0,squat_bounce,0.108172,-0.000218,-0.010060,0.005329,-0.002449
986,19.7200,2.548421,0,squat_bounce,0.108238,-0.000213,-0.009525,0.002298,0.001189
987,19.7400,2.799665,0,squat_bounce,0.108280,-0.000078,-0.008977,0.001825,0.008731
988,19.7600,3.050909,0,squat_bounce,0.108280,0.000135,-0.008191,-0.001104,0.011189
989,19.7800,-2.981033,0,squat_bounce,0.108214,0.000305,-0.006922,-0.004536,0.006163
990,19.8000,-2.729789,0,squat_bounce,0.108075,0.000334,-0.005514,-0.008204,-0.001497
991,19.8200,-2.478546,0,squat_bounce,0.107854,0.000266,-0.004294,-0.012754,-0.008427
992,19.8400,-2.227302,0,squat_bounce,0.107552,0.000097,-0.002891,-0.016196,-0.007209
993,19.8600,-1.976058,0,squat_bounce,0.107202,0.000003,-0.001467,-0.017968,-0.004242
994,19.8800,-1.724815,0,squat_bounce,0.106860,0.000045,-0.000344,-0.017514,0.000642
995,19.9000,-1.473571,0,squat_bounce,0.106492,-0.000183,0.000443,-0.018342,-0.021674
996,19.9200,-1.222328,0,squat_bounce,0.106207,-0.000312,0.000638,-0.012305,0.001335
997,19.9400,-0.971084,0,squat_bounce,0.106008,-0.000269,0.000175,-0.009020,-0.003544
998,19.9600,-0.719840,0,squat_bounce,0.105882,-0.000427,-0.000440,-0.004326,-0.000007
999,19.9800,-0.468597,0,squat_bounce,0.105837,-0.000787,-0.001006,-0.000406,-0.022794
1000,20.0000,-0.217353,0,squat_bounce,0.105903,-0.001022,-0.001765,0.004966,-0.004996
1001,20.0200,0.033891,0,squat_bounce,0.105989,-0.001062,-0.002906,0.004334,0.009312
1002,20.0400,0.285134,0,squat_bounce,0.106184,-0.001009,-0.004433,0.011645,0.003144
1003,20.0600,0.536378,0,squat_bounce,0.106429,-0.001116,-0.006006,0.012875,-0.005226
1004,20.0800,0.787622,0,squat_bounce,0.106721,-0.001041,-0.007427,0.015097,0.008814
1005,20.1000,1.038865,0,squat_bounce,0.107015,-0.000900,-0.008427,0.014625,0.004699
1006,20.1200,1.290109,0,squat_bounce,0.107320,-0.000742,-0.009126,0.015214,0.010004
1007,20.1400,1.541352,0,squat_bounce,0.107597,-0.000539,-0.009534,0.012876,0.009656
1008,20.1600,1.792596,0,squat_bounce,0.107842,-0.000270,-0.009789,0.011892,0.016605
1009,20.1800,2.043840,0,squat_bounce,0.108035,-0.000198,-0.009916,0.008026,-0.003244
1010,20.2000,2.295083,0,squat_bounce,0.108167,-0.000245,-0.009757,0.005440,-0.002985
1011,20.2200,2.546327,0,squat_bounce,0.108235,-0.000242,-0.009262,0.002349,0.001358
1012,20.2400,2.797571,0,squat_bounce,0.108275,-0.000095,-0.008798,0.001890,0.009202
1013,20.2600,3.048814,0,squat_bounce,0.108278,0.000105,-0.008088,-0.000990,0.010215
1014,20.2800,-2.983127,0,squat_bounce,0.108213,0.000259,-0.006844,-0.004464,0.005640
1015,20.3000,-2.731884,0,squat_bounce,0.108076,0.000285,-0.005457,-0.008133,-0.001520
1016,20.3200,-2.480640,0,squat_bounce,0.107850,0.000218,-0.004271,-0.012649,-0.007024
1017,20.3400,-2.229396,0,squat_bounce,0.107553,0.000089,-0.002920,-0.015929,-0.005229
1018,20.3600,-1.978153,0,squat_bounce,0.107220,0.000069,-0.001542,-0.016293,0.002462
1019,20.3800,-1.726909,0,squat_bounce,0.106867,0.000043,-0.000455,-0.018382,-0.006824
1020,20.4000,-1.475666,0,squat_bounce,0.106501,-0.000206,0.000295,-0.017124,-0.011992
1021,20.4200,-1.224422,0,squat_bounce,0.106222,-0.000218,0.000515,-0.012381,0.004531
1022,20.4400,-0.973178,0,squat_bounce,0.106013,-0.000236,0.000230,-0.008643,-0.000048
1023,20.4600,-0.721935,0,squat_bounce,0.105888,-0.000416,-0.000327,-0.004796,-0.014022
1024,20.4800,-0.470691,0,squat_bounce,0.105854,-0.000616,-0.001020,-0.000128,-0.012511
1025,20.5000,-0.219447,0,squat_bounce,0.105901,-0.000946,-0.001838,0.003693,-0.016902
1026,20.5200,0.031796,0,squat_bounce,0.106008,-0.001123,-0.003081,0.006045,-0.003738
1027,20.5400,0.283040,0,squat_bounce,0.106167,-0.001064,-0.004448,0.010552,0.004311
1028,20.5600,0.534284,0,squat_bounce,0.106415,-0.001127,-0.005930,0.013134,-0.003953
1029,20.5800,0.785527,0,squat_bounce,0.106685,-0.001182,-0.007507,0.012198,-0.011371
1030,20.6000,1.036771,0,squat_bounce,0.106976,-0.001154,-0.008718,0.015666,0.011660
1031,20.6200,1.288014,0,squat_bounce,0.107260,-0.001080,-0.009472,0.012320,-0.005994
1032,20.6400,1.539258,0,squat_bounce,0.107556,-0.000884,-0.010048,0.015464,0.012371
1033,20.6600,1.790502,0,squat_bounce,0.107834,-0.000614,-0.010152,0.012150,0.009980
1034,20.6800,2.041745,0,squat_bounce,0.108031,-0.000502,-0.009972,0.008935,0.004335
1035,20.7000,2.292989,0,squat_bounce,0.108169,-0.000428,-0.009598,0.005664,0.004542
1036,20.7200,2.544233,0,squat_bounce,0.108245,-0.000268,-0.009108,0.002961,0.008230
1037,20.7400,2.795476,0,squat_bounce,0.108294,0.000010,-0.008569,0.001736,0.016276
1038,20.7600,3.046720,0,squat_bounce,0.108290,0.000315,-0.007799,-0.001259,0.013545
1039,20.7800,-2.985222,0,squat_bounce,0.108221,0.000494,-0.006627,-0.004648,0.005842
1040,20.8000,-2.733978,0,squat_bounce,0.108081,0.000510,-0.005320,-0.008288,-0.002291
1041,20.8200,-2.482735,0,squat_bounce,0.107850,0.000421,-0.004170,-0.012782,-0.005233
1042,20.8400,-2.231491,0,squat_bounce,0.107552,0.000274,-0.002888,-0.015912,-0.006824
1043,20.8600,-1.980247,0,squat_bounce,0.107228,0.000262,-0.001508,-0.016097,0.002420
1044,20.8800,-1.729004,0,squat_bounce,0.106866,0.000138,-0.000406,-0.018512,-0.010555
1045,20.9000,-1.477760,0,squat_bounce,0.106493,-0.000202,0.000385,-0.018313,-0.024380
1046,20.9200,-1.226516,0,squat_bounce,0.106213,-0.000331,0.000567,-0.012118,0.002075
1047,20.9400,-0.975273,0,squat_bounce,0.106017,-0.000265,0.000058,-0.008907,-0.002000
1048,20.9600,-0.724029,0,squat_bounce,0.105893,-0.000434,-0.000565,-0.003970,-0.006819
1049,20.9800,-0.472785,0,squat_bounce,0.105857,-0.000618,-0.001246,-0.000389,-0.014299
1050,21.0000,-0.221542,0,squat_bounce,0.105914,-0.000852,-0.002021,0.003932,-0.010208
1051,21.0200,0.029702,0,squat_bounce,0.106007,-0.000982,-0.003145,0.005374,-0.006071
1052,21.0400,0.280945,0,squat_bounce,0.106180,-0.001018,-0.004464,0.010154,-0.003481
1053,21.0600,0.532189,0,squat_bounce,0.106428,-0.001085,-0.005876,0.013662,0.003091
1054,21.0800,0.783433,0,squat_bounce,0.106709,-0.001037,-0.007159,0.014258,0.001744
1055,21.1000,1.034676,0,squat_bounce,0.107015,-0.000886,-0.008211,0.015553,0.010933
1056,21.1200,1.285920,0,squat_bounce,0.107316,-0.000708,-0.008935,0.015050,0.009945
1057,21.1400,1.537164,0,squat_bounce,0.107594,-0.000527,-0.009293,0.013243,0.010432
1058,21.1600,1.788407,0,squat_bounce,0.107838,-0.000254,-0.009490,0.011498,0.014818
1059,21.1800,2.039651,0,squat_bounce,0.108024,-0.000204,-0.009711,0.008036,-0.003034
1060,21.2000,2.290895,0,squat_bounce,0.108154,-0.000215,-0.009688,0.005685,0.000578
1061,21.2200,2.542138,0,squat_bounce,0.108228,-0.000197,-0.009249,0.002569,0.001504
1062,21.2400,2.793382,0,squat_bounce,0.108269,-0.000050,-0.008768,0.001830,0.012448
1063,21.2600,3.044626,0,squat_bounce,0.108272,0.000228,-0.008250,-0.000837,0.012854
1064,21.2800,-2.987316,0,squat_bounce,0.108215,0.000426,-0.007337,-0.003801,0.011430
1065,21.3000,-2.736073,0,squat_bounce,0.108090,0.000417,-0.006082,-0.007707,-0.004386
1066,21.3200,-2.484829,0,squat_bounce,0.107874,0.000257,-0.004511,-0.012826,-0.010458
1067,21.3400,-2.233585,0,squat_bounce,0.107576,0.000079,-0.003030,-0.015208,-0.005926
1068,21.3600,-1.982342,0,squat_bounce,0.107231,-0.000070,-0.001801,-0.017978,-0.008253
1069,21.3800,-1.731098,0,squat_bounce,0.106861,-0.000220,-0.000851,-0.018485,-0.007489
1070,21.4000,-1.479854,0,squat_bounce,0.106518,-0.000322,-0.000127,-0.015640,-0.000239
1071,21.4200,-1.228611,0,squat_bounce,0.106235,-0.000299,0.000145,-0.013158,-0.000942
1072,21.4400,-0.977367,0,squat_bounce,0.106022,-0.000327,-0.000115,-0.009605,-0.006204
1073,21.4600,-0.726123,0,squat_bounce,0.105896,-0.000436,-0.000666,-0.004268,-0.007497
1074,21.4800,-0.474880,0,squat_bounce,0.105863,-0.000722,-0.001180,-0.000046,-0.010989
1075,21.5000,-0.223636,0,squat_bounce,0.105887,-0.001116,-0.001862,0.003193,-0.016668
1076,21.5200,0.027607,0,squat_bounce,0.106012,-0.001212,-0.003102,0.006623,0.000855
1077,21.5400,0.278851,0,squat_bounce,0.106176,-0.001162,-0.004516,0.009677,0.006617
1078,21.5600,0.530095,0,squat_bounce,0.106406,-0.001194,-0.005868,0.012773,-0.007402
1079,21.5800,0.781338,0,squat_bounce,0.106698,-0.001237,-0.007094,0.014552,-0.001041
1080,21.6000,1.032582,0,squat_bounce,0.106999,-0.001234,-0.008045,0.015566,0.005115
1081,21.6200,1.283826,0,squat_bounce,0.107307,-0.001039,-0.008821,0.014606,0.010094
1082,21.6400,1.535069,0,squat_bounce,0.107577,-0.000913,-0.009257,0.013690,0.013309
1083,21.6600,1.786313,0,squat_bounce,0.107832,-0.000536,-0.009520,0.011980,0.020901
1084,21.6800,2.037557,0,squat_bounce,0.108030,-0.000285,-0.009753,0.008276,0.003772
1085,21.7000,2.288800,0,squat_bounce,0.108157,-0.000342,-0.009784,0.006838,0.002172
1086,21.7200,2.540044,0,squat_bounce,0.108260,-0.000188,-0.009467,0.003836,0.010395
1087,21.7400,2.791287,0,squat_bounce,0.108299,0.000049,-0.009085,0.001049,0.011925
1088,21.7600,3.042531,0,squat_bounce,0.108288,0.000293,-0.008595,-0.001327,0.009387
1089,21.7800,-2.989411,0,squat_bounce,0.108201,0.000241,-0.007450,-0.005225,-0.003267
1090,21.8000,-2.738167,0,squat_bounce,0.108064,0.000221,-0.005916,-0.007869,-0.000295
1091,21.8200,-2.486923,0,squat_bounce,0.107849,0.000190,-0.004422,-0.012716,-0.003613
1092,21.8400,-2.235680,0,squat_bounce,0.107556,0.000174,-0.003209,-0.015537,-0.004416
1093,21.8600,-1.984436,0,squat_bounce,0.107214,0.000072,-0.001904,-0.017778,-0.005060
1094,21.8800,-1.733192,0,squat_bounce,0.106847,-0.000011,-0.000634,-0.018281,-0.004673
1095,21.9000,-1.481949,0,squat_bounce,0.106517,-0.000049,0.000317,-0.015444,0.000035
1096,21.9200,-1.230705,0,squat_bounce,0.106234,-0.000068,0.000690,-0.013199,-0.003727
1097,21.9400,-0.979461,0,squat_bounce,0.106017,-0.000185,0.000486,-0.009441,-0.008220
1098,21.9600,-0.728218,0,squat_bounce,0.105886,-0.000424,-0.000078,-0.004455,-0.012065
1099,21.9800,-0.476974,0,squat_bounce,0.105828,-0.000741,-0.000734,-0.001864,-0.024396
1100,22.0000,-0.225731,0,squat_bounce,0.105851,-0.001198,-0.001435,0.003679,-0.015391
1101,22.0200,0.025513,0,squat_bounce,0.105978,-0.001212,-0.002754,0.006800,0.004560
1102,22.0400,0.276757,0,squat_bounce,0.106142,-0.001040,-0.004279,0.011184,0.003562
1103,22.0600,0.528000,0,squat_bounce,0.106410,-0.000977,-0.006019,0.013558,0.000826
1104,22.0800,0.779244,0,squat_bounce,0.106696,-0.001042,-0.007558,0.015111,0.001187
1105,22.1000,1.030488,0,squat_bounce,0.107010,-0.000911,-0.008876,0.015184,0.007415
1106,22.1200,1.281731,0,squat_bounce,0.107314,-0.000766,-0.009704,0.014847,0.006719
1107,22.1400,1.532975,0,squat_bounce,0.107599,-0.000499,-0.010169,0.013722,0.016273
1108,22.1600,1.784219,0,squat_bounce,0.107848,-0.000251,-0.010473,0.011482,0.006100
1109,22.1800,2.035462,0,squat_bounce,0.108056,-0.000097,-0.010571,0.009634,0.007538
1110,22.2000,2.286706,0,squat_bounce,0.108185,-0.000204,-0.010239,0.004957,-0.008789
1111,22.2200,2.537949,0,squat_bounce,0.108254,-0.000306,-0.009674,0.002378,-0.005275
1112,22.2400,2.789193,0,squat_bounce,0.108288,-0.000279,-0.009033,0.001397,0.006550
1113,22.2600,3.040437,0,squat_bounce,0.108282,-0.000077,-0.008264,-0.001260,0.011046
1114,22.2800,-2.991505,0,squat_bounce,0.108219,0.000145,-0.007193,-0.004085,0.008254
1115,22.3000,-2.740261,0,squat_bounce,0.108077,0.000158,-0.005769,-0.009199,-0.003148
1116,22.3200,-2.489018,0,squat_bounce,0.107852,0.000135,-0.004128,-0.011704,0.000728
1117,22.3400,-2.237774,0,squat_bounce,0.107565,0.000091,-0.002685,-0.015866,-0.004817
1118,22.3600,-1.986530,0,squat_bounce,0.107217,-0.000015,-0.001533,-0.017997,-0.005766
1119,22.3800,-1.735287,0,squat_bounce,0.106848,-0.000123,-0.000632,-0.018416,-0.005752
1120,22.4000,-1.484043,0,squat_bounce,0.106494,-0.000286,0.000068,-0.017122,-0.013658
1121,22.4200,-1.232800,0,squat_bounce,0.106209,-0.000413,0.000278,-0.012237,0.001097
1122,22.4400,-0.981556,0,squat_bounce,0.106017,-0.000331,-0.000294,-0.008098,0.004760
1123,22.4600,-0.730312,0,squat_bounce,0.105892,-0.000446,-0.000947,-0.004463,-0.000913
1124,22.4800,-0.479069,0,squat_bounce,0.105854,-0.000728,-0.001444,-0.000555,-0.016847
1125,22.5000,-0.227825,0,squat_bounce,0.105904,-0.000903,-0.002155,0.004268,-0.005056
1126,22.5200,0.023419,0,squat_bounce,0.106026,-0.001066,-0.003408,0.007608,-0.005303
1127,22.5400,0.274662,0,squat_bounce,0.106210,-0.001173,-0.004827,0.010316,-0.002064
1128,22.5600,0.525906,0,squat_bounce,0.106443,-0.001050,-0.006146,0.012298,0.008274
1129,22.5800,0.777150,0,squat_bounce,0.106720,-0.000900,-0.007311,0.014622,0.008643
1130,22.6000,1.028393,0,squat_bounce,0.107019,-0.000740,-0.008251,0.015186,0.008332
1131,22.6200,1.279637,0,squat_bounce,0.107318,-0.000581,-0.008916,0.014566,0.006493
1132,22.6400,1.530881,0,squat_bounce,0.107593,-0.000425,-0.009283,0.012271,0.004461
1133,22.6600,1.782124,0,squat_bounce,0.107835,-0.000222,-0.009574,0.011879,0.014340
1134,22.6800,2.033368,0,squat_bounce,0.108036,-0.000119,-0.009777,0.008305,-0.001877
1135,22.7000,2.284611,0,squat_bounce,0.108169,-0.000200,-0.009700,0.005431,-0.005557
1136,22.7200,2.535855,0,squat_bounce,0.108236,-0.000243,-0.009233,0.002305,-0.000559
1137,22.7400,2.787099,0,squat_bounce,0.108271,-0.000173,-0.008698,0.001620,0.005984
1138,22.7600,3.038342,0,squat_bounce,0.108272,0.000017,-0.007945,-0.000910,0.010813
1139,22.7800,-2.993599,0,squat_bounce,0.108211,0.000208,-0.006753,-0.004280,0.007465
1140,22.8000,-2.742356,0,squat_bounce,0.108078,0.000267,-0.005432,-0.007934,-0.000205
1141,22.8200,-2.491112,0,squat_bounce,0.107862,0.000222,-0.004286,-0.012484,-0.007405
1142,22.8400,-2.239868,0,squat_bounce,0.107565,0.000075,-0.002943,-0.015955,-0.006370
1143,22.8600,-1.988625,0,squat_bounce,0.107224,0.000014,-0.001566,-0.016789,-0.000317
1144,22.8800,-1.737381,0,squat_bounce,0.106880,0.000034,-0.000478,-0.018049,-0.003522
1145,22.9000,-1.486138,0,squat_bounce,0.106514,-0.000185,0.000268,-0.017198,-0.011704
1146,22.9200,-1.234894,0,squat_bounce,0.106233,-0.000207,0.000496,-0.012555,0.003948
1147,22.9400,-0.983650,0,squat_bounce,0.106013,-0.000296,0.000281,-0.009641,-0.009370
1148,22.9600,-0.732407,0,squat_bounce,0.105890,-0.000387,-0.000361,-0.004406,0.003954
1149,22.9800,-0.481163,0,squat_bounce,0.105854,-0.000674,-0.000972,0.000117,-0.017729
1150,23.0000,-0.229919,0,squat_bounce,0.105898,-0.000990,-0.001625,0.002415,-0.013236
1151,23.0200,0.021324,0,squat_bounce,0.105990,-0.001096,-0.002749,0.005827,-0.002458
1152,23.0400,0.272568,0,squat_bounce,0.106145,-0.000979,-0.004057,0.010269,0.003390
1153,23.0600,0.523812,0,squat_bounce,0.106393,-0.001056,-0.005536,0.013217,-0.004599
1154,23.0800,0.775055,0,squat_bounce,0.106685,-0.001002,-0.007130,0.014427,0.004759
1155,23.1000,1.026299,0,squat_bounce,0.106956,-0.001136,-0.008312,0.015030,0.003301
1156,23.1200,1.277542,0,squat_bounce,0.107273,-0.000844,-0.009259,0.015628,0.019586
1157,23.1400,1.528786,0,squat_bounce,0.107572,-0.000415,-0.010059,0.014493,0.019648
1158,23.1600,1.780030,0,squat_bounce,0.107801,-0.000410,-0.010436,0.011456,0.001530
1159,23.1800,2.031273,0,squat_bounce,0.108020,-0.000330,-0.010353,0.010185,0.006950
1160,23.2000,2.282517,0,squat_bounce,0.108186,-0.000177,-0.010108,0.006382,0.001774
1161,23.2200,2.533761,0,squat_bounce,0.108254,-0.000260,-0.009563,0.002023,-0.005436
1162,23.2400,2.785004,0,squat_bounce,0.108271,-0.000328,-0.008907,0.000084,-0.003599
1163,23.2600,3.036248,0,squat_bounce,0.108264,-0.000228,-0.008001,-0.001000,0.008419
1164,23.2800,-2.995694,0,squat_bounce,0.108203,-0.000024,-0.006729,-0.004224,0.009639
1165,23.3000,-2.744450,0,squat_bounce,0.108071,0.000090,-0.005366,-0.007912,0.002652
1166,23.3200,-2.493206,0,squat_bounce,0.107850,0.000070,-0.004146,-0.012577,-0.005005
1167,23.3400,-2.241963,0,squat_bounce,0.107555,0.000002,-0.002696,-0.015792,-0.002616
1168,23.3600,-1.990719,0,squat_bounce,0.107213,-0.000022,-0.001339,-0.017595,-0.001568
1169,23.3800,-1.739476,0,squat_bounce,0.106869,0.000013,-0.000299,-0.017809,-0.001981
1170,23.4000,-1.488232,0,squat_bounce,0.106515,-0.000145,0.000416,-0.015980,-0.004350
1171,23.4200,-1.236988,0,squat_bounce,0.106241,-0.000101,0.000588,-0.012474,0.004742
1172,23.4400,-0.985745,0,squat_bounce,0.106017,-0.000251,0.000363,-0.009313,-0.007956
1173,23.4600,-0.734501,0,squat_bounce,0.105898,-0.000376,-0.000305,-0.004021,-0.004715
1174,23.4800,-0.483257,0,squat_bounce,0.105860,-0.000592,-0.001025,-0.000236,-0.013472
1175,23.5000,-0.232014,0,squat_bounce,0.105881,-0.001004,-0.001775,0.000658,-0.028882
1176,23.5200,0.019230,0,squat_bounce,0.105991,-0.001126,-0.002982,0.007007,0.006346
1177,23.5400,0.270474,0,squat_bounce,0.106154,-0.001075,-0.004378,0.009644,0.004128
1178,23.5600,0.521717,0,squat_bounce,0.106395,-0.001075,-0.005835,0.013381,-0.003399
1179,23.5800,0.772961,0,squat_bounce,0.106685,-0.001168,-0.007128,0.015192,0.000620
1180,23.6000,1.024204,0,squat_bounce,0.106989,-0.001129,-0.008130,0.015472,0.005923
1181,23.6200,1.275448,0,squat_bounce,0.107289,-0.001013,-0.008799,0.015041,0.008333
1182,23.6400,1.526692,0,squat_bounce,0.107560,-0.000878,-0.009188,0.010876,-0.002233
1183,23.6600,1.777935,0,squat_bounce,0.107800,-0.000605,-0.009374,0.011956,0.019902
1184,23.6800,2.029179,0,squat_bounce,0.108021,-0.000184,-0.009677,0.010210,0.017355
1185,23.7000,2.280423,0,squat_bounce,0.108160,-0.000116,-0.009783,0.005342,-0.001678
1186,23.7200,2.531666,0,squat_bounce,0.108235,-0.000134,-0.009536,0.002578,-0.002414
1187,23.7400,2.782910,0,squat_bounce,0.108258,-0.000157,-0.009055,0.000971,0.003491
1188,23.7600,3.034154,0,squat_bounce,0.108259,0.000045,-0.008439,-0.000743,0.012335
1189,23.7800,-2.997788,0,squat_bounce,0.108208,0.000288,-0.007551,-0.003484,0.009089
1190,23.8000,-2.746544,0,squat_bounce,0.108087,0.000328,-0.006267,-0.007534,-0.000994
1191,23.8200,-2.495301,0,squat_bounce,0.107885,0.000240,-0.004695,-0.011449,-0.006963
1192,23.8400,-2.244057,0,squat_bounce,0.107587,0.000034,-0.003220,-0.016180,-0.011272
1193,23.8600,-1.992814,0,squat_bounce,0.107240,-0.000078,-0.002084,-0.017593,-0.004557
1194,23.8800,-1.741570,0,squat_bounce,0.106878,-0.000229,-0.000968,-0.018253,-0.008057
1195,23.9000,-1.490326,0,squat_bounce,0.106527,-0.000364,0.000143,-0.016088,-0.004221
1196,23.9200,-1.239083,0,squat_bounce,0.106247,-0.000318,0.000716,-0.013377,-0.000926
1197,23.9400,-0.987839,0,squat_bounce,0.106031,-0.000380,0.000637,-0.008841,-0.000844
1198,23.9600,-0.736595,0,squat_bounce,0.105906,-0.000479,0.000094,-0.004889,-0.009770
1199,23.9800,-0.485352,0,squat_bounce,0.105866,-0.000689,-0.000696,0.000063,-0.006947
1200,24.0000,-0.234108,0,squat_bounce,0.105911,-0.001006,-0.001600,0.003857,-0.015678
1201,24.0200,0.017136,0,squat_bounce,0.105990,-0.001127,-0.002700,0.005244,-0.001989
1202,24.0400,0.268379,0,squat_bounce,0.106184,-0.001142,-0.004251,0.011371,0.002798
1203,24.0600,0.519623,0,squat_bounce,0.106423,-0.001233,-0.005903,0.012626,-0.003669
1204,24.0800,0.770866,0,squat_bounce,0.106712,-0.001121,-0.007404,0.015008,0.010999
1205,24.1000,1.022110,0,squat_bounce,0.107006,-0.000947,-0.008467,0.014620,0.006343
1206,24.1200,1.273354,0,squat_bounce,0.107311,-0.000761,-0.009217,0.015267,0.011363
1207,24.1400,1.524597,0,squat_bounce,0.107594,-0.000514,-0.009670,0.012520,0.008550
1208,24.1600,1.775841,0,squat_bounce,0.107837,-0.000256,-0.009902,0.011965,0.016207
1209,24.1800,2.027085,0,squat_bounce,0.108035,-0.000162,-0.010059,0.008630,0.001627
1210,24.2000,2.278328,0,squat_bounce,0.108170,-0.000240,-0.009745,0.005644,-0.003616
1211,24.2200,2.529572,0,squat_bounce,0.108246,-0.000211,-0.009141,0.003073,0.006700
1212,24.2400,2.780816,0,squat_bounce,0.108294,-0.000079,-0.008551,0.002064,0.009232
1213,24.2600,3.032059,0,squat_bounce,0.108299,0.000151,-0.007777,-0.000842,0.011844
1214,24.2800,-2.999883,0,squat_bounce,0.108237,0.000329,-0.006604,-0.004324,0.006327
1215,24.3000,-2.748639,0,squat_bounce,0.108102,0.000363,-0.005275,-0.008052,-0.001479
1216,24.3200,-2.497395,0,squat_bounce,0.107877,0.000290,-0.004125,-0.012628,-0.007406
1217,24.3400,-2.246152,0,squat_bounce,0.107580,0.000157,-0.002794,-0.015957,-0.005593
1218,24.3600,-1.994908,0,squat_bounce,0.107245,0.000133,-0.001435,-0.016381,0.002010
1219,24.3800,-1.743664,0,squat_bounce,0.106890,0.000095,-0.000364,-0.018546,-0.007525
1220,24.4000,-1.492421,0,squat_bounce,0.106519,-0.000164,0.000384,-0.017386,-0.012662
1221,24.4200,-1.241177,0,squat_bounce,0.106235,-0.000187,0.000622,-0.012695,0.004038
1222,24.4400,-0.989933,0,squat_bounce,0.106012,-0.000273,0.000414,-0.009790,-0.009145
1223,24.4600,-0.738690,0,squat_bounce,0.105886,-0.000360,-0.000234,-0.004541,0.004259
1224,24.4800,-0.487446,0,squat_bounce,0.105848,-0.000647,-0.000847,0.000009,-0.017949
1225,24.5000,-0.236203,0,squat_bounce,0.105890,-0.000970,-0.001490,0.002344,-0.013531
1226,24.5200,0.015041,0,squat_bounce,0.105981,-0.001078,-0.002606,0.005781,-0.002426
1227,24.5400,0.266285,0,squat_bounce,0.106135,-0.000964,-0.003923,0.010242,0.003165
1228,24.5600,0.517528,0,squat_bounce,0.106383,-0.001045,-0.005407,0.013204,-0.004780
1229,24.5800,0.768772,0,squat_bounce,0.106675,-0.000995,-0.006997,0.014420,0.004646
1230,24.6000,1.020016,0,squat_bounce,0.106946,-0.001129,-0.008179,0.015042,0.003308
1231,24.6200,1.271259,0,squat_bounce,0.107266,-0.000837,-0.009129,0.015773,0.019594
1232,24.6400,1.522503,0,squat_bounce,0.107558,-0.000441,-0.009822,0.013029,0.013462
1233,24.6600,1.773747,0,squat_bounce,0.107821,-0.000154,-0.010379,0.012676,0.009332
1234,24.6800,2.024990,0,squat_bounce,0.108015,-0.000228,-0.010338,0.008254,-0.006804
1235,24.7000,2.276234,0,squat_bounce,0.108149,-0.000279,-0.009939,0.006056,-0.000405
1236,24.7200,2.527477,0,squat_bounce,0.108233,-0.000227,-0.009396,0.003565,0.007528
1237,24.7400,2.778721,0,squat_bounce,0.108282,0.000054,-0.008811,0.001692,0.015862
1238,24.7600,3.029965,0,squat_bounce,0.108280,0.000332,-0.008215,-0.001100,0.011768
1239,24.7800,-3.001977,0,squat_bounce,0.108220,0.000477,-0.007225,-0.004832,-0.001833
1240,24.8000,-2.750733,0,squat_bounce,0.108081,0.000416,-0.005755,-0.007832,-0.001860
1241,24.8200,-2.499490,0,squat_bounce,0.107868,0.000339,-0.004188,-0.012561,-0.006453
1242,24.8400,-2.248246,0,squat_bounce,0.107570,0.000206,-0.002803,-0.015903,-0.006807
1243,24.8600,-1.997002,0,squat_bounce,0.107226,0.000094,-0.001665,-0.017752,-0.005540
1244,24.8800,-1.745759,0,squat_bounce,0.106869,0.000023,-0.000767,-0.017703,-0.003748
1245,24.9000,-1.494515,0,squat_bounce,0.106521,-0.000177,-0.000024,-0.016346,-0.010586
1246,24.9200,-1.243271,0,squat_bounce,0.106242,-0.000216,0.000129,-0.012571,0.001891
1247,24.9400,-0.992028,0,squat_bounce,0.106025,-0.000278,-0.000182,-0.010378,-0.012807
1248,24.9600,-0.740784,0,squat_bounce,0.105896,-0.000409,-0.000703,-0.004075,-0.006993
1249,24.9800,-0.489541,0,squat_bounce,0.105854,-0.000780,-0.001189,-0.000209,-0.018582
1250,25.0000,-0.238297,0,squat_bounce,0.105891,-0.001069,-0.001840,0.001832,-0.017023
1251,25.0200,0.012947,0,squat_bounce,0.105984,-0.001245,-0.002985,0.006689,0.004069
1252,25.0400,0.264190,0,squat_bounce,0.106144,-0.001198,-0.004290,0.008403,-0.003351
1253,25.0600,0.515434,0,squat_bounce,0.106400,-0.001227,-0.005750,0.014200,0.003475
1254,25.0800,0.766678,0,squat_bounce,0.106681,-0.001177,-0.007047,0.014365,0.000106
1255,25.1000,1.017921,0,squat_bounce,0.106991,-0.001082,-0.008055,0.015692,0.008289
1256,25.1200,1.269165,0,squat_bounce,0.107289,-0.000955,-0.008725,0.014163,0.004614
1257,25.1400,1.520409,0,squat_bounce,0.107572,-0.000785,-0.009125,0.013693,0.012644
1258,25.1600,1.771652,0,squat_bounce,0.107819,-0.000474,-0.009410,0.010902,0.012449
1259,25.1800,2.022896,0,squat_bounce,0.107991,-0.000486,-0.009636,0.007200,-0.008283
1260,25.2000,2.274139,0,squat_bounce,0.108151,-0.000360,-0.009603,0.007413,0.009913
1261,25.2200,2.525383,0,squat_bounce,0.108254,-0.000090,-0.009253,0.003721,0.014273
1262,25.2400,2.776627,0,squat_bounce,0.108293,0.000196,-0.008887,0.001201,0.011694
1263,25.2600,3.027870,0,squat_bounce,0.108266,0.000163,-0.008238,-0.002952,-0.008643
1264,25.2800,-3.004071,0,squat_bounce,0.108178,0.000065,-0.007059,-0.004617,-0.000891
1265,25.3000,-2.752828,0,squat_bounce,0.108054,0.000144,-0.005802,-0.007104,0.003978
1266,25.3200,-2.501584,0,squat_bounce,0.107838,0.000136,-0.004368,-0.012464,-0.000881
1267,25.3400,-2.250340,0,squat_bounce,0.107546,0.000145,-0.002813,-0.015510,0.000360
1268,25.3600,-1.999097,0,squat_bounce,0.107225,0.000201,-0.001505,-0.016646,0.000597
1269,25.3800,-1.747853,0,squat_bounce,0.106867,0.000101,-0.000512,-0.018199,-0.007813
1270,25.4000,-1.496610,0,squat_bounce,0.106512,-0.000108,0.000205,-0.015910,-0.005623
1271,25.4200,-1.245366,0,squat_bounce,0.106239,-0.000073,0.000393,-0.012421,0.004606
1272,25.4400,-0.994122,0,squat_bounce,0.106016,-0.000226,0.000177,-0.009330,-0.008003
1273,25.4600,-0.742879,0,squat_bounce,0.105894,-0.000309,-0.000495,-0.004506,0.003873
1274,25.4800,-0.491635,0,squat_bounce,0.105854,-0.000599,-0.001069,-0.000100,-0.017977
1275,25.5000,-0.240391,0,squat_bounce,0.105895,-0.000968,-0.001657,0.003359,-0.016826
1276,25.5200,0.010852,0,squat_bounce,0.105983,-0.001135,-0.002728,0.004602,-0.010250
1277,25.5400,0.262096,0,squat_bounce,0.106150,-0.001054,-0.004110,0.010931,0.003056
1278,25.5600,0.513340,0,squat_bounce,0.106396,-0.001103,-0.005672,0.013375,0.001362
1279,25.5800,0.764583,0,squat_bounce,0.106674,-0.001095,-0.007069,0.014173,0.000341
1280,25.6000,1.015827,0,squat_bounce,0.106982,-0.000952,-0.008248,0.015653,0.011094
1281,25.6200,1.267070,0,squat_bounce,0.107271,-0.000830,-0.009077,0.014047,0.004554
1282,25.6400,1.518314,0,squat_bounce,0.107559,-0.000546,-0.009505,0.014036,0.018485
1283,25.6600,1.769558,0,squat_bounce,0.107816,-0.000164,-0.009821,0.011743,0.015862
1284,25.6800,2.020801,0,squat_bounce,0.107997,-0.000221,-0.009922,0.008835,-0.002191
1285,25.7000,2.272045,0,squat_bounce,0.108167,-0.000083,-0.009852,0.007759,0.007832
1286,25.7200,2.523289,0,squat_bounce,0.108272,0.000091,-0.009604,0.003707,0.008934
1287,25.7400,2.774532,0,squat_bounce,0.108302,0.000227,-0.009166,0.000029,0.001595
1288,25.7600,3.025776,0,squat_bounce,0.108265,0.000143,-0.008610,-0.002893,-0.007910
1289,25.7800,-3.006166,0,squat_bounce,0.108195,0.000098,-0.007382,-0.004277,-0.000157
1290,25.8000,-2.754922,0,squat_bounce,0.108065,0.000119,-0.005899,-0.007747,0.000855
1291,25.8200,-2.503678,0,squat_bounce,0.107840,0.000144,-0.004503,-0.012414,0.007284
1292,25.8400,-2.252435,0,squat_bounce,0.107553,0.000121,-0.003087,-0.015396,-0.003123
1293,25.8600,-2.001191,0,squat_bounce,0.107216,0.000071,-0.001584,-0.017407,-0.002869
1294,25.8800,-1.749948,0,squat_bounce,0.106866,0.000037,-0.000377,-0.017728,-0.004428
1295,25.9000,-1.498704,0,squat_bounce,0.106521,-0.000160,0.000530,-0.016132,-0.010440
1296,25.9200,-1.247460,0,squat_bounce,0.106245,-0.000203,0.000751,-0.012531,0.001540
1297,25.9400,-0.996217,0,squat_bounce,0.106022,-0.000340,0.000482,-0.009880,-0.011359
1298,25.9600,-0.744973,0,squat_bounce,0.105894,-0.000500,-0.000160,-0.004358,-0.005407
1299,25.9800,-0.493729,0,squat_bounce,0.105828,-0.000829,-0.000980,-0.001911,-0.024065
1300,26.0000,-0.242486,0,squat_bounce,0.105856,-0.001297,-0.001792,0.004301,-0.011604
1301,26.0200,0.008758,0,squat_bounce,0.105982,-0.001277,-0.003047,0.006485,0.005220
1302,26.0400,0.260002,0,squat_bounce,0.106132,-0.001126,-0.004396,0.010660,0.001865
1303,26.0600,0.511245,0,squat_bounce,0.106397,-0.001070,-0.006041,0.013653,0.002350
1304,26.0800,0.762489,0,squat_bounce,0.106678,-0.001131,-0.007492,0.014810,0.000631
1305,26.1000,1.013732,0,squat_bounce,0.106988,-0.001006,-0.008683,0.014945,0.007121
1306,26.1200,1.264976,0,squat_bounce,0.107291,-0.000837,-0.009473,0.014436,0.007206
1307,26.1400,1.516220,0,squat_bounce,0.107573,-0.000557,-0.009893,0.013679,0.016639
1308,26.1600,1.767463,0,squat_bounce,0.107828,-0.000253,-0.010246,0.011515,0.007863
1309,26.1800,2.018707,0,squat_bounce,0.108009,-0.000344,-0.010356,0.007949,-0.010985
1310,26.2000,2.269951,0,squat_bounce,0.108169,-0.000327,-0.009966,0.007328,0.007098
1311,26.2200,2.521194,0,squat_bounce,0.108274,-0.000074,-0.009486,0.004134,0.017030
1312,26.2400,2.772438,0,squat_bounce,0.108313,0.000076,-0.008978,0.000412,0.000323
1313,26.2600,3.023682,0,squat_bounce,0.108274,-0.000042,-0.008217,-0.003004,-0.006451
1314,26.2800,-3.008260,0,squat_bounce,0.108204,-0.000026,-0.007042,-0.004242,0.003203
1315,26.3000,-2.757016,0,squat_bounce,0.108073,0.000062,-0.005766,-0.008559,0.000876
1316,26.3200,-2.505773,0,squat_bounce,0.107846,0.000097,-0.004197,-0.012653,0.002331
1317,26.3400,-2.254529,0,squat_bounce,0.107568,0.000197,-0.002657,-0.014827,0.003027
1318,26.3600,-2.003286,0,squat_bounce,0.107231,0.000161,-0.001423,-0.017661,-0.004470
1319,26.3800,-1.752042,0,squat_bounce,0.106865,0.000044,-0.000471,-0.018312,-0.006984
1320,26.4000,-1.500798,0,squat_bounce,0.106510,-0.000131,0.000230,-0.015901,-0.003453
1321,26.4200,-1.249555,0,squat_bounce,0.106234,-0.000096,0.000447,-0.012711,0.002417
1322,26.4400,-0.998311,0,squat_bounce,0.106020,-0.000133,0.000143,-0.009376,-0.003819
1323,26.4600,-0.747067,0,squat_bounce,0.105890,-0.000281,-0.000461,-0.004748,-0.008097
1324,26.4800,-0.495824,0,squat_bounce,0.105855,-0.000386,-0.001170,-0.000075,-0.006630
1325,26.5000,-0.244580,0,squat_bounce,0.105889,-0.000714,-0.001962,0.003609,-0.015052
1326,26.5200,0.006664,0,squat_bounce,0.105998,-0.000989,-0.003138,0.006099,-0.010079
1327,26.5400,0.257907,0,squat_bounce,0.106158,-0.001014,-0.004542,0.008497,-0.000311
1328,26.5600,0.509151,0,squat_bounce,0.106385,-0.001127,-0.005864,0.013343,-0.002980
1329,26.5800,0.760394,0,squat_bounce,0.106654,-0.001250,-0.007074,0.013023,-0.009405
1330,26.6000,1.011638,0,squat_bounce,0.106954,-0.001108,-0.007984,0.015377,0.011881
1331,26.6200,1.262882,0,squat_bounce,0.107265,-0.000800,-0.008684,0.014841,0.013873
1332,26.6400,1.514125,0,squat_bounce,0.107558,-0.000507,-0.009143,0.014071,0.016512
1333,26.6600,1.765369,0,squat_bounce,0.107804,-0.000270,-0.009418,0.011859,0.013262
1334,26.6800,2.016613,0,squat_bounce,0.108018,-0.000050,-0.009733,0.009067,0.004259
1335,26.7000,2.267856,0,squat_bounce,0.108153,-0.000090,-0.009841,0.005767,-0.004320
1336,26.7200,2.519100,0,squat_bounce,0.108227,-0.000175,-0.009452,0.002526,-0.002967
1337,26.7400,2.770344,0,squat_bounce,0.108259,-0.000152,-0.008919,0.001576,0.006863
1338,26.7600,3.021587,0,squat_bounce,0.108269,0.000072,-0.008335,-0.000426,0.008985
1339,26.7800,-3.010355,0,squat_bounce,0.108216,0.000225,-0.007164,-0.003917,0.006020
1340,26.8000,-2.759111,0,squat_bounce,0.108089,0.000277,-0.005737,-0.007626,-0.000186
1341,26.8200,-2.507867,0,squat_bounce,0.107880,0.000231,-0.004405,-0.012127,0.001126
1342,26.8400,-2.256624,0,squat_bounce,0.107591,0.000076,-0.003057,-0.015619,-0.009246
1343,26.8600,-2.005380,0,squat_bounce,0.107249,-0.000058,-0.001592,-0.017648,-0.006000
1344,26.8800,-1.754136,0,squat_bounce,0.106895,-0.000120,-0.000408,-0.017950,-0.005045
1345,26.9000,-1.502893,0,squat_bounce,0.106540,-0.000304,0.000452,-0.017270,-0.015381
1346,26.9200,-1.251649,0,squat_bounce,0.106256,-0.000356,0.000715,-0.012656,0.003279
1347,26.9400,-1.000405,0,squat_bounce,0.106038,-0.000373,0.000395,-0.010373,-0.010138
1348,26.9600,-0.749162,0,squat_bounce,0.105906,-0.000511,-0.000223,-0.004484,-0.004267
1349,26.9800,-0.497918,0,squat_bounce,0.105850,-0.000717,-0.000913,-0.001535,-0.018837
1350,27.0000,-0.246675,0,squat_bounce,0.105898,-0.000982,-0.001621,0.003716,-0.010129
1351,27.0200,0.004569,0,squat_bounce,0.105998,-0.001114,-0.002784,0.005360,-0.004366
1352,27.0400,0.255813,0,squat_bounce,0.106161,-0.000999,-0.004193,0.010422,0.001182
1353,27.0600,0.507056,0,squat_bounce,0.106411,-0.001002,-0.005815,0.013597,0.005324
1354,27.0800,0.758300,0,squat_bounce,0.106689,-0.001003,-0.007253,0.014590,0.003095
1355,27.1000,1.009544,0,squat_bounce,0.106994,-0.000858,-0.008407,0.014736,0.007281
1356,27.1200,1.260787,0,squat_bounce,0.107294,-0.000696,-0.009180,0.014310,0.006350
1357,27.1400,1.512031,0,squat_bounce,0.107578,-0.000488,-0.009611,0.013688,0.013909
1358,27.1600,1.763275,0,squat_bounce,0.107828,-0.000201,-0.009926,0.011528,0.011519
1359,27.1800,2.014518,0,squat_bounce,0.108006,-0.000301,-0.010054,0.007810,-0.008227
1360,27.2000,2.265762,0,squat_bounce,0.108170,-0.000296,-0.009738,0.007635,0.005678
1361,27.2200,2.517006,0,squat_bounce,0.108279,-0.000089,-0.009264,0.004009,0.011746
1362,27.2400,2.768249,0,squat_bounce,0.108324,0.000134,-0.008896,0.001216,0.006974
1363,27.2600,3.019493,0,squat_bounce,0.108287,0.000029,-0.008208,-0.003126,-0.008333
1364,27.2800,-3.012449,0,squat_bounce,0.108199,-0.000026,-0.007031,-0.004593,0.001628
1365,27.3000,-2.761205,0,squat_bounce,0.108078,0.000080,-0.005771,-0.007277,0.002556
1366,27.3200,-2.509962,0,squat_bounce,0.107857,0.000092,-0.004249,-0.012705,0.000284
1367,27.3400,-2.258718,0,squat_bounce,0.107562,0.000113,-0.002745,-0.015659,0.000508
1368,27.3600,-2.007474,0,squat_bounce,0.107231,0.000141,-0.001520,-0.017280,-0.001212
1369,27.3800,-1.756231,0,squat_bounce,0.106869,0.000059,-0.000589,-0.018217,-0.006010
1370,27.4000,-1.504987,0,squat_bounce,0.106520,-0.000138,0.000161,-0.016226,-0.009613
1371,27.4200,-1.253743,0,squat_bounce,0.106244,-0.000156,0.000305,-0.012504,0.002680
1372,27.4400,-1.002500,0,squat_bounce,0.106029,-0.000202,-0.000047,-0.009281,-0.003681
1373,27.4600,-0.751256,0,squat_bounce,0.105893,-0.000360,-0.000584,-0.004911,0.000183
1374,27.4800,-0.500013,0,squat_bounce,0.105848,-0.000649,-0.001102,-0.000727,-0.015909
1375,27.5000,-0.248769,0,squat_bounce,0.105889,-0.000949,-0.001749,0.002880,-0.016059
1376,27.5200,0.002475,0,squat_bounce,0.105996,-0.001102,-0.002934,0.005538,-0.003092
1377,27.5400,0.253718,0,squat_bounce,0.106146,-0.001019,-0.004249,0.010139,0.006043
1378,27.5600,0.504962,0,squat_bounce,0.106389,-0.001029,-0.005675,0.013005,-0.001455
1379,27.5800,0.756206,0,squat_bounce,0.106675,-0.000977,-0.007132,0.014608,0.004400
1380,27.6000,1.007449,0,squat_bounce,0.106976,-0.000866,-0.008269,0.015277,0.007105
1381,27.6200,1.258693,0,squat_bounce,0.107278,-0.000711,-0.009057,0.014776,0.006948
1382,27.6400,1.509937,0,squat_bounce,0.107561,-0.000468,-0.009524,0.013629,0.014945
1383,27.6600,1.761180,0,squat_bounce,0.107801,-0.000283,-0.009890,0.010976,0.003318
1384,27.6800,2.012424,0,squat_bounce,0.107988,-0.000358,-0.010105,0.010111,0.002600
1385,27.7000,2.263667,0,squat_bounce,0.108163,-0.000229,-0.009943,0.007557,0.009007
1386,27.7200,2.514911,0,squat_bounce,0.108267,0.000015,-0.009562,0.004050,0.015739
1387,27.7400,2.766155,0,squat_bounce,0.108292,0.000004,-0.009046,-0.000226,-0.008560
1388,27.7600,3.017398,0,squat_bounce,0.108265,-0.000109,-0.008245,-0.001487,-0.001143
1389,27.7800,-3.014543,0,squat_bounce,0.108207,-0.000027,-0.007126,-0.003682,0.008842
1390,27.8000,-2.763300,0,squat_bounce,0.108071,-0.000006,-0.005728,-0.008718,-0.000521
1391,27.8200,-2.512056,0,squat_bounce,0.107851,0.000044,-0.004056,-0.011475,0.004872
1392,27.8400,-2.260812,0,squat_bounce,0.107583,0.000118,-0.002570,-0.015064,-0.000385
1393,27.8600,-2.009569,0,squat_bounce,0.107244,0.000053,-0.001390,-0.017690,-0.004942
1394,27.8800,-1.758325,0,squat_bounce,0.106878,-0.000054,-0.000461,-0.018349,-0.006141
1395,27.9000,-1.507081,0,squat_bounce,0.106522,-0.000210,0.000228,-0.015975,-0.002558
1396,27.9200,-1.255838,0,squat_bounce,0.106244,-0.000158,0.000434,-0.012808,0.003316
1397,27.9400,-1.004594,0,squat_bounce,0.106028,-0.000178,0.000113,-0.009492,-0.003020
1398,27.9600,-0.753351,0,squat_bounce,0.105896,-0.000312,-0.000509,-0.004871,-0.007417
1399,27.9800,-0.502107,0,squat_bounce,0.105851,-0.000464,-0.001220,-0.001441,-0.017191
1400,28.0000,-0.250863,0,squat_bounce,0.105889,-0.000651,-0.002031,0.003533,-0.003844
1401,28.0200,0.000380,0,squat_bounce,0.105998,-0.000870,-0.003295,0.007043,-0.010769
1402,28.0400,0.251624,0,squat_bounce,0.106176,-0.001085,-0.004846,0.009917,-0.008207
1403,28.0600,0.502868,0,squat_bounce,0.106417,-0.001056,-0.006342,0.012400,0.003147
1404,28.0800,0.754111,0,squat_bounce,0.106692,-0.000914,-0.007537,0.014165,0.007956
1405,28.1000,1.005355,0,squat_bounce,0.106988,-0.000733,-0.008385,0.014859,0.008500
1406,28.1200,1.256599,0,squat_bounce,0.107289,-0.000541,-0.008971,0.014311,0.007313
1407,28.1400,1.507842,0,squat_bounce,0.107573,-0.000360,-0.009300,0.013701,0.011181
1408,28.1600,1.759086,0,squat_bounce,0.107812,-0.000188,-0.009446,0.011296,0.008825
1409,28.1800,2.010329,0,squat_bounce,0.108023,-0.000006,-0.009662,0.009571,0.007670
1410,28.2000,2.261573,0,squat_bounce,0.108159,-0.000057,-0.009765,0.005532,-0.008255
1411,28.2200,2.512817,0,squat_bounce,0.108227,-0.000198,-0.009350,0.002240,-0.005489
1412,28.2400,2.764060,0,squat_bounce,0.108245,-0.000241,-0.008834,0.000398,0.003451
1413,28.2600,3.015304,0,squat_bounce,0.108251,-0.000155,-0.008128,-0.000348,0.005283
1414,28.2800,-3.016638,0,squat_bounce,0.108203,-0.000009,-0.006943,-0.003582,0.007339
1415,28.3000,-2.765394,0,squat_bounce,0.108084,0.000087,-0.005597,-0.007294,0.002057
1416,28.3200,-2.514150,0,squat_bounce,0.107874,0.000086,-0.004324,-0.012028,0.004285
1417,28.3400,-2.262907,0,squat_bounce,0.107591,0.000003,-0.003018,-0.015268,-0.005768
1418,28.3600,-2.011663,0,squat_bounce,0.107256,-0.000074,-0.001604,-0.017348,-0.003692
1419,28.3800,-1.760420,0,squat_bounce,0.106914,-0.000058,-0.000451,-0.017777,-0.002588
1420,28.4000,-1.509176,0,squat_bounce,0.106552,-0.000238,0.000354,-0.017080,-0.009554
1421,28.4200,-1.257932,0,squat_bounce,0.106269,-0.000213,0.000627,-0.012712,0.005769
1422,28.4400,-1.006689,0,squat_bounce,0.106046,-0.000255,0.000413,-0.010101,-0.007443
1423,28.4600,-0.755445,0,squat_bounce,0.105915,-0.000361,-0.000196,-0.004547,-0.003503
1424,28.4800,-0.504201,0,squat_bounce,0.105869,-0.000588,-0.000954,-0.000408,-0.013695
1425,28.5000,-0.252958,0,squat_bounce,0.105902,-0.000965,-0.001707,0.002207,-0.019287
1426,28.5200,-0.001714,0,squat_bounce,0.105962,-0.001305,-0.002798,0.005681,-0.006575
1427,28.5400,0.249530,0,squat_bounce,0.106152,-0.001244,-0.004247,0.011319,0.008134
1428,28.5600,0.500773,0,squat_bounce,0.106384,-0.001245,-0.005660,0.012496,-0.001707
1429,28.5800,0.752017,0,squat_bounce,0.106674,-0.001143,-0.007074,0.015116,0.010110
1430,28.6000,1.003261,0,squat_bounce,0.106969,-0.001042,-0.008128,0.015147,0.006148
1431,28.6200,1.254504,0,squat_bounce,0.107278,-0.000853,-0.008940,0.015337,0.011512
1432,28.6400,1.505748,0,squat_bounce,0.107563,-0.000663,-0.009404,0.013853,0.011258
1433,28.6600,1.756991,0,squat_bounce,0.107804,-0.000464,-0.009568,0.011397,0.010989
1434,28.6800,2.008235,0,squat_bounce,0.108016,-0.000212,-0.009811,0.009906,0.010095
1435,28.7000,2.259479,0,squat_bounce,0.108161,-0.000152,-0.009947,0.005747,0.000525
1436,28.7200,2.510722,0,squat_bounce,0.108234,-0.000260,-0.009541,0.002448,-0.005325
1437,28.7400,2.761966,0,squat_bounce,0.108257,-0.000310,-0.008918,0.001067,0.002334
1438,28.7600,3.013210,0,squat_bounce,0.108266,-0.000134,-0.008263,-0.000336,0.007481
1439,28.7800,-3.018732,0,squat_bounce,0.108216,0.000024,-0.007076,-0.003759,0.007054
1440,28.8000,-2.767488,0,squat_bounce,0.108092,0.000105,-0.005652,-0.007480,0.001279
1441,28.8200,-2.516245,0,squat_bounce,0.107886,0.000090,-0.004326,-0.012002,0.002601
1442,28.8400,-2.265001,0,squat_bounce,0.107599,-0.000038,-0.002982,-0.015520,-0.008105
1443,28.8600,-2.013758,0,squat_bounce,0.107259,-0.000150,-0.001523,-0.017595,-0.005154
1444,28.8800,-1.762514,0,squat_bounce,0.106904,-0.000198,-0.000350,-0.017638,-0.002784
1445,28.9000,-1.511270,0,squat_bounce,0.106550,-0.000359,0.000499,-0.017318,-0.014725
1446,28.9200,-1.260027,0,squat_bounce,0.106264,-0.000403,0.000756,-0.012793,0.003589
1447,28.9400,-1.008783,0,squat_bounce,0.106043,-0.000414,0.000439,-0.010551,-0.009895
1448,28.9600,-0.757539,0,squat_bounce,0.105908,-0.000546,-0.000180,-0.004655,-0.003852
1449,28.9800,-0.506296,0,squat_bounce,0.105859,-0.000670,-0.000880,-0.000926,-0.012090
1450,29.0000,-0.255052,0,squat_bounce,0.105898,-0.000944,-0.001582,0.002745,-0.015758
1451,29.0200,-0.003808,0,squat_bounce,0.105995,-0.001085,-0.002773,0.005220,-0.003595
1452,29.0400,0.247435,0,squat_bounce,0.106143,-0.001038,-0.004129,0.010130,0.003979
1453,29.0600,0.498679,0,squat_bounce,0.106386,-0.001082,-0.005627,0.012988,-0.002657
1454,29.0800,0.749922,0,squat_bounce,0.106672,-0.001044,-0.007152,0.014568,0.004195
1455,29.1000,1.001166,0,squat_bounce,0.106972,-0.000930,-0.008337,0.015256,0.007536
1456,29.1200,1.252410,0,squat_bounce,0.107274,-0.000765,-0.009157,0.014788,0.007567
1457,29.1400,1.503653,0,squat_bounce,0.107558,-0.000513,-0.009644,0.013664,0.015451
1458,29.1600,1.754897,0,squat_bounce,0.107801,-0.000335,-0.010032,0.010987,0.001699
1459,29.1800,2.006141,0,squat_bounce,0.107987,-0.000413,-0.010226,0.010084,0.002799
1460,29.2000,2.257384,0,squat_bounce,0.108162,-0.000274,-0.010065,0.007564,0.009574
1461,29.2200,2.508628,0,squat_bounce,0.108269,-0.000022,-0.009726,0.004161,0.011564
1462,29.2400,2.759872,0,squat_bounce,0.108294,-0.000039,-0.009201,-0.000288,-0.007937
1463,29.2600,3.011115,0,squat_bounce,0.108265,-0.000137,-0.008427,-0.001473,-0.000406
1464,29.2800,-3.020826,0,squat_bounce,0.108210,-0.000042,-0.007370,-0.003534,0.003955
1465,29.3000,-2.769583,0,squat_bounce,0.108074,-0.000036,-0.005944,-0.008758,-0.000471
1466,29.3200,-2.518339,0,squat_bounce,0.107867,0.000030,-0.004282,-0.010905,0.003835
1467,29.3400,-2.267096,0,squat_bounce,0.107591,0.000023,-0.002815,-0.015442,-0.003694
1468,29.3600,-2.015852,0,squat_bounce,0.107250,-0.000067,-0.001623,-0.017730,-0.005295
1469,29.3800,-1.764608,0,squat_bounce,0.106884,-0.000165,-0.000676,-0.018318,-0.005498
1470,29.4000,-1.513365,0,squat_bounce,0.106529,-0.000322,0.000069,-0.017229,-0.013454
1471,29.4200,-1.262121,0,squat_bounce,0.106247,-0.000329,0.000293,-0.012532,0.005128
1472,29.4400,-1.010877,0,squat_bounce,0.106030,-0.000333,-0.000014,-0.009995,-0.006991
1473,29.4600,-0.759634,0,squat_bounce,0.105900,-0.000369,-0.000687,-0.004615,-0.000085
1474,29.4800,-0.508390,0,squat_bounce,0.105862,-0.000531,-0.001310,-0.000527,-0.008398
1475,29.5000,-0.257146,0,squat_bounce,0.105890,-0.000733,-0.001986,0.003194,-0.004996
1476,29.5200,-0.005903,0,squat_bounce,0.105997,-0.000947,-0.003244,0.006677,-0.010849
1477,29.5400,0.245341,0,squat_bounce,0.106178,-0.001108,-0.004821,0.010512,-0.000549
1478,29.5600,0.496584,0,squat_bounce,0.106409,-0.001168,-0.006266,0.012704,0.002789
1479,29.5800,0.747828,0,squat_bounce,0.106690,-0.000994,-0.007507,0.013975,0.008741
1480,29.6000,0.999072,0,squat_bounce,0.106984,-0.000810,-0.008367,0.014817,0.008582
1481,29.6200,1.250315,0,squat_bounce,0.107290,-0.000591,-0.008971,0.015221,0.012338
1482,29.6400,1.501559,0,squat_bounce,0.107571,-0.000411,-0.009275,0.013607,0.010535
1483,29.6600,1.752803,0,squat_bounce,0.107811,-0.000231,-0.009410,0.011002,0.006902
1484,29.6800,2.004046,0,squat_bounce,0.108025,-0.000038,-0.009680,0.010057,0.005025
1485,29.7000,2.255290,0,squat_bounce,0.108162,-0.000182,-0.009518,0.005260,-0.010148
1486,29.7200,2.506534,0,squat_bounce,0.108227,-0.000305,-0.008950,0.002243,-0.003424
1487,29.7400,2.757777,0,squat_bounce,0.108256,-0.000300,-0.008484,0.001285,0.002110
1488,29.7600,3.009021,0,squat_bounce,0.108261,-0.000141,-0.007831,-0.000567,0.010133
1489,29.7800,-3.022921,0,squat_bounce,0.108209,0.000064,-0.006755,-0.003827,0.008650
1490,29.8000,-2.771677,0,squat_bounce,0.108082,0.000146,-0.005530,-0.008225,-0.000749
1491,29.8200,-2.520434,0,squat_bounce,0.107869,0.000119,-0.004407,-0.012001,-0.004252
1492,29.8400,-2.269190,0,squat_bounce,0.107586,0.000078,-0.003051,-0.015180,-0.001520
1493,29.8600,-2.017946,0,squat_bounce,0.107277,0.000161,-0.001754,-0.016520,0.001335
1494,29.8800,-1.766703,0,squat_bounce,0.106916,0.000048,-0.000736,-0.018376,-0.009090
1495,29.9000,-1.515459,0,squat_bounce,0.106551,-0.000199,-0.000001,-0.017144,-0.011440
1496,29.9200,-1.264215,0,squat_bounce,0.106268,-0.000189,0.000244,-0.012691,0.005417
1497,29.9400,-1.012972,0,squat_bounce,0.106042,-0.000256,0.000043,-0.010020,-0.008412
1498,29.9600,-0.761728,0,squat_bounce,0.105913,-0.000371,-0.000567,-0.004497,-0.003383
1499,29.9800,-0.510485,0,squat_bounce,0.105866,-0.000578,-0.001226,-0.000621,-0.012926
1500,30.0000,-0.259241,0,squat_bounce,0.105902,-0.000839,-0.001916,0.003478,-0.010633
1501,30.0200,-0.007997,0,squat_bounce,0.105975,-0.001173,-0.002981,0.004789,-0.012172
1502,30.0400,0.243246,0,squat_bounce,0.106140,-0.001107,-0.004370,0.009764,0.011562
1503,30.0600,0.494490,0,squat_bounce,0.106363,-0.001078,-0.005738,0.013151,-0.000835
1504,30.0800,0.745734,0,squat_bounce,0.106655,-0.001074,-0.007028,0.014839,0.001451
1505,30.1000,0.996977,0,squat_bounce,0.106957,-0.001015,-0.008026,0.015287,0.005046
1506,30.1200,1.248221,0,squat_bounce,0.107258,-0.000883,-0.008710,0.014720,0.006417
1507,30.1400,1.499465,0,squat_bounce,0.107545,-0.000731,-0.009104,0.013301,0.005954
1508,30.1600,1.750708,0,squat_bounce,0.107796,-0.000485,-0.009281,0.011931,0.015753
1509,30.1800,2.001952,0,squat_bounce,0.108002,-0.000224,-0.009484,0.008964,0.005164
1510,30.2000,2.253195,0,squat_bounce,0.108140,-0.000255,-0.009475,0.005694,-0.002247
1511,30.2200,2.504439,0,squat_bounce,0.108224,-0.000219,-0.009216,0.003222,0.001656
1512,30.2400,2.755683,0,squat_bounce,0.108258,-0.000185,-0.008807,0.001443,0.005278
1513,30.2600,3.006926,0,squat_bounce,0.108267,0.000056,-0.008231,-0.000361,0.014062
1514,30.2800,-3.025015,0,squat_bounce,0.108219,0.000287,-0.007288,-0.003578,0.008536
1515,30.3000,-2.773772,0,squat_bounce,0.108105,0.000402,-0.006226,-0.006767,0.001754
1516,30.3200,-2.522528,0,squat_bounce,0.107913,0.000283,-0.004903,-0.011697,-0.009801
1517,30.3400,-2.271284,0,squat_bounce,0.107621,0.000083,-0.003383,-0.015773,-0.009970
1518,30.3600,-2.020041,0,squat_bounce,0.107294,-0.000007,-0.002023,-0.017490,-0.007074
1519,30.3800,-1.768797,0,squat_bounce,0.106924,-0.000178,-0.000946,-0.018623,-0.009713
1520,30.4000,-1.517553,0,squat_bounce,0.106562,-0.000368,-0.000156,-0.017412,-0.011223
1521,30.4200,-1.266310,0,squat_bounce,0.106263,-0.000492,0.000242,-0.012983,0.001601
1522,30.4400,-1.015066,0,squat_bounce,0.106050,-0.000425,-0.000046,-0.009760,-0.001054
1523,30.4600,-0.763823,0,squat_bounce,0.105908,-0.000522,-0.000556,-0.005105,0.003354
1524,30.4800,-0.512579,0,squat_bounce,0.105860,-0.000747,-0.001057,-0.001070,-0.015077
1525,30.5000,-0.261335,0,squat_bounce,0.105897,-0.000887,-0.001733,0.003386,-0.000717
1526,30.5200,-0.010092,0,squat_bounce,0.106000,-0.001083,-0.002948,0.006939,-0.008446
1527,30.5400,0.241152,0,squat_bounce,0.106159,-0.001317,-0.004497,0.008646,-0.010794
1528,30.5600,0.492396,0,squat_bounce,0.106400,-0.001199,-0.006022,0.013294,0.014941
1529,30.5800,0.743639,0,squat_bounce,0.106658,-0.001027,-0.007213,0.014320,0.007358
1530,30.6000,0.994883,0,squat_bounce,0.106971,-0.000835,-0.008249,0.015849,0.011848
1531,30.6200,1.246127,0,squat_bounce,0.107267,-0.000728,-0.008913,0.014922,0.004948
1532,30.6400,1.497370,0,squat_bounce,0.107555,-0.000542,-0.009358,0.013777,0.012790
1533,30.6600,1.748614,0,squat_bounce,0.107805,-0.000257,-0.009714,0.011437,0.011992
1534,30.6800,1.999857,0,squat_bounce,0.107983,-0.000352,-0.009839,0.009035,-0.000729
1535,30.7000,2.251101,0,squat_bounce,0.108153,-0.000302,-0.009557,0.007607,0.005784
1536,30.7200,2.502345,0,squat_bounce,0.108261,-0.000089,-0.009151,0.004249,0.015144
1537,30.7400,2.753588,0,squat_bounce,0.108284,-0.000167,-0.008664,-0.000050,-0.009309
1538,30.7600,3.004832,0,squat_bounce,0.108256,-0.000279,-0.007932,-0.001587,-0.000843
1539,30.7800,-3.027110,0,squat_bounce,0.108204,-0.000140,-0.006893,-0.003315,0.012453
1540,30.8000,-2.775866,0,squat_bounce,0.108082,-0.000064,-0.005573,-0.008201,0.000023
1541,30.8200,-2.524622,0,squat_bounce,0.107874,-0.000017,-0.003975,-0.010883,0.003810
1542,30.8400,-2.273379,0,squat_bounce,0.107602,0.000001,-0.002538,-0.015231,-0.002135
1543,30.8600,-2.022135,0,squat_bounce,0.107264,-0.000056,-0.001384,-0.017568,-0.003797
1544,30.8800,-1.770891,0,squat_bounce,0.106901,-0.000130,-0.000485,-0.018241,-0.004448
1545,30.9000,-1.519648,0,squat_bounce,0.106550,-0.000283,0.000239,-0.016324,-0.007255
1546,30.9200,-1.268404,0,squat_bounce,0.106271,-0.000257,0.000360,-0.012700,0.004560
1547,30.9400,-1.017161,0,squat_bounce,0.106048,-0.000278,0.000005,-0.010683,-0.010705
1548,30.9600,-0.765917,0,squat_bounce,0.105909,-0.000377,-0.000572,-0.004760,-0.002215
1549,30.9800,-0.514673,0,squat_bounce,0.105858,-0.000705,-0.001109,-0.000817,-0.015463
1550,31.0000,-0.263430,0,squat_bounce,0.105890,-0.000895,-0.001829,0.002520,-0.008665
1551,31.0200,-0.012186,0,squat_bounce,0.105971,-0.001193,-0.003041,0.006682,-0.005157
1552,31.0400,0.239058,0,squat_bounce,0.106157,-0.001156,-0.004519,0.009763,0.000140
1553,31.0600,0.490301,0,squat_bounce,0.106382,-0.000963,-0.006030,0.012072,0.013295
1554,31.0800,0.741545,0,squat_bounce,0.106656,-0.000965,-0.007217,0.014781,0.000505
1555,31.1000,0.992789,0,squat_bounce,0.106965,-0.000882,-0.008208,0.014942,0.004564
1556,31.1200,1.244032,0,squat_bounce,0.107263,-0.000828,-0.008882,0.015228,0.005345
1557,31.1400,1.495276,0,squat_bounce,0.107554,-0.000613,-0.009356,0.013822,0.014464
1558,31.1600,1.746519,0,squat_bounce,0.107799,-0.000405,-0.009658,0.012115,0.010923
1559,31.1800,1.997763,0,squat_bounce,0.108005,-0.000276,-0.009832,0.008913,0.003355
1560,31.2000,2.249007,0,squat_bounce,0.108143,-0.000366,-0.009566,0.005755,-0.004848
1561,31.2200,2.500250,0,squat_bounce,0.108225,-0.000345,-0.009045,0.003318,0.003254
1562,31.2400,2.751494,0,squat_bounce,0.108269,-0.000255,-0.008496,0.002042,0.008689
1563,31.2600,3.002738,0,squat_bounce,0.108279,0.000003,-0.007815,-0.000466,0.014065
1564,31.2800,-3.029204,0,squat_bounce,0.108228,0.000241,-0.006753,-0.003799,0.009176
1565,31.3000,-2.777960,0,squat_bounce,0.108107,0.000365,-0.005562,-0.007082,0.007969
1566,31.3200,-2.526717,0,squat_bounce,0.107894,0.000274,-0.004244,-0.012278,-0.007020
1567,31.3400,-2.275473,0,squat_bounce,0.107611,0.000193,-0.002746,-0.014437,-0.001286
1568,31.3600,-2.024230,0,squat_bounce,0.107294,0.000177,-0.001466,-0.017249,-0.005420
1569,31.3800,-1.772986,0,squat_bounce,0.106926,0.000010,-0.000482,-0.018636,-0.009981
1570,31.4000,-1.521742,0,squat_bounce,0.106555,-0.000232,0.000239,-0.017376,-0.010999
1571,31.4200,-1.270499,0,squat_bounce,0.106268,-0.000212,0.000484,-0.012917,0.006009
1572,31.4400,-1.019255,0,squat_bounce,0.106038,-0.000267,0.000285,-0.010216,-0.007791
1573,31.4600,-0.768011,0,squat_bounce,0.105903,-0.000331,-0.000358,-0.005068,0.005481
1574,31.4800,-0.516768,0,squat_bounce,0.105854,-0.000597,-0.000960,-0.000747,-0.014849
1575,31.5000,-0.265524,0,squat_bounce,0.105893,-0.000901,-0.001564,0.003573,-0.011127
1576,31.5200,-0.014280,0,squat_bounce,0.105981,-0.001104,-0.002626,0.005503,-0.003993
1577,31.5400,0.236963,0,squat_bounce,0.106134,-0.001151,-0.003966,0.009451,0.000585
1578,31.5600,0.488207,0,squat_bounce,0.106370,-0.001215,-0.005369,0.012521,-0.003078
1579,31.5800,0.739450,0,squat_bounce,0.106648,-0.001249,-0.006744,0.014761,0.005181
1580,31.6000,0.990694,0,squat_bounce,0.106941,-0.001130,-0.007914,0.013148,-0.002490
1581,31.6200,1.241938,0,squat_bounce,0.107228,-0.001028,-0.008648,0.015286,0.012607
1582,31.6400,1.493181,0,squat_bounce,0.107532,-0.000646,-0.009245,0.014663,0.022531
1583,31.6600,1.744425,0,squat_bounce,0.107793,-0.000259,-0.009716,0.012196,0.017560
1584,31.6800,1.995669,0,squat_bounce,0.108010,-0.000065,-0.009928,0.009297,0.004210
1585,31.7000,2.246912,0,squat_bounce,0.108157,-0.000128,-0.009905,0.006004,-0.006539
1586,31.7200,2.498156,0,squat_bounce,0.108234,-0.000198,-0.009500,0.002698,-0.001284
1587,31.7400,2.749400,0,squat_bounce,0.108283,-0.000089,-0.009015,0.002170,0.007445
1588,31.7600,3.000643,0,squat_bounce,0.108291,0.000113,-0.008359,-0.000698,0.010788
1589,31.7800,-3.031298,0,squat_bounce,0.108235,0.000300,-0.007215,-0.003998,0.007104
1590,31.8000,-2.780055,0,squat_bounce,0.108109,0.000361,-0.005869,-0.007551,-0.000260
1591,31.8200,-2.528811,0,squat_bounce,0.107902,0.000303,-0.004603,-0.012226,-0.008247
1592,31.8400,-2.277568,0,squat_bounce,0.107610,0.000170,-0.003139,-0.015639,-0.006060
1593,31.8600,-2.026324,0,squat_bounce,0.107274,0.000111,-0.001768,-0.016601,-0.000739
1594,31.8800,-1.775080,0,squat_bounce,0.106922,0.000059,-0.000690,-0.018332,-0.007090
1595,31.9000,-1.523837,0,squat_bounce,0.106553,-0.000170,0.000085,-0.017381,-0.011238
1596,31.9200,-1.272593,0,squat_bounce,0.106265,-0.000166,0.000374,-0.012950,0.005058
1597,31.9400,-1.021349,0,squat_bounce,0.106035,-0.000239,0.000218,-0.010243,-0.008569
1598,31.9600,-0.770106,0,squat_bounce,0.105900,-0.000359,-0.000364,-0.004713,-0.003701
1599,31.9800,-0.518862,0,squat_bounce,0.105844,-0.000528,-0.001022,-0.002010,-0.020397
