step,t,phase,move,move_name,trunk_z,trunk_roll,trunk_pitch,trunk_vz,trunk_roll_rate
0,0.0000,-0.133577,1,weight_shift,0.123536,-0.000260,-0.000298,-0.146434,-0.024929
1,0.0200,0.117666,1,weight_shift,0.118169,-0.001045,-0.001163,-0.341363,-0.046494
2,0.0400,0.368910,1,weight_shift,0.114580,-0.003577,0.001110,-0.025031,-0.151224
3,0.0600,0.620154,1,weight_shift,0.115122,-0.005725,0.002488,0.035544,-0.064782
4,0.0800,0.871397,1,weight_shift,0.115693,-0.006183,-0.000621,0.023203,-0.003615
5,0.1000,1.122641,1,weight_shift,0.116022,-0.006119,-0.003753,0.012132,0.006264
6,0.1200,1.373885,1,weight_shift,0.116147,-0.005984,-0.005090,0.003268,0.007854
7,0.1400,1.625128,1,weight_shift,0.116156,-0.005809,-0.005372,-0.000668,0.009635
8,0.1600,1.876372,1,weight_shift,0.116131,-0.005617,-0.005298,-0.001091,0.006214
9,0.1800,2.127616,1,weight_shift,0.116100,-0.005417,-0.005015,-0.001470,0.009183
10,0.2000,2.378859,1,weight_shift,0.116061,-0.005185,-0.004398,-0.002283,0.011658
11,0.2200,2.630103,1,weight_shift,0.116013,-0.004938,-0.003567,-0.002028,0.010942
12,0.2400,2.881346,1,weight_shift,0.115966,-0.004706,-0.002641,-0.002544,0.010789
13,0.2600,3.132590,1,weight_shift,0.115915,-0.004470,-0.001641,-0.002134,0.011801
14,0.2800,-2.899352,1,weight_shift,0.115879,-0.004186,-0.000656,-0.001306,0.019228
15,0.3000,-2.648108,1,weight_shift,0.115842,-0.003801,0.000431,-0.002597,0.011590
16,0.3200,-2.396864,1,weight_shift,0.115784,-0.003680,0.001423,-0.002869,0.002495
17,0.3400,-2.145621,1,weight_shift,0.115741,-0.003621,0.002025,-0.001835,0.000843
18,0.3600,-1.894377,1,weight_shift,0.115706,-0.003587,0.002443,-0.001714,0.001860
19,0.3800,-1.643133,1,weight_shift,0.115677,-0.003513,0.002684,-0.001239,0.004397
20,0.4000,-1.391890,1,weight_shift,0.115659,-0.003410,0.002609,-0.000667,0.005552
21,0.4200,-1.140646,1,weight_shift,0.115651,-0.003311,0.002355,-0.000398,0.003362
22,0.4400,-0.889402,1,weight_shift,0.115643,-0.003271,0.002050,-0.000389,0.002010
23,0.4600,-0.638159,1,weight_shift,0.115637,-0.003279,0.001538,-0.000255,-0.000830
24,0.4800,-0.386915,1,weight_shift,0.115635,-0.003335,0.000697,-0.000050,-0.002124
25,0.5000,-0.135672,1,weight_shift,0.115633,-0.003440,-0.000218,-0.000163,-0.003894
26,0.5200,0.115572,1,weight_shift,0.115629,-0.003542,-0.001110,-0.000234,-0.003338
27,0.5400,0.366816,1,weight_shift,0.115628,-0.003632,-0.002053,-0.000120,-0.003921
28,0.5600,0.618059,1,weight_shift,0.115623,-0.003741,-0.002866,-0.000291,-0.003720
29,0.5800,0.869303,1,weight_shift,0.115622,-0.003819,-0.003598,-0.000059,-0.002385
30,0.6000,1.120547,1,weight_shift,0.115619,-0.003879,-0.004171,-0.000240,-0.001572
31,0.6200,1.371790,1,weight_shift,0.115620,-0.003899,-0.004654,0.000031,-0.000078
32,0.6400,1.623034,1,weight_shift,0.115622,-0.003872,-0.004975,0.000585,0.007946
33,0.6600,1.874278,1,weight_shift,0.115628,-0.003698,-0.005145,0.000132,0.006338
34,0.6800,2.125521,1,weight_shift,0.115623,-0.003720,-0.005128,-0.000369,-0.003288
35,0.7000,2.376765,1,weight_shift,0.115614,-0.003794,-0.005077,-0.000432,-0.003859
36,0.7200,2.628008,1,weight_shift,0.115617,-0.003756,-0.004937,-0.000309,-0.002757
37,0.7400,2.879252,1,weight_shift,0.115611,-0.003748,-0.004584,-0.000590,-0.001424
38,0.7600,3.130496,1,weight_shift,0.115605,-0.003697,-0.004152,-0.000516,-0.001442
39,0.7800,-2.901446,1,weight_shift,0.115584,-0.003786,-0.003439,-0.001212,-0.007251
40,0.8000,-2.650202,1,weight_shift,0.115571,-0.003795,-0.002713,-0.000588,-0.002138
41,0.8200,-2.398959,1,weight_shift,0.115551,-0.003873,-0.001905,-0.001164,-0.005904
42,0.8400,-2.147715,1,weight_shift,0.115531,-0.003910,-0.001121,-0.000617,0.001027
43,0.8600,-1.896471,1,weight_shift,0.115518,-0.003900,-0.000393,-0.000626,-0.000540
44,0.8800,-1.645228,1,weight_shift,0.115507,-0.003840,0.000310,-0.000446,0.002892
45,0.9000,-1.393984,1,weight_shift,0.115504,-0.003731,0.000682,-0.000088,0.002698
46,0.9200,-1.142741,1,weight_shift,0.115500,-0.003684,0.000894,-0.000234,0.001926
47,0.9400,-0.891497,1,weight_shift,0.115495,-0.003650,0.000889,-0.000209,0.001460
48,0.9600,-0.640253,1,weight_shift,0.115495,-0.003618,0.000626,0.000116,0.001593
49,0.9800,-0.389010,1,weight_shift,0.115496,-0.003655,0.000317,-0.000030,-0.001533
50,1.0000,-0.137766,1,weight_shift,0.115495,-0.003703,-0.000186,-0.000047,-0.001212
51,1.0200,0.113478,1,weight_shift,0.115497,-0.003713,-0.000921,0.000248,0.001846
52,1.0400,0.364721,1,weight_shift,0.115500,-0.003754,-0.001611,0.000075,-0.001128
53,1.0600,0.615965,1,weight_shift,0.115501,-0.003797,-0.002346,-0.000012,0.000157
54,1.0800,0.867209,1,weight_shift,0.115507,-0.003770,-0.003136,0.000314,0.003107
55,1.1000,1.118452,1,weight_shift,0.115511,-0.003736,-0.003793,0.000148,0.003468
56,1.1200,1.369696,1,weight_shift,0.115518,-0.003656,-0.004440,0.000492,0.006012
57,1.1400,1.620939,1,weight_shift,0.115523,-0.003595,-0.004899,0.000095,0.003008
58,1.1600,1.872183,1,weight_shift,0.115525,-0.003564,-0.005281,0.000408,0.003994
59,1.1800,2.123427,1,weight_shift,0.115527,-0.003582,-0.005472,-0.000046,-0.001543
60,1.2000,2.374670,1,weight_shift,0.115528,-0.003571,-0.005598,0.000656,0.007613
61,1.2200,2.625914,1,weight_shift,0.115531,-0.003512,-0.005665,-0.000008,-0.001105
62,1.2400,2.877158,1,weight_shift,0.115532,-0.003481,-0.005496,-0.000283,0.000146
63,1.2600,3.128401,1,weight_shift,0.115526,-0.003452,-0.005127,-0.000296,0.001694
64,1.2800,-2.903540,1,weight_shift,0.115518,-0.003468,-0.004610,-0.000652,-0.006146
65,1.3000,-2.652297,1,weight_shift,0.115500,-0.003580,-0.003800,-0.000933,-0.007530
66,1.3200,-2.401053,1,weight_shift,0.115489,-0.003651,-0.003058,-0.000408,-0.006024
67,1.3400,-2.149809,1,weight_shift,0.115478,-0.003713,-0.002206,-0.000602,-0.003984
68,1.3600,-1.898566,1,weight_shift,0.115468,-0.003685,-0.001403,-0.000128,0.004293
69,1.3800,-1.647322,1,weight_shift,0.115467,-0.003619,-0.000627,-0.000121,0.001406
70,1.4000,-1.396079,1,weight_shift,0.115463,-0.003540,0.000062,-0.000180,0.002469
71,1.4200,-1.144835,1,weight_shift,0.115461,-0.003467,0.000338,0.000089,0.005468
72,1.4400,-0.893591,1,weight_shift,0.115462,-0.003470,0.000431,-0.000004,-0.001488
73,1.4600,-0.642348,1,weight_shift,0.115461,-0.003496,0.000378,-0.000121,-0.000794
74,1.4800,-0.391104,1,weight_shift,0.115459,-0.003525,0.000042,-0.000077,-0.000751
75,1.5000,-0.139860,1,weight_shift,0.115462,-0.003523,-0.000531,0.000238,0.000286
76,1.5200,0.111383,1,weight_shift,0.115465,-0.003577,-0.001115,0.000079,-0.001632
77,1.5400,0.362627,1,weight_shift,0.115465,-0.003640,-0.001797,-0.000034,-0.001003
78,1.5600,0.613871,1,weight_shift,0.115470,-0.003642,-0.002619,0.000286,0.001393
79,1.5800,0.865114,1,weight_shift,0.115475,-0.003656,-0.003329,0.000149,0.001230
80,1.6000,1.116358,1,weight_shift,0.115480,-0.003623,-0.004058,0.000622,0.006919
81,1.6200,1.367601,1,weight_shift,0.115488,-0.003558,-0.004578,0.000274,0.003633
82,1.6400,1.618845,1,weight_shift,0.115491,-0.003516,-0.004993,0.000103,0.002938
83,1.6600,1.870089,1,weight_shift,0.115498,-0.003483,-0.005350,0.000121,-0.000154
84,1.6800,2.121332,1,weight_shift,0.115498,-0.003519,-0.005567,-0.000100,-0.001350
85,1.7000,2.372576,1,weight_shift,0.115498,-0.003534,-0.005809,0.000136,-0.000523
86,1.7200,2.623820,1,weight_shift,0.115502,-0.003547,-0.005863,0.000698,0.006054
87,1.7400,2.875063,1,weight_shift,0.115504,-0.003470,-0.005766,0.000456,0.008302
88,1.7600,3.126307,1,weight_shift,0.115502,-0.003409,-0.005534,-0.000257,-0.002416
89,1.7800,-2.905635,1,weight_shift,0.115489,-0.003490,-0.004954,-0.000815,-0.006253
90,1.8000,-2.654391,1,weight_shift,0.115482,-0.003473,-0.004274,-0.000194,0.002001
91,1.8200,-2.403147,1,weight_shift,0.115471,-0.003523,-0.003435,-0.000700,-0.006076
92,1.8400,-2.151904,1,weight_shift,0.115456,-0.003580,-0.002493,-0.000662,-0.004427
93,1.8600,-1.900660,1,weight_shift,0.115452,-0.003568,-0.001661,-0.000189,-0.002789
94,1.8800,-1.649417,1,weight_shift,0.115446,-0.003541,-0.000769,-0.000288,0.000328
95,1.9000,-1.398173,1,weight_shift,0.115442,-0.003470,-0.000114,-0.000182,0.002210
96,1.9200,-1.146929,1,weight_shift,0.115442,-0.003403,0.000152,0.000126,-0.000061
97,1.9400,-0.895686,1,weight_shift,0.115442,-0.003420,0.000256,-0.000104,-0.000857
98,1.9600,-0.644442,1,weight_shift,0.115439,-0.003426,0.000144,-0.000159,0.000453
99,1.9800,-0.393198,1,weight_shift,0.115436,-0.003437,-0.000235,-0.000083,0.000239
100,2.0000,-0.141955,1,weight_shift,0.115440,-0.003432,-0.000731,0.000174,-0.000886
101,2.0200,0.109289,1,weight_shift,0.115442,-0.003503,-0.001288,0.000047,-0.002134
102,2.0400,0.360533,1,weight_shift,0.115442,-0.003571,-0.001983,-0.000038,-0.000968
103,2.0600,0.611776,1,weight_shift,0.115448,-0.003577,-0.002742,0.000207,0.000033
104,2.0800,0.863020,1,weight_shift,0.115451,-0.003609,-0.003426,0.000124,0.000846
105,2.1000,1.114263,1,weight_shift,0.115459,-0.003572,-0.004131,0.000520,0.005052
106,2.1200,1.365507,1,weight_shift,0.115466,-0.003520,-0.004616,0.000285,0.003313
107,2.1400,1.616751,1,weight_shift,0.115473,-0.003467,-0.005048,0.000663,0.006104
108,2.1600,1.867994,1,weight_shift,0.115478,-0.003453,-0.005312,0.000093,-0.000896
109,2.1800,2.119238,1,weight_shift,0.115478,-0.003497,-0.005474,-0.000065,-0.001851
110,2.2000,2.370482,1,weight_shift,0.115481,-0.003532,-0.005644,0.000056,-0.003223
111,2.2200,2.621725,1,weight_shift,0.115479,-0.003602,-0.005722,-0.000180,-0.003068
112,2.2400,2.872969,1,weight_shift,0.115482,-0.003584,-0.005750,0.000853,0.007724
113,2.2600,3.124213,1,weight_shift,0.115480,-0.003561,-0.005434,-0.000482,-0.002205
114,2.2800,-2.907729,1,weight_shift,0.115472,-0.003540,-0.004902,-0.000303,0.001215
115,2.3000,-2.656486,1,weight_shift,0.115465,-0.003540,-0.004248,-0.000596,-0.005729
116,2.3200,-2.405242,1,weight_shift,0.115449,-0.003620,-0.003378,-0.000817,-0.006057
117,2.3400,-2.153998,1,weight_shift,0.115440,-0.003642,-0.002591,-0.000221,-0.004091
118,2.3600,-1.902755,1,weight_shift,0.115433,-0.003651,-0.001699,-0.000410,-0.001697
119,2.3800,-1.651511,1,weight_shift,0.115426,-0.003590,-0.000880,-0.000268,0.001975
120,2.4000,-1.400267,1,weight_shift,0.115426,-0.003492,-0.000361,0.000125,0.001101
121,2.4200,-1.149024,1,weight_shift,0.115425,-0.003475,-0.000023,-0.000109,-0.000083
122,2.4400,-0.897780,1,weight_shift,0.115422,-0.003461,0.000041,-0.000167,0.000765
123,2.4600,-0.646536,1,weight_shift,0.115420,-0.003433,-0.000152,0.000112,0.005216
124,2.4800,-0.395293,1,weight_shift,0.115423,-0.003442,-0.000327,0.000050,-0.001028
125,2.5000,-0.144049,1,weight_shift,0.115423,-0.003480,-0.000686,0.000002,-0.000762
126,2.5200,0.107194,1,weight_shift,0.115423,-0.003526,-0.001319,-0.000014,-0.000097
127,2.5400,0.358438,1,weight_shift,0.115428,-0.003524,-0.002007,0.000199,-0.000313
128,2.5600,0.609682,1,weight_shift,0.115431,-0.003580,-0.002671,0.000091,-0.000597
129,2.5800,0.860925,1,weight_shift,0.115437,-0.003576,-0.003433,0.000462,0.003712
130,2.6000,1.112169,1,weight_shift,0.115444,-0.003558,-0.003999,0.000283,0.002166
131,2.6200,1.363413,1,weight_shift,0.115452,-0.003512,-0.004498,0.000732,0.006848
132,2.6400,1.614656,1,weight_shift,0.115461,-0.003460,-0.004864,0.000270,0.001969
133,2.6600,1.865900,1,weight_shift,0.115462,-0.003472,-0.005104,0.000003,-0.000784
134,2.6800,2.117144,1,weight_shift,0.115468,-0.003493,-0.005314,0.000102,-0.002663
135,2.7000,2.368387,1,weight_shift,0.115467,-0.003560,-0.005462,-0.000088,-0.002542
136,2.7200,2.619631,1,weight_shift,0.115466,-0.003585,-0.005655,0.000174,0.002382
137,2.7400,2.870874,1,weight_shift,0.115466,-0.003628,-0.005607,-0.000166,-0.003518
138,2.7600,3.122118,1,weight_shift,0.115466,-0.003587,-0.005333,-0.000237,0.000799
139,2.7800,-2.909824,1,weight_shift,0.115461,-0.003586,-0.004940,-0.000241,-0.004335
140,2.8000,-2.658580,1,weight_shift,0.115450,-0.003667,-0.004267,-0.000711,-0.006103
141,2.8200,-2.407336,1,weight_shift,0.115440,-0.003704,-0.003555,-0.000236,-0.003544
142,2.8400,-2.156093,1,weight_shift,0.115432,-0.003740,-0.002721,-0.000456,-0.003532
143,2.8600,-1.904849,1,weight_shift,0.115423,-0.003717,-0.001865,-0.000389,-0.000179
144,2.8800,-1.653605,1,weight_shift,0.115423,-0.003626,-0.001131,0.000045,0.000843
145,2.9000,-1.402362,1,weight_shift,0.115421,-0.003554,-0.000435,-0.000174,0.001975
146,2.9200,-1.151118,1,weight_shift,0.115417,-0.003490,-0.000082,-0.000156,0.001884
147,2.9400,-0.899874,1,weight_shift,0.115418,-0.003441,-0.000008,0.000135,-0.000208
148,2.9600,-0.648631,1,weight_shift,0.115418,-0.003465,-0.000013,-0.000089,-0.000879
149,2.9800,-0.397387,1,weight_shift,0.115415,-0.003479,-0.000254,-0.000117,0.000361
150,3.0000,-0.146144,1,weight_shift,0.115416,-0.003475,-0.000807,0.000199,0.006097
151,3.0200,0.105100,1,weight_shift,0.115420,-0.003501,-0.001354,0.000149,-0.001356
152,3.0400,0.356344,1,weight_shift,0.115422,-0.003574,-0.001974,0.000033,-0.001517
153,3.0600,0.607587,1,weight_shift,0.115424,-0.003604,-0.002772,0.000423,0.005289
154,3.0800,0.858831,1,weight_shift,0.115431,-0.003607,-0.003468,0.000249,0.001148
155,3.1000,1.110075,1,weight_shift,0.115435,-0.003604,-0.004056,0.000196,0.002724
156,3.1200,1.361318,1,weight_shift,0.115446,-0.003535,-0.004577,0.000404,0.003675
157,3.1400,1.612562,1,weight_shift,0.115452,-0.003504,-0.004952,0.000175,0.002139
158,3.1600,1.863806,1,weight_shift,0.115459,-0.003472,-0.005279,0.000288,0.000621
159,3.1800,2.115049,1,weight_shift,0.115461,-0.003522,-0.005441,0.000012,-0.002676
160,3.2000,2.366293,1,weight_shift,0.115461,-0.003564,-0.005643,0.000233,0.001204
161,3.2200,2.617536,1,weight_shift,0.115462,-0.003629,-0.005712,-0.000062,-0.004103
162,3.2400,2.868780,1,weight_shift,0.115458,-0.003703,-0.005659,-0.000276,-0.003570
163,3.2600,3.120024,1,weight_shift,0.115467,-0.003638,-0.005483,0.000346,0.000845
164,3.2800,-2.911918,1,weight_shift,0.115457,-0.003697,-0.005027,-0.000754,-0.005692
165,3.3000,-2.660674,1,weight_shift,0.115445,-0.003755,-0.004438,-0.000363,-0.004905
166,3.3200,-2.409431,1,weight_shift,0.115434,-0.003828,-0.003660,-0.000611,-0.005439
167,3.3400,-2.158187,1,weight_shift,0.115424,-0.003827,-0.002881,-0.000158,0.002193
168,3.3600,-1.906943,1,weight_shift,0.115421,-0.003793,-0.002032,-0.000214,-0.000815
169,3.3800,-1.655700,1,weight_shift,0.115416,-0.003716,-0.001164,-0.000190,0.002386
170,3.4000,-1.404456,1,weight_shift,0.115415,-0.003597,-0.000580,0.000117,0.003232
171,3.4200,-1.153212,1,weight_shift,0.115415,-0.003567,-0.000174,-0.000075,-0.000208
172,3.4400,-0.901969,1,weight_shift,0.115412,-0.003550,-0.000025,-0.000179,0.000772
173,3.4600,-0.650725,1,weight_shift,0.115409,-0.003533,-0.000137,-0.000143,0.001335
174,3.4800,-0.399482,1,weight_shift,0.115411,-0.003508,-0.000355,0.000109,-0.000770
175,3.5000,-0.148238,1,weight_shift,0.115412,-0.003555,-0.000707,-0.000015,-0.001150
176,3.5200,0.103006,1,weight_shift,0.115411,-0.003612,-0.001302,-0.000032,-0.000772
177,3.5400,0.354249,1,weight_shift,0.115416,-0.003621,-0.002043,0.000287,0.000794
178,3.5600,0.605493,1,weight_shift,0.115420,-0.003669,-0.002733,0.000134,-0.000320
179,3.5800,0.856737,1,weight_shift,0.115425,-0.003677,-0.003504,0.000534,0.006075
180,3.6000,1.107980,1,weight_shift,0.115433,-0.003650,-0.004079,0.000330,0.002259
181,3.6200,1.359224,1,weight_shift,0.115439,-0.003622,-0.004502,0.000255,0.003311
182,3.6400,1.610468,1,weight_shift,0.115450,-0.003554,-0.004907,0.000357,0.002768
183,3.6600,1.861711,1,weight_shift,0.115453,-0.003559,-0.005164,0.000039,-0.000691
184,3.6800,2.112955,1,weight_shift,0.115457,-0.003575,-0.005372,0.000176,-0.001868
185,3.7000,2.364198,1,weight_shift,0.115458,-0.003648,-0.005495,-0.000028,-0.003342
186,3.7200,2.615442,1,weight_shift,0.115456,-0.003705,-0.005653,-0.000144,-0.001716
187,3.7400,2.866686,1,weight_shift,0.115457,-0.003732,-0.005683,-0.000074,-0.003593
188,3.7600,3.117929,1,weight_shift,0.115464,-0.003698,-0.005422,0.000587,0.004590
189,3.7800,-2.914012,1,weight_shift,0.115459,-0.003644,-0.005011,-0.000470,0.000783
190,3.8000,-2.662769,1,weight_shift,0.115444,-0.003743,-0.004346,-0.000902,-0.008511
191,3.8200,-2.411525,1,weight_shift,0.115428,-0.003821,-0.003555,-0.000390,-0.002153
192,3.8400,-2.160281,1,weight_shift,0.115420,-0.003864,-0.002685,-0.000415,-0.004470
193,3.8600,-1.909038,1,weight_shift,0.115412,-0.003846,-0.001771,-0.000355,-0.000477
194,3.8800,-1.657794,1,weight_shift,0.115411,-0.003750,-0.001031,0.000128,0.001080
195,3.9000,-1.406551,1,weight_shift,0.115410,-0.003684,-0.000330,-0.000161,0.001560
196,3.9200,-1.155307,1,weight_shift,0.115405,-0.003615,0.000055,-0.000196,0.002291
197,3.9400,-0.904063,1,weight_shift,0.115404,-0.003546,0.000111,0.000105,0.002365
198,3.9600,-0.652820,1,weight_shift,0.115405,-0.003553,0.000113,-0.000060,-0.000581
199,3.9800,-0.401576,1,weight_shift,0.115402,-0.003565,-0.000109,-0.000122,0.000485
200,4.0000,-0.150332,1,weight_shift,0.115403,-0.003557,-0.000664,0.000200,0.006517
201,4.0200,0.100911,1,weight_shift,0.115408,-0.003579,-0.001228,0.000181,-0.000892
202,4.0400,0.352155,1,weight_shift,0.115410,-0.003644,-0.001872,0.000069,-0.000883
203,4.0600,0.603399,1,weight_shift,0.115415,-0.003653,-0.002699,0.000418,0.003383
204,4.0800,0.854642,1,weight_shift,0.115422,-0.003661,-0.003390,0.000266,0.001490
205,4.1000,1.105886,1,weight_shift,0.115427,-0.003650,-0.004012,0.000216,0.003431
206,4.1200,1.357129,1,weight_shift,0.115438,-0.003570,-0.004565,0.000431,0.004445
207,4.1400,1.608373,1,weight_shift,0.115444,-0.003526,-0.004967,0.000204,0.002909
208,4.1600,1.859617,1,weight_shift,0.115452,-0.003496,-0.005261,0.000202,-0.000661
209,4.1800,2.110860,1,weight_shift,0.115454,-0.003554,-0.005401,-0.000006,-0.002777
210,4.2000,2.362104,1,weight_shift,0.115455,-0.003592,-0.005588,0.000175,-0.001396
211,4.2200,2.613348,1,weight_shift,0.115456,-0.003671,-0.005658,-0.000082,-0.004165
212,4.2400,2.864591,1,weight_shift,0.115452,-0.003744,-0.005656,-0.000280,-0.003331
213,4.2600,3.115835,1,weight_shift,0.115463,-0.003686,-0.005471,0.000778,0.003403
214,4.2800,-2.916107,1,weight_shift,0.115452,-0.003725,-0.004962,-0.000945,-0.005790
215,4.3000,-2.664863,1,weight_shift,0.115436,-0.003793,-0.004358,-0.000478,-0.005719
216,4.3200,-2.413619,1,weight_shift,0.115424,-0.003880,-0.003578,-0.000653,-0.006206
217,4.3400,-2.162376,1,weight_shift,0.115413,-0.003887,-0.002802,-0.000180,0.001938
218,4.3600,-1.911132,1,weight_shift,0.115410,-0.003854,-0.001955,-0.000209,-0.000930
219,4.3800,-1.659889,1,weight_shift,0.115406,-0.003774,-0.001095,-0.000186,0.002441
220,4.4000,-1.408645,1,weight_shift,0.115404,-0.003652,-0.000516,0.000116,0.003245
221,4.4200,-1.157401,1,weight_shift,0.115404,-0.003621,-0.000113,-0.000073,-0.000205
222,4.4400,-0.906158,1,weight_shift,0.115401,-0.003603,0.000032,-0.000179,0.000836
223,4.4600,-0.654914,1,weight_shift,0.115398,-0.003585,-0.000086,-0.000144,0.001455
224,4.4800,-0.403670,1,weight_shift,0.115401,-0.003558,-0.000315,0.000120,-0.000587
225,4.5000,-0.152427,1,weight_shift,0.115401,-0.003603,-0.000678,-0.000004,-0.000931
226,4.5200,0.098817,1,weight_shift,0.115402,-0.003657,-0.001285,-0.000017,-0.000448
227,4.5400,0.350061,1,weight_shift,0.115407,-0.003663,-0.001965,0.000209,-0.000481
228,4.5600,0.601304,1,weight_shift,0.115410,-0.003725,-0.002640,0.000114,-0.000460
229,4.5800,0.852548,1,weight_shift,0.115416,-0.003720,-0.003424,0.000480,0.004297
230,4.6000,1.103791,1,weight_shift,0.115424,-0.003698,-0.003998,0.000325,0.002547
231,4.6200,1.355035,1,weight_shift,0.115432,-0.003647,-0.004483,0.000767,0.007297
232,4.6400,1.606279,1,weight_shift,0.115442,-0.003591,-0.004838,0.000324,0.002269
233,4.6600,1.857522,1,weight_shift,0.115445,-0.003600,-0.005070,0.000039,-0.000634
234,4.6800,2.108766,1,weight_shift,0.115451,-0.003620,-0.005276,0.000128,-0.002668
235,4.7000,2.360010,1,weight_shift,0.115451,-0.003692,-0.005418,-0.000052,-0.002912
236,4.7200,2.611253,1,weight_shift,0.115452,-0.003720,-0.005598,0.000152,-0.000699
237,4.7400,2.862497,1,weight_shift,0.115451,-0.003780,-0.005567,-0.000208,-0.003561
238,4.7600,3.113741,1,weight_shift,0.115451,-0.003777,-0.005349,0.000508,0.003843
239,4.7800,-2.918201,1,weight_shift,0.115458,-0.003648,-0.004917,-0.000465,-0.002659
240,4.8000,-2.666957,1,weight_shift,0.115438,-0.003739,-0.004222,-0.001113,-0.007757
241,4.8200,-2.415714,1,weight_shift,0.115425,-0.003811,-0.003520,-0.000446,-0.006954
242,4.8400,-2.164470,1,weight_shift,0.115414,-0.003870,-0.002697,-0.000576,-0.004240
243,4.8600,-1.913227,1,weight_shift,0.115407,-0.003820,-0.001923,-0.000014,0.001038
244,4.8800,-1.661983,1,weight_shift,0.115405,-0.003748,-0.001089,-0.000136,0.001752
245,4.9000,-1.410739,1,weight_shift,0.115401,-0.003642,-0.000393,-0.000211,0.003174
246,4.9200,-1.159496,1,weight_shift,0.115400,-0.003543,-0.000085,0.000120,0.002658
247,4.9400,-0.908252,1,weight_shift,0.115400,-0.003541,0.000077,-0.000061,-0.000762
248,4.9600,-0.657008,1,weight_shift,0.115398,-0.003543,0.000040,-0.000157,0.000486
249,4.9800,-0.405765,1,weight_shift,0.115395,-0.003548,-0.000282,-0.000083,0.000762
250,5.0000,-0.154521,1,weight_shift,0.115399,-0.003536,-0.000735,0.000209,-0.000508
251,5.0200,0.096723,1,weight_shift,0.115402,-0.003605,-0.001275,0.000075,-0.001767
252,5.0400,0.347966,1,weight_shift,0.115403,-0.003675,-0.001970,-0.000012,-0.000505
253,5.0600,0.599210,1,weight_shift,0.115409,-0.003677,-0.002732,0.000247,0.000590
254,5.0800,0.850453,1,weight_shift,0.115413,-0.003710,-0.003408,0.000177,0.001118
255,5.1000,1.101697,1,weight_shift,0.115423,-0.003668,-0.004073,0.000500,0.004338
256,5.1200,1.352941,1,weight_shift,0.115431,-0.003626,-0.004554,0.000327,0.003332
257,5.1400,1.604184,1,weight_shift,0.115440,-0.003564,-0.004983,0.000586,0.004714
258,5.1600,1.855428,1,weight_shift,0.115446,-0.003561,-0.005227,0.000128,-0.001230
259,5.1800,2.106672,1,weight_shift,0.115449,-0.003598,-0.005402,0.000362,0.001441
260,5.2000,2.357915,1,weight_shift,0.115451,-0.003662,-0.005516,0.000043,-0.003821
261,5.2200,2.609159,1,weight_shift,0.115450,-0.003735,-0.005614,-0.000131,-0.002756
262,5.2400,2.860403,1,weight_shift,0.115451,-0.003758,-0.005679,0.000084,-0.002792
263,5.2600,3.111646,1,weight_shift,0.115455,-0.003768,-0.005455,0.000573,0.002631
264,5.2800,-2.920296,1,weight_shift,0.115455,-0.003706,-0.005005,-0.000730,-0.002690
265,5.3000,-2.669052,1,weight_shift,0.115441,-0.003769,-0.004407,-0.000849,-0.008599
266,5.3200,-2.417808,1,weight_shift,0.115422,-0.003877,-0.003593,-0.000899,-0.007078
267,5.3400,-2.166565,1,weight_shift,0.115414,-0.003907,-0.002777,-0.000379,-0.005031
268,5.3600,-1.915321,1,weight_shift,0.115405,-0.003899,-0.001871,-0.000438,-0.001048
269,5.3800,-1.664077,1,weight_shift,0.115401,-0.003796,-0.001116,0.000057,0.002999
270,5.4000,-1.412834,1,weight_shift,0.115400,-0.003720,-0.000398,-0.000133,0.001397
271,5.4200,-1.161590,1,weight_shift,0.115396,-0.003652,0.000031,-0.000187,0.001934
272,5.4400,-0.910346,1,weight_shift,0.115394,-0.003590,0.000101,0.000032,0.005825
273,5.4600,-0.659103,1,weight_shift,0.115395,-0.003582,0.000128,-0.000001,-0.000740
274,5.4800,-0.407859,1,weight_shift,0.115393,-0.003600,-0.000039,-0.000096,0.000018
275,5.5000,-0.156616,1,weight_shift,0.115393,-0.003626,-0.000543,-0.000016,0.000643
276,5.5200,0.094628,1,weight_shift,0.115398,-0.003618,-0.001166,0.000230,-0.000169
277,5.5400,0.345872,1,weight_shift,0.115401,-0.003686,-0.001792,0.000097,-0.001188
278,5.5600,0.597115,1,weight_shift,0.115405,-0.003715,-0.002597,0.000439,0.006004
279,5.5800,0.848359,1,weight_shift,0.115412,-0.003713,-0.003309,0.000299,0.001711
280,5.6000,1.099603,1,weight_shift,0.115418,-0.003704,-0.003907,0.000247,0.003382
281,5.6200,1.350846,1,weight_shift,0.115429,-0.003625,-0.004445,0.000457,0.004448
282,5.6400,1.602090,1,weight_shift,0.115436,-0.003582,-0.004846,0.000226,0.002961
283,5.6600,1.853334,1,weight_shift,0.115444,-0.003539,-0.005201,0.000342,0.001390
284,5.6800,2.104577,1,weight_shift,0.115447,-0.003582,-0.005380,0.000038,-0.002548
285,5.7000,2.355821,1,weight_shift,0.115448,-0.003629,-0.005590,0.000256,0.001132
286,5.7200,2.607065,1,weight_shift,0.115449,-0.003698,-0.005680,-0.000035,-0.004219
287,5.7400,2.858308,1,weight_shift,0.115446,-0.003774,-0.005659,-0.000253,-0.003537
288,5.7600,3.109552,1,weight_shift,0.115457,-0.003718,-0.005467,0.000806,0.003332
289,5.7800,-2.922390,1,weight_shift,0.115446,-0.003759,-0.004959,-0.000941,-0.006021
290,5.8000,-2.671146,1,weight_shift,0.115431,-0.003828,-0.004359,-0.000481,-0.005906
291,5.8200,-2.419903,1,weight_shift,0.115419,-0.003916,-0.003581,-0.000656,-0.006451
292,5.8400,-2.168659,1,weight_shift,0.115408,-0.003925,-0.002812,-0.000190,0.001794
293,5.8600,-1.917415,1,weight_shift,0.115405,-0.003893,-0.001977,-0.000212,-0.001166
294,5.8800,-1.666172,1,weight_shift,0.115400,-0.003814,-0.001128,-0.000189,0.002278
295,5.9000,-1.414928,1,weight_shift,0.115399,-0.003691,-0.000556,0.000114,0.003213
296,5.9200,-1.163684,1,weight_shift,0.115399,-0.003659,-0.000151,-0.000075,-0.000193
297,5.9400,-0.912441,1,weight_shift,0.115396,-0.003639,-0.000004,-0.000182,0.000889
298,5.9600,-0.661197,1,weight_shift,0.115393,-0.003597,-0.000123,0.000040,0.006091
299,5.9800,-0.409954,1,weight_shift,0.115395,-0.003595,-0.000252,0.000032,-0.000522
300,6.0000,-0.158710,1,weight_shift,0.115395,-0.003622,-0.000584,-0.000031,0.000056
301,6.0200,0.092534,1,weight_shift,0.115395,-0.003662,-0.001220,-0.000012,0.000446
302,6.0400,0.343777,1,weight_shift,0.115400,-0.003660,-0.001926,0.000217,0.000059
303,6.0600,0.595021,1,weight_shift,0.115404,-0.003718,-0.002618,0.000117,-0.000135
304,6.0800,0.846265,1,weight_shift,0.115410,-0.003713,-0.003415,0.000490,0.004377
305,6.1000,1.097508,1,weight_shift,0.115418,-0.003693,-0.003996,0.000323,0.002590
306,6.1200,1.348752,1,weight_shift,0.115426,-0.003645,-0.004487,0.000774,0.007247
307,6.1400,1.599996,1,weight_shift,0.115436,-0.003590,-0.004842,0.000327,0.002294
308,6.1600,1.851239,1,weight_shift,0.115441,-0.003580,-0.005101,0.000527,0.003507
309,6.1800,2.102483,1,weight_shift,0.115446,-0.003621,-0.005226,0.000106,-0.003337
310,6.2000,2.353726,1,weight_shift,0.115446,-0.003696,-0.005337,-0.000049,-0.002963
311,6.2200,2.604970,1,weight_shift,0.115448,-0.003731,-0.005493,0.000139,-0.002683
312,6.2400,2.856214,1,weight_shift,0.115447,-0.003803,-0.005484,-0.000238,-0.003700
313,6.2600,3.107457,1,weight_shift,0.115449,-0.003768,-0.005325,0.000938,0.010809
314,6.2800,-2.924484,1,weight_shift,0.115450,-0.003712,-0.004869,-0.000665,-0.004206
315,6.3000,-2.673241,1,weight_shift,0.115433,-0.003777,-0.004225,-0.000537,-0.002869
316,6.3200,-2.421997,1,weight_shift,0.115421,-0.003860,-0.003428,-0.000632,-0.007076
317,6.3400,-2.170753,1,weight_shift,0.115409,-0.003902,-0.002574,-0.000548,-0.003730
318,6.3600,-1.919510,1,weight_shift,0.115407,-0.003861,-0.001809,-0.000087,-0.001974
319,6.3800,-1.668266,1,weight_shift,0.115402,-0.003805,-0.000976,-0.000233,0.001246
320,6.4000,-1.417022,1,weight_shift,0.115398,-0.003707,-0.000350,-0.000199,0.002954
321,6.4200,-1.165779,1,weight_shift,0.115398,-0.003630,-0.000051,0.000041,-0.000122
322,6.4400,-0.914535,1,weight_shift,0.115396,-0.003624,0.000095,-0.000166,0.000235
323,6.4600,-0.663292,1,weight_shift,0.115393,-0.003608,0.000006,-0.000180,0.001510
324,6.4800,-0.412048,1,weight_shift,0.115394,-0.003568,-0.000303,0.000226,0.000998
325,6.5000,-0.160804,1,weight_shift,0.115397,-0.003606,-0.000689,0.000036,-0.000731
326,6.5200,0.090439,1,weight_shift,0.115397,-0.003661,-0.001288,-0.000016,-0.000482
327,6.5400,0.341683,1,weight_shift,0.115400,-0.003677,-0.002076,0.000328,0.002796
328,6.5600,0.592927,1,weight_shift,0.115405,-0.003713,-0.002796,0.000186,0.000417
329,6.5800,0.844170,1,weight_shift,0.115411,-0.003718,-0.003560,0.000579,0.006460
330,6.6000,1.095414,1,weight_shift,0.115420,-0.003688,-0.004120,0.000370,0.002496
331,6.6200,1.346658,1,weight_shift,0.115426,-0.003658,-0.004522,0.000286,0.003508
332,6.6400,1.597901,1,weight_shift,0.115438,-0.003589,-0.004908,0.000384,0.002927
333,6.6600,1.849145,1,weight_shift,0.115442,-0.003593,-0.005151,0.000055,-0.000584
334,6.6800,2.100388,1,weight_shift,0.115447,-0.003613,-0.005319,0.000133,-0.002913
335,6.7000,2.351632,1,weight_shift,0.115447,-0.003688,-0.005424,-0.000055,-0.003063
336,6.7200,2.602876,1,weight_shift,0.115448,-0.003717,-0.005577,0.000144,-0.000823
337,6.7400,2.854119,1,weight_shift,0.115447,-0.003781,-0.005535,-0.000221,-0.003814
338,6.7600,3.105363,1,weight_shift,0.115447,-0.003780,-0.005310,0.000516,0.003680
339,6.7800,-2.926579,1,weight_shift,0.115454,-0.003652,-0.004869,-0.000478,-0.003011
340,6.8000,-2.675335,1,weight_shift,0.115434,-0.003750,-0.004176,-0.001135,-0.008338
341,6.8200,-2.424091,1,weight_shift,0.115420,-0.003830,-0.003480,-0.000464,-0.007582
342,6.8400,-2.172848,1,weight_shift,0.115409,-0.003899,-0.002667,-0.000590,-0.004882
343,6.8600,-1.921604,1,weight_shift,0.115402,-0.003858,-0.001908,-0.000021,0.000547
344,6.8800,-1.670361,1,weight_shift,0.115400,-0.003791,-0.001088,-0.000141,0.001326
345,6.9000,-1.419117,1,weight_shift,0.115396,-0.003687,-0.000402,-0.000211,0.002985
346,6.9200,-1.167873,1,weight_shift,0.115394,-0.003589,-0.000094,0.000122,0.002625
347,6.9400,-0.916630,1,weight_shift,0.115395,-0.003585,0.000068,-0.000062,-0.000744
348,6.9600,-0.665386,1,weight_shift,0.115392,-0.003586,0.000037,-0.000160,0.000590
349,6.9800,-0.414142,1,weight_shift,0.115391,-0.003565,-0.000293,0.000101,0.006140
350,7.0000,-0.162899,1,weight_shift,0.115395,-0.003578,-0.000656,0.000132,-0.000707
351,7.0200,0.088345,1,weight_shift,0.115396,-0.003636,-0.001178,0.000038,-0.000917
352,7.0400,0.339589,1,weight_shift,0.115398,-0.003669,-0.001929,0.000315,0.005638
353,7.0600,0.590832,1,weight_shift,0.115404,-0.003693,-0.002650,0.000219,0.000472
354,7.0800,0.842076,1,weight_shift,0.115408,-0.003723,-0.003361,0.000171,0.001834
355,7.1000,1.093319,1,weight_shift,0.115418,-0.003674,-0.004077,0.000510,0.004994
356,7.1200,1.344563,1,weight_shift,0.115426,-0.003624,-0.004588,0.000331,0.003888
357,7.1400,1.595807,1,weight_shift,0.115436,-0.003558,-0.005032,0.000608,0.004980
358,7.1600,1.847050,1,weight_shift,0.115442,-0.003551,-0.005282,0.000131,-0.001066
359,7.1800,2.098294,1,weight_shift,0.115444,-0.003588,-0.005453,0.000376,0.001387
360,7.2000,2.349538,1,weight_shift,0.115447,-0.003653,-0.005555,0.000047,-0.003894
361,7.2200,2.600781,1,weight_shift,0.115446,-0.003727,-0.005642,-0.000126,-0.002837
362,7.2400,2.852025,1,weight_shift,0.115447,-0.003769,-0.005627,-0.000075,-0.004435
363,7.2600,3.103269,1,weight_shift,0.115454,-0.003741,-0.005331,0.000615,0.004228
364,7.2800,-2.928673,1,weight_shift,0.115454,-0.003640,-0.004892,-0.000411,0.002608
365,7.3000,-2.677429,1,weight_shift,0.115437,-0.003744,-0.004205,-0.001063,-0.009913
366,7.3200,-2.426186,1,weight_shift,0.115418,-0.003845,-0.003388,-0.000528,-0.003625
367,7.3400,-2.174942,1,weight_shift,0.115409,-0.003907,-0.002506,-0.000481,-0.005772
368,7.3600,-1.923699,1,weight_shift,0.115399,-0.003902,-0.001605,-0.000384,-0.001368
369,7.3800,-1.672455,1,weight_shift,0.115399,-0.003811,-0.000838,0.000041,0.000268
370,7.4000,-1.421211,1,weight_shift,0.115397,-0.003734,-0.000122,-0.000192,0.001858
371,7.4200,-1.169968,1,weight_shift,0.115393,-0.003659,0.000245,-0.000181,0.002367
372,7.4400,-0.918724,1,weight_shift,0.115393,-0.003597,0.000309,0.000126,0.000329
373,7.4600,-0.667480,1,weight_shift,0.115393,-0.003612,0.000289,-0.000102,-0.000375
374,7.4800,-0.416237,1,weight_shift,0.115390,-0.003621,0.000022,-0.000131,0.000944
375,7.5000,-0.164993,1,weight_shift,0.115392,-0.003601,-0.000556,0.000268,0.003374
376,7.5200,0.086251,1,weight_shift,0.115396,-0.003641,-0.001141,0.000158,-0.000755
377,7.5400,0.337494,1,weight_shift,0.115398,-0.003707,-0.001848,0.000048,-0.000230
378,7.5600,0.588738,1,weight_shift,0.115405,-0.003709,-0.002705,0.000372,0.002491
379,7.5800,0.839981,1,weight_shift,0.115411,-0.003725,-0.003430,0.000246,0.001888
380,7.6000,1.091225,1,weight_shift,0.115420,-0.003685,-0.004112,0.000598,0.005685
381,7.6200,1.342469,1,weight_shift,0.115429,-0.003636,-0.004590,0.000373,0.003478
382,7.6400,1.593712,1,weight_shift,0.115437,-0.003585,-0.005000,0.000741,0.006416
383,7.6600,1.844956,1,weight_shift,0.115445,-0.003572,-0.005248,0.000171,-0.001046
384,7.6800,2.096200,1,weight_shift,0.115448,-0.003610,-0.005391,0.000368,0.001289
385,7.7000,2.347443,1,weight_shift,0.115451,-0.003678,-0.005475,0.000049,-0.004122
386,7.7200,2.598687,1,weight_shift,0.115449,-0.003755,-0.005548,-0.000133,-0.002976
387,7.7400,2.849931,1,weight_shift,0.115450,-0.003781,-0.005601,0.000076,-0.002973
388,7.7600,3.101174,1,weight_shift,0.115454,-0.003793,-0.005370,0.000580,0.002457
389,7.7800,-2.930767,1,weight_shift,0.115459,-0.003697,-0.004911,-0.000430,-0.000351
390,7.8000,-2.679524,1,weight_shift,0.115444,-0.003751,-0.004306,-0.000997,-0.009507
391,7.8200,-2.428280,1,weight_shift,0.115422,-0.003880,-0.003469,-0.001045,-0.008529
392,7.8400,-2.177037,1,weight_shift,0.115412,-0.003929,-0.002637,-0.000462,-0.006224
393,7.8600,-1.925793,1,weight_shift,0.115401,-0.003936,-0.001728,-0.000477,-0.001883
394,7.8800,-1.674549,1,weight_shift,0.115397,-0.003840,-0.000982,0.000045,0.002619
395,7.9000,-1.423306,1,weight_shift,0.115396,-0.003766,-0.000276,-0.000134,0.001206
396,7.9200,-1.172062,1,weight_shift,0.115392,-0.003697,0.000149,-0.000190,0.001970
397,7.9400,-0.920818,1,weight_shift,0.115390,-0.003630,0.000231,0.000109,0.002115
398,7.9600,-0.669575,1,weight_shift,0.115391,-0.003639,0.000248,-0.000061,-0.000662
399,7.9800,-0.418331,1,weight_shift,0.115389,-0.003652,0.000032,-0.000124,0.000614
400,8.0000,-0.167087,1,weight_shift,0.115389,-0.003645,-0.000527,0.000202,0.006846
401,8.0200,0.084156,1,weight_shift,0.115394,-0.003665,-0.001102,0.000200,-0.000424
402,8.0400,0.335400,1,weight_shift,0.115397,-0.003727,-0.001756,0.000089,-0.000255
403,8.0600,0.586643,1,weight_shift,0.115402,-0.003731,-0.002600,0.000435,0.004105
404,8.0800,0.837887,1,weight_shift,0.115410,-0.003733,-0.003309,0.000288,0.002146
405,8.1000,1.089131,1,weight_shift,0.115417,-0.003700,-0.003968,0.000713,0.007636
406,8.1200,1.340374,1,weight_shift,0.115428,-0.003637,-0.004445,0.000417,0.003784
407,8.1400,1.591618,1,weight_shift,0.115434,-0.003599,-0.004813,0.000222,0.003147
408,8.1600,1.842862,1,weight_shift,0.115443,-0.003562,-0.005137,0.000234,0.000157
409,8.1800,2.094105,1,weight_shift,0.115444,-0.003612,-0.005304,-0.000002,-0.002325
410,8.2000,2.345349,1,weight_shift,0.115447,-0.003650,-0.005477,0.000144,-0.002901
411,8.2200,2.596593,1,weight_shift,0.115447,-0.003738,-0.005564,-0.000098,-0.004041
412,8.2400,2.847836,1,weight_shift,0.115445,-0.003787,-0.005625,0.000096,0.001247
413,8.2600,3.099080,1,weight_shift,0.115460,-0.003686,-0.005355,0.000693,0.005045
414,8.2800,-2.932862,1,weight_shift,0.115446,-0.003714,-0.004820,-0.001036,-0.006416
415,8.3000,-2.681618,1,weight_shift,0.115432,-0.003802,-0.004239,-0.000552,-0.008535
416,8.3200,-2.430375,1,weight_shift,0.115418,-0.003909,-0.003470,-0.000739,-0.007175
417,8.3400,-2.179131,1,weight_shift,0.115409,-0.003921,-0.002740,-0.000153,-0.002208
418,8.3600,-1.927887,1,weight_shift,0.115404,-0.003906,-0.001906,-0.000309,-0.001369
419,8.3800,-1.676644,1,weight_shift,0.115398,-0.003823,-0.001104,-0.000225,0.002518
420,8.4000,-1.425400,1,weight_shift,0.115397,-0.003704,-0.000551,0.000115,0.001367
421,8.4200,-1.174156,1,weight_shift,0.115396,-0.003670,-0.000156,-0.000134,0.000371
422,8.4400,-0.922913,1,weight_shift,0.115393,-0.003639,-0.000041,-0.000197,0.001467
423,8.4600,-0.671669,1,weight_shift,0.115392,-0.003587,-0.000155,0.000128,0.002519
424,8.4800,-0.420426,1,weight_shift,0.115393,-0.003603,-0.000287,-0.000018,-0.000585
425,8.5000,-0.169182,1,weight_shift,0.115392,-0.003629,-0.000662,-0.000050,0.000417
426,8.5200,0.082062,1,weight_shift,0.115393,-0.003640,-0.001343,0.000269,0.006422
427,8.5400,0.333305,1,weight_shift,0.115399,-0.003667,-0.001988,0.000189,-0.000281
428,8.5600,0.584549,1,weight_shift,0.115401,-0.003721,-0.002691,0.000110,0.000618
429,8.5800,0.835793,1,weight_shift,0.115410,-0.003700,-0.003469,0.000441,0.003657
430,8.6000,1.087036,1,weight_shift,0.115417,-0.003681,-0.004056,0.000300,0.002995
431,8.6200,1.338280,1,weight_shift,0.115427,-0.003619,-0.004565,0.000641,0.005906
432,8.6400,1.589524,1,weight_shift,0.115435,-0.003572,-0.004915,0.000289,0.002316
433,8.6600,1.840767,1,weight_shift,0.115440,-0.003559,-0.005193,0.000536,0.003657
434,8.6800,2.092011,1,weight_shift,0.115445,-0.003596,-0.005327,0.000097,-0.003014
435,8.7000,2.343254,1,weight_shift,0.115445,-0.003667,-0.005436,-0.000052,-0.002746
436,8.7200,2.594498,1,weight_shift,0.115448,-0.003716,-0.005536,0.000042,-0.004134
437,8.7400,2.845742,1,weight_shift,0.115445,-0.003798,-0.005498,-0.000275,-0.004050
438,8.7600,3.096985,1,weight_shift,0.115454,-0.003702,-0.005323,0.000997,0.008747
439,8.7800,-2.934956,1,weight_shift,0.115447,-0.003721,-0.004854,-0.000826,-0.006121
440,8.8000,-2.683713,1,weight_shift,0.115429,-0.003799,-0.004232,-0.000527,-0.003154
441,8.8200,-2.432469,1,weight_shift,0.115418,-0.003883,-0.003459,-0.000614,-0.007201
442,8.8400,-2.181225,1,weight_shift,0.115408,-0.003904,-0.002664,-0.000189,0.000879
443,8.8600,-1.929982,1,weight_shift,0.115405,-0.003886,-0.001810,-0.000220,-0.002136
444,8.8800,-1.678738,1,weight_shift,0.115400,-0.003817,-0.000955,-0.000197,0.001579
445,8.9000,-1.427494,1,weight_shift,0.115398,-0.003698,-0.000383,0.000107,0.003018
446,8.9200,-1.176251,1,weight_shift,0.115398,-0.003664,0.000032,-0.000080,-0.000194
447,8.9400,-0.925007,1,weight_shift,0.115395,-0.003641,0.000187,-0.000189,0.001038
448,8.9600,-0.673764,1,weight_shift,0.115392,-0.003596,0.000064,0.000027,0.006273
449,8.9800,-0.422520,1,weight_shift,0.115394,-0.003594,-0.000082,0.000027,-0.000452
450,9.0000,-0.171276,1,weight_shift,0.115394,-0.003623,-0.000436,-0.000036,0.000139
451,9.0200,0.079967,1,weight_shift,0.115395,-0.003641,-0.001115,0.000241,0.006249
452,9.0400,0.331211,1,weight_shift,0.115400,-0.003676,-0.001774,0.000184,-0.000712
453,9.0600,0.582455,1,weight_shift,0.115403,-0.003741,-0.002499,0.000098,0.000241
454,9.0800,0.833698,1,weight_shift,0.115409,-0.003733,-0.003336,0.000490,0.004880
455,9.1000,1.084942,1,weight_shift,0.115417,-0.003709,-0.003954,0.000317,0.003085
456,9.1200,1.336186,1,weight_shift,0.115427,-0.003649,-0.004473,0.000648,0.005853
457,9.1400,1.587429,1,weight_shift,0.115436,-0.003605,-0.004835,0.000302,0.002192
458,9.1600,1.838673,1,weight_shift,0.115441,-0.003596,-0.005126,0.000538,0.003626
459,9.1800,2.089916,1,weight_shift,0.115446,-0.003635,-0.005272,0.000102,-0.003033
460,9.2000,2.341160,1,weight_shift,0.115446,-0.003706,-0.005394,-0.000046,-0.002757
461,9.2200,2.592404,1,weight_shift,0.115449,-0.003756,-0.005509,0.000047,-0.004043
462,9.2400,2.843647,1,weight_shift,0.115446,-0.003836,-0.005487,-0.000276,-0.003885
463,9.2600,3.094891,1,weight_shift,0.115455,-0.003736,-0.005324,0.001000,0.009103
464,9.2800,-2.937051,1,weight_shift,0.115448,-0.003750,-0.004865,-0.000830,-0.005860
465,9.3000,-2.685807,1,weight_shift,0.115430,-0.003823,-0.004248,-0.000531,-0.002998
466,9.3200,-2.434563,1,weight_shift,0.115419,-0.003904,-0.003477,-0.000621,-0.007077
467,9.3400,-2.183320,1,weight_shift,0.115408,-0.003922,-0.002684,-0.000194,0.000964
468,9.3600,-1.932076,1,weight_shift,0.115405,-0.003901,-0.001830,-0.000227,-0.002077
469,9.3800,-1.680832,1,weight_shift,0.115400,-0.003831,-0.000973,-0.000203,0.001620
470,9.4000,-1.429589,1,weight_shift,0.115398,-0.003710,-0.000398,0.000105,0.003067
471,9.4200,-1.178345,1,weight_shift,0.115398,-0.003674,0.000023,-0.000082,-0.000141
472,9.4400,-0.927102,1,weight_shift,0.115395,-0.003650,0.000182,-0.000191,0.001090
473,9.4600,-0.675858,1,weight_shift,0.115392,-0.003603,0.000064,0.000026,0.006352
474,9.4800,-0.424614,1,weight_shift,0.115394,-0.003600,-0.000079,0.000025,-0.000407
475,9.5000,-0.173371,1,weight_shift,0.115394,-0.003629,-0.000430,-0.000039,0.000191
476,9.5200,0.077873,1,weight_shift,0.115395,-0.003646,-0.001106,0.000240,0.006289
477,9.5400,0.329117,1,weight_shift,0.115400,-0.003681,-0.001762,0.000182,-0.000711
478,9.5600,0.580360,1,weight_shift,0.115403,-0.003746,-0.002486,0.000096,0.000236
479,9.5800,0.831604,1,weight_shift,0.115409,-0.003739,-0.003321,0.000488,0.004880
480,9.6000,1.082847,1,weight_shift,0.115417,-0.003716,-0.003938,0.000316,0.003071
481,9.6200,1.334091,1,weight_shift,0.115427,-0.003657,-0.004458,0.000647,0.005856
482,9.6400,1.585335,1,weight_shift,0.115436,-0.003613,-0.004820,0.000303,0.002214
483,9.6600,1.836578,1,weight_shift,0.115441,-0.003604,-0.005112,0.000540,0.003684
484,9.6800,2.087822,1,weight_shift,0.115446,-0.003641,-0.005258,0.000104,-0.003013
485,9.7000,2.339066,1,weight_shift,0.115446,-0.003713,-0.005380,-0.000044,-0.002753
486,9.7200,2.590309,1,weight_shift,0.115449,-0.003762,-0.005496,0.000049,-0.004029
487,9.7400,2.841553,1,weight_shift,0.115446,-0.003842,-0.005477,-0.000275,-0.003863
488,9.7600,3.092797,1,weight_shift,0.115455,-0.003741,-0.005316,0.001002,0.009205
489,9.7800,-2.939145,1,weight_shift,0.115448,-0.003753,-0.004859,-0.000829,-0.005820
490,9.8000,-2.687901,1,weight_shift,0.115430,-0.003826,-0.004245,-0.000531,-0.002995
491,9.8200,-2.436658,1,weight_shift,0.115419,-0.003907,-0.003476,-0.000622,-0.007109
492,9.8400,-2.185414,1,weight_shift,0.115408,-0.003925,-0.002684,-0.000195,0.000931
493,9.8600,-1.934171,1,weight_shift,0.115405,-0.003905,-0.001831,-0.000229,-0.002132
494,9.8800,-1.682927,1,weight_shift,0.115400,-0.003835,-0.000975,-0.000205,0.001571
495,9.9000,-1.431683,1,weight_shift,0.115398,-0.003714,-0.000399,0.000106,0.003048
496,9.9200,-1.180440,1,weight_shift,0.115398,-0.003677,0.000024,-0.000082,-0.000144
497,9.9400,-0.929196,1,weight_shift,0.115395,-0.003652,0.000184,-0.000191,0.001100
498,9.9600,-0.677952,1,weight_shift,0.115392,-0.003605,0.000068,0.000026,0.006393
499,9.9800,-0.426709,1,weight_shift,0.115394,-0.003602,-0.000073,0.000025,-0.000385
500,10.0000,-0.175465,1,weight_shift,0.115394,-0.003630,-0.000423,-0.000040,0.000229
501,10.0200,0.075779,1,weight_shift,0.115395,-0.003647,-0.001099,0.000239,0.006337
502,10.0400,0.327022,1,weight_shift,0.115400,-0.003682,-0.001754,0.000182,-0.000690
503,10.0600,0.578266,1,weight_shift,0.115403,-0.003748,-0.002477,0.000095,0.000254
504,10.0800,0.829509,1,weight_shift,0.115409,-0.003741,-0.003312,0.000487,0.004899
505,10.1000,1.080753,1,weight_shift,0.115417,-0.003719,-0.003930,0.000315,0.003075
506,10.1200,1.331997,1,weight_shift,0.115427,-0.003659,-0.004451,0.000647,0.005869
507,10.1400,1.583240,1,weight_shift,0.115436,-0.003616,-0.004814,0.000304,0.002238
508,10.1600,1.834484,1,weight_shift,0.115441,-0.003606,-0.005106,0.000542,0.003732
509,10.1800,2.085728,1,weight_shift,0.115446,-0.003643,-0.005252,0.000105,-0.002996
510,10.2000,2.336971,1,weight_shift,0.115446,-0.003714,-0.005373,-0.000043,-0.002749
511,10.2200,2.588215,1,weight_shift,0.115449,-0.003764,-0.005490,0.000050,-0.004018
512,10.2400,2.839459,1,weight_shift,0.115446,-0.003844,-0.005473,-0.000273,-0.003850
513,10.2600,3.090702,1,weight_shift,0.115455,-0.003742,-0.005314,0.001003,0.009256
514,10.2800,-2.941239,1,weight_shift,0.115448,-0.003753,-0.004859,-0.000828,-0.005811
515,10.3000,-2.689996,1,weight_shift,0.115430,-0.003826,-0.004245,-0.000531,-0.003008
516,10.3200,-2.438752,1,weight_shift,0.115419,-0.003907,-0.003478,-0.000622,-0.007154
517,10.3400,-2.187509,1,weight_shift,0.115409,-0.003925,-0.002687,-0.000196,0.000888
518,10.3600,-1.936265,1,weight_shift,0.115405,-0.003905,-0.001834,-0.000230,-0.002196
519,10.3800,-1.685021,1,weight_shift,0.115400,-0.003836,-0.000978,-0.000206,0.001512
520,10.4000,-1.433778,1,weight_shift,0.115398,-0.003715,-0.000401,0.000106,0.003025
521,10.4200,-1.182534,1,weight_shift,0.115398,-0.003678,0.000024,-0.000082,-0.000152
522,10.4400,-0.931290,1,weight_shift,0.115395,-0.003653,0.000186,-0.000191,0.001102
523,10.4600,-0.680047,1,weight_shift,0.115392,-0.003606,0.000072,0.000025,0.006419
524,10.4800,-0.428803,1,weight_shift,0.115394,-0.003602,-0.000067,0.000024,-0.000368
525,10.5000,-0.177559,1,weight_shift,0.115394,-0.003629,-0.000416,-0.000040,0.000264
526,10.5200,0.073684,1,weight_shift,0.115395,-0.003646,-0.001091,0.000239,0.006385
527,10.5400,0.324928,1,weight_shift,0.115400,-0.003681,-0.001746,0.000181,-0.000668
528,10.5600,0.576171,1,weight_shift,0.115403,-0.003747,-0.002468,0.000095,0.000275
529,10.5800,0.827415,1,weight_shift,0.115409,-0.003741,-0.003304,0.000486,0.004922
530,10.6000,1.078659,1,weight_shift,0.115417,-0.003719,-0.003923,0.000314,0.003082
531,10.6200,1.329902,1,weight_shift,0.115427,-0.003660,-0.004445,0.000646,0.005885
532,10.6400,1.581146,1,weight_shift,0.115436,-0.003616,-0.004808,0.000306,0.002265
533,10.6600,1.832390,1,weight_shift,0.115441,-0.003606,-0.005101,0.000544,0.003780
534,10.6800,2.083633,1,weight_shift,0.115446,-0.003643,-0.005248,0.000106,-0.002979
535,10.7000,2.334877,1,weight_shift,0.115446,-0.003714,-0.005368,-0.000042,-0.002743
536,10.7200,2.586121,1,weight_shift,0.115449,-0.003763,-0.005486,0.000052,-0.004007
537,10.7400,2.837364,1,weight_shift,0.115446,-0.003843,-0.005470,-0.000272,-0.003840
538,10.7600,3.088608,1,weight_shift,0.115456,-0.003741,-0.005313,0.001004,0.009281
539,10.7800,-2.943334,1,weight_shift,0.115448,-0.003752,-0.004860,-0.000827,-0.005815
540,10.8000,-2.692090,1,weight_shift,0.115431,-0.003825,-0.004248,-0.000531,-0.003027
541,10.8200,-2.440847,1,weight_shift,0.115419,-0.003905,-0.003482,-0.000623,-0.007202
542,10.8400,-2.189603,1,weight_shift,0.115409,-0.003924,-0.002691,-0.000197,0.000841
543,10.8600,-1.938359,1,weight_shift,0.115405,-0.003905,-0.001839,-0.000231,-0.002263
544,10.8800,-1.687116,1,weight_shift,0.115400,-0.003836,-0.000981,-0.000207,0.001451
545,10.9000,-1.435872,1,weight_shift,0.115398,-0.003715,-0.000403,0.000106,0.003000
546,10.9200,-1.184628,1,weight_shift,0.115398,-0.003678,0.000024,-0.000082,-0.000163
547,10.9400,-0.933385,1,weight_shift,0.115395,-0.003652,0.000188,-0.000191,0.001102
548,10.9600,-0.682141,1,weight_shift,0.115392,-0.003605,0.000076,0.000025,0.006439
549,10.9800,-0.430897,1,weight_shift,0.115394,-0.003601,-0.000062,0.000024,-0.000355
550,11.0000,-0.179654,1,weight_shift,0.115394,-0.003628,-0.000409,-0.000041,0.000297
551,11.0200,0.071590,1,weight_shift,0.115395,-0.003645,-0.001084,0.000238,0.006433
552,11.0400,0.322833,1,weight_shift,0.115400,-0.003680,-0.001738,0.000181,-0.000646
553,11.0600,0.574077,1,weight_shift,0.115403,-0.003746,-0.002460,0.000094,0.000296
554,11.0800,0.825321,1,weight_shift,0.115409,-0.003740,-0.003296,0.000485,0.004945
555,11.1000,1.076564,1,weight_shift,0.115417,-0.003718,-0.003916,0.000314,0.003091
556,11.1200,1.327808,1,weight_shift,0.115427,-0.003659,-0.004439,0.000645,0.005903
557,11.1400,1.579052,1,weight_shift,0.115436,-0.003616,-0.004803,0.000307,0.002293
558,11.1600,1.830295,1,weight_shift,0.115441,-0.003605,-0.005097,0.000546,0.003827
559,11.1800,2.081539,1,weight_shift,0.115446,-0.003641,-0.005244,0.000107,-0.002961
560,11.2000,2.332782,1,weight_shift,0.115446,-0.003713,-0.005365,-0.000042,-0.002735
561,11.2200,2.584026,1,weight_shift,0.115449,-0.003762,-0.005483,0.000053,-0.003995
562,11.2400,2.835270,1,weight_shift,0.115446,-0.003842,-0.005469,-0.000270,-0.003831
563,11.2600,3.086513,1,weight_shift,0.115456,-0.003739,-0.005314,0.001004,0.009293
564,11.2800,-2.945428,1,weight_shift,0.115449,-0.003750,-0.004862,-0.000826,-0.005827
565,11.3000,-2.694185,1,weight_shift,0.115431,-0.003823,-0.004251,-0.000531,-0.003048
566,11.3200,-2.442941,1,weight_shift,0.115420,-0.003904,-0.003486,-0.000623,-0.007253
567,11.3400,-2.191697,1,weight_shift,0.115409,-0.003923,-0.002696,-0.000197,0.000793
568,11.3600,-1.940454,1,weight_shift,0.115406,-0.003904,-0.001844,-0.000232,-0.002331
569,11.3800,-1.689210,1,weight_shift,0.115400,-0.003835,-0.000986,-0.000209,0.001389
570,11.4000,-1.437966,1,weight_shift,0.115398,-0.003714,-0.000406,0.000107,0.002975
571,11.4200,-1.186723,1,weight_shift,0.115399,-0.003677,0.000023,-0.000082,-0.000173
572,11.4400,-0.935479,1,weight_shift,0.115395,-0.003651,0.000189,-0.000191,0.001100
573,11.4600,-0.684236,1,weight_shift,0.115393,-0.003604,0.000079,0.000024,0.006452
574,11.4800,-0.432992,1,weight_shift,0.115394,-0.003600,-0.000057,0.000023,-0.000344
575,11.5000,-0.181748,1,weight_shift,0.115394,-0.003627,-0.000403,-0.000042,0.000327
576,11.5200,0.069495,1,weight_shift,0.115395,-0.003643,-0.001077,0.000238,0.006480
577,11.5400,0.320739,1,weight_shift,0.115400,-0.003678,-0.001731,0.000181,-0.000624
578,11.5600,0.571983,1,weight_shift,0.115403,-0.003744,-0.002452,0.000094,0.000318
579,11.5800,0.823226,1,weight_shift,0.115409,-0.003739,-0.003288,0.000484,0.004969
580,11.6000,1.074470,1,weight_shift,0.115417,-0.003717,-0.003909,0.000313,0.003101
581,11.6200,1.325714,1,weight_shift,0.115427,-0.003659,-0.004433,0.000645,0.005922
582,11.6400,1.576957,1,weight_shift,0.115436,-0.003615,-0.004798,0.000308,0.002322
583,11.6600,1.828201,1,weight_shift,0.115441,-0.003604,-0.005094,0.000548,0.003875
584,11.6800,2.079444,1,weight_shift,0.115446,-0.003640,-0.005241,0.000107,-0.002942
585,11.7000,2.330688,1,weight_shift,0.115446,-0.003711,-0.005362,-0.000041,-0.002727
586,11.7200,2.581932,1,weight_shift,0.115449,-0.003760,-0.005481,0.000054,-0.003982
587,11.7400,2.833175,1,weight_shift,0.115446,-0.003840,-0.005468,-0.000269,-0.003822
588,11.7600,3.084419,1,weight_shift,0.115456,-0.003738,-0.005315,0.001005,0.009299
589,11.7800,-2.947523,1,weight_shift,0.115449,-0.003748,-0.004865,-0.000825,-0.005842
590,11.8000,-2.696279,1,weight_shift,0.115431,-0.003821,-0.004256,-0.000530,-0.003071
591,11.8200,-2.445035,1,weight_shift,0.115420,-0.003902,-0.003491,-0.000624,-0.007303
592,11.8400,-2.193792,1,weight_shift,0.115409,-0.003922,-0.002701,-0.000198,0.000744
593,11.8600,-1.942548,1,weight_shift,0.115406,-0.003903,-0.001849,-0.000233,-0.002399
594,11.8800,-1.691304,1,weight_shift,0.115400,-0.003835,-0.000991,-0.000210,0.001327
595,11.9000,-1.440061,1,weight_shift,0.115399,-0.003714,-0.000410,0.000107,0.002951
596,11.9200,-1.188817,1,weight_shift,0.115399,-0.003677,0.000022,-0.000082,-0.000184
597,11.9400,-0.937574,1,weight_shift,0.115395,-0.003651,0.000189,-0.000190,0.001097
598,11.9600,-0.686330,1,weight_shift,0.115393,-0.003603,0.000081,0.000024,0.006461
599,11.9800,-0.435086,1,weight_shift,0.115394,-0.003598,-0.000053,0.000023,-0.000335
600,12.0000,-0.183843,1,weight_shift,0.115394,-0.003625,-0.000398,-0.000042,0.000357
601,12.0200,0.067401,1,weight_shift,0.115395,-0.003641,-0.001071,0.000237,0.006526
602,12.0400,0.318645,1,weight_shift,0.115400,-0.003677,-0.001724,0.000180,-0.000602
603,12.0600,0.569888,1,weight_shift,0.115403,-0.003743,-0.002444,0.000093,0.000339
604,12.0800,0.821132,1,weight_shift,0.115409,-0.003737,-0.003281,0.000483,0.004992
605,12.1000,1.072376,1,weight_shift,0.115417,-0.003717,-0.003902,0.000313,0.003112
606,12.1200,1.323619,1,weight_shift,0.115427,-0.003658,-0.004427,0.000644,0.005942
607,12.1400,1.574863,1,weight_shift,0.115436,-0.003615,-0.004793,0.000309,0.002351
608,12.1600,1.826106,1,weight_shift,0.115441,-0.003603,-0.005090,0.000550,0.003923
609,12.1800,2.077350,1,weight_shift,0.115446,-0.003638,-0.005238,0.000108,-0.002924
610,12.2000,2.328594,1,weight_shift,0.115446,-0.003709,-0.005359,-0.000041,-0.002717
611,12.2200,2.579837,1,weight_shift,0.115449,-0.003759,-0.005479,0.000054,-0.003969
612,12.2400,2.831081,1,weight_shift,0.115446,-0.003838,-0.005468,-0.000267,-0.003813
613,12.2600,3.082325,1,weight_shift,0.115456,-0.003736,-0.005317,0.001006,0.009302
614,12.2800,-2.949617,1,weight_shift,0.115449,-0.003746,-0.004868,-0.000823,-0.005858
615,12.3000,-2.698373,1,weight_shift,0.115431,-0.003819,-0.004260,-0.000530,-0.003095
616,12.3200,-2.447130,1,weight_shift,0.115420,-0.003900,-0.003496,-0.000624,-0.007353
617,12.3400,-2.195886,1,weight_shift,0.115409,-0.003920,-0.002707,-0.000199,0.000695
618,12.3600,-1.944643,1,weight_shift,0.115406,-0.003902,-0.001855,-0.000235,-0.002466
619,12.3800,-1.693399,1,weight_shift,0.115400,-0.003834,-0.000997,-0.000212,0.001265
620,12.4000,-1.442155,1,weight_shift,0.115399,-0.003714,-0.000414,0.000107,0.002926
621,12.4200,-1.190912,1,weight_shift,0.115399,-0.003676,0.000020,-0.000082,-0.000194
622,12.4400,-0.939668,1,weight_shift,0.115395,-0.003650,0.000189,-0.000190,0.001095
623,12.4600,-0.688424,1,weight_shift,0.115393,-0.003602,0.000082,0.000024,0.006470
624,12.4800,-0.437181,1,weight_shift,0.115395,-0.003597,-0.000050,0.000022,-0.000326
625,12.5000,-0.185937,1,weight_shift,0.115394,-0.003624,-0.000393,-0.000043,0.000386
626,12.5200,0.065307,1,weight_shift,0.115395,-0.003640,-0.001065,0.000237,0.006571
627,12.5400,0.316550,1,weight_shift,0.115400,-0.003675,-0.001717,0.000180,-0.000580
628,12.5600,0.567794,1,weight_shift,0.115403,-0.003742,-0.002436,0.000092,0.000361
629,12.5800,0.819037,1,weight_shift,0.115409,-0.003736,-0.003273,0.000482,0.005014
630,12.6000,1.070281,1,weight_shift,0.115417,-0.003716,-0.003895,0.000312,0.003123
631,12.6200,1.321525,1,weight_shift,0.115425,-0.003667,-0.004429,0.000774,0.007726
632,12.6400,1.572768,1,weight_shift,0.115435,-0.003609,-0.004811,0.000338,0.002845
633,12.6600,1.824012,1,weight_shift,0.115441,-0.003591,-0.005095,0.000560,0.004108
634,12.6800,2.075256,1,weight_shift,0.115446,-0.003627,-0.005228,0.000114,-0.003088
635,12.7000,2.326499,1,weight_shift,0.115446,-0.003701,-0.005335,-0.000040,-0.002880
636,12.7200,2.577743,1,weight_shift,0.115448,-0.003737,-0.005491,0.000140,-0.002687
637,12.7400,2.828987,1,weight_shift,0.115447,-0.003811,-0.005492,-0.000227,-0.003791
638,12.7600,3.080230,1,weight_shift,0.115450,-0.003777,-0.005348,0.000960,0.010853
639,12.7800,-2.951711,1,weight_shift,0.115451,-0.003716,-0.004903,-0.000660,-0.004407
640,12.8000,-2.700468,1,weight_shift,0.115433,-0.003780,-0.004267,-0.000544,-0.003257
641,12.8200,-2.449224,1,weight_shift,0.115422,-0.003866,-0.003470,-0.000651,-0.007809
642,12.8400,-2.197981,1,weight_shift,0.115409,-0.003913,-0.002615,-0.000570,-0.004520
643,12.8600,-1.946737,1,weight_shift,0.115406,-0.003879,-0.001851,-0.000109,-0.002851
644,12.8800,-1.695493,1,weight_shift,0.115402,-0.003829,-0.001012,-0.000257,0.000415
645,12.9000,-1.444250,1,weight_shift,0.115397,-0.003713,-0.000399,-0.000067,0.006936
646,12.9200,-1.193006,1,weight_shift,0.115398,-0.003657,0.000017,-0.000041,-0.000116
647,12.9400,-0.941762,1,weight_shift,0.115395,-0.003637,0.000204,-0.000166,0.000575
648,12.9600,-0.690519,1,weight_shift,0.115392,-0.003619,0.000125,-0.000153,0.001501
649,12.9800,-0.439275,1,weight_shift,0.115394,-0.003595,-0.000087,0.000105,-0.000548
650,13.0000,-0.188031,1,weight_shift,0.115394,-0.003641,-0.000447,-0.000018,-0.000592
651,13.0200,0.063212,1,weight_shift,0.115394,-0.003699,-0.001064,-0.000021,0.000067
652,13.0400,0.314456,1,weight_shift,0.115399,-0.003708,-0.001756,0.000204,-0.000155
653,13.0600,0.565699,1,weight_shift,0.115402,-0.003777,-0.002444,0.000105,-0.000092
654,13.0800,0.816943,1,weight_shift,0.115408,-0.003779,-0.003251,0.000469,0.004730
655,13.1000,1.068187,1,weight_shift,0.115416,-0.003764,-0.003854,0.000319,0.002850
656,13.1200,1.319430,1,weight_shift,0.115424,-0.003716,-0.004372,0.000766,0.007783
657,13.1400,1.570674,1,weight_shift,0.115434,-0.003657,-0.004751,0.000346,0.002959
658,13.1600,1.821918,1,weight_shift,0.115440,-0.003637,-0.005044,0.000561,0.004388
659,13.1800,2.073161,1,weight_shift,0.115445,-0.003670,-0.005191,0.000115,-0.002946
660,13.2000,2.324405,1,weight_shift,0.115445,-0.003742,-0.005310,-0.000043,-0.002771
661,13.2200,2.575649,1,weight_shift,0.115448,-0.003778,-0.005480,0.000138,-0.002637
662,13.2400,2.826892,1,weight_shift,0.115447,-0.003852,-0.005494,-0.000222,-0.003657
663,13.2600,3.078136,1,weight_shift,0.115450,-0.003814,-0.005365,0.000966,0.011017
664,13.2800,-2.953806,1,weight_shift,0.115455,-0.003708,-0.004936,-0.000560,-0.002710
665,13.3000,-2.702562,1,weight_shift,0.115437,-0.003768,-0.004296,-0.000668,-0.003766
666,13.3200,-2.451319,1,weight_shift,0.115423,-0.003865,-0.003482,-0.000746,-0.008433
667,13.3400,-2.200075,1,weight_shift,0.115410,-0.003898,-0.002652,-0.000256,-0.000044
668,13.3600,-1.948831,1,weight_shift,0.115406,-0.003887,-0.001779,-0.000252,-0.002907
669,13.3800,-1.697588,1,weight_shift,0.115401,-0.003823,-0.000914,-0.000217,0.001042
670,13.4000,-1.446344,1,weight_shift,0.115399,-0.003702,-0.000334,0.000100,0.002941
671,13.4200,-1.195100,1,weight_shift,0.115399,-0.003663,0.000100,-0.000085,-0.000170
672,13.4400,-0.943857,1,weight_shift,0.115395,-0.003636,0.000265,-0.000194,0.001151
673,13.4600,-0.692613,1,weight_shift,0.115393,-0.003588,0.000152,0.000016,0.006469
674,13.4800,-0.441369,1,weight_shift,0.115394,-0.003585,0.000010,0.000020,-0.000315
675,13.5000,-0.190126,1,weight_shift,0.115394,-0.003612,-0.000344,-0.000039,0.000451
676,13.5200,0.061118,1,weight_shift,0.115395,-0.003628,-0.001029,0.000243,0.006723
677,13.5400,0.312361,1,weight_shift,0.115400,-0.003663,-0.001694,0.000187,-0.000418
678,13.5600,0.563605,1,weight_shift,0.115403,-0.003728,-0.002426,0.000099,0.000564
679,13.5800,0.814849,1,weight_shift,0.115409,-0.003722,-0.003273,0.000491,0.005211
680,13.6000,1.066092,1,weight_shift,0.115417,-0.003700,-0.003905,0.000318,0.003315
681,13.6200,1.317336,1,weight_shift,0.115427,-0.003640,-0.004438,0.000651,0.006117
682,13.6400,1.568580,1,weight_shift,0.115436,-0.003594,-0.004810,0.000313,0.002538
683,13.6600,1.819823,1,weight_shift,0.115442,-0.003580,-0.005113,0.000559,0.004081
684,13.6800,2.071067,1,weight_shift,0.115447,-0.003614,-0.005263,0.000108,-0.002874
685,13.7000,2.322310,1,weight_shift,0.115447,-0.003685,-0.005384,-0.000041,-0.002720
686,13.7200,2.573554,1,weight_shift,0.115450,-0.003735,-0.005505,0.000055,-0.003960
687,13.7400,2.824798,1,weight_shift,0.115447,-0.003815,-0.005498,-0.000264,-0.003825
688,13.7600,3.076041,1,weight_shift,0.115457,-0.003716,-0.005351,0.001002,0.008975
689,13.7800,-2.955900,1,weight_shift,0.115450,-0.003730,-0.004906,-0.000824,-0.006073
690,13.8000,-2.704657,1,weight_shift,0.115432,-0.003804,-0.004300,-0.000531,-0.003231
691,13.8200,-2.453413,1,weight_shift,0.115421,-0.003886,-0.003535,-0.000630,-0.007526
692,13.8400,-2.202169,1,weight_shift,0.115410,-0.003907,-0.002744,-0.000205,0.000526
693,13.8600,-1.950926,1,weight_shift,0.115406,-0.003891,-0.001892,-0.000243,-0.002673
694,13.8800,-1.699682,1,weight_shift,0.115401,-0.003824,-0.001030,-0.000220,0.001080
695,13.9000,-1.448438,1,weight_shift,0.115399,-0.003703,-0.000442,0.000106,0.002857
696,13.9200,-1.197195,1,weight_shift,0.115399,-0.003664,0.000001,-0.000085,-0.000217
697,13.9400,-0.945951,1,weight_shift,0.115396,-0.003637,0.000176,-0.000192,0.001089
698,13.9600,-0.694707,1,weight_shift,0.115393,-0.003589,0.000076,0.000023,0.006398
699,13.9800,-0.443464,1,weight_shift,0.115395,-0.003585,-0.000051,0.000019,-0.000332
700,14.0000,-0.192220,1,weight_shift,0.115394,-0.003611,-0.000388,-0.000045,0.000459
701,14.0200,0.059023,1,weight_shift,0.115395,-0.003627,-0.001057,0.000237,0.006686
702,14.0400,0.310267,1,weight_shift,0.115400,-0.003662,-0.001707,0.000180,-0.000505
703,14.0600,0.561511,1,weight_shift,0.115403,-0.003729,-0.002424,0.000092,0.000449
704,14.0800,0.812754,1,weight_shift,0.115409,-0.003725,-0.003261,0.000481,0.005102
705,14.1000,1.063998,1,weight_shift,0.115417,-0.003705,-0.003885,0.000312,0.003178
706,14.1200,1.315242,1,weight_shift,0.115427,-0.003648,-0.004415,0.000644,0.006034
707,14.1400,1.566485,1,weight_shift,0.115436,-0.003603,-0.004784,0.000312,0.002478
708,14.1600,1.817729,1,weight_shift,0.115441,-0.003590,-0.005086,0.000557,0.004101
709,14.1800,2.068972,1,weight_shift,0.115446,-0.003624,-0.005236,0.000109,-0.002865
710,14.2000,2.320216,1,weight_shift,0.115446,-0.003695,-0.005356,-0.000040,-0.002696
711,14.2200,2.571460,1,weight_shift,0.115450,-0.003745,-0.005479,0.000057,-0.003935
712,14.2400,2.822703,1,weight_shift,0.115447,-0.003824,-0.005475,-0.000261,-0.003800
713,14.2600,3.073947,1,weight_shift,0.115457,-0.003723,-0.005332,0.001008,0.009156
714,14.2800,-2.957995,1,weight_shift,0.115450,-0.003735,-0.004891,-0.000820,-0.006013
715,14.3000,-2.706751,1,weight_shift,0.115432,-0.003809,-0.004289,-0.000528,-0.003240
716,14.3200,-2.455507,1,weight_shift,0.115421,-0.003892,-0.003527,-0.000628,-0.007577
717,14.3400,-2.204264,1,weight_shift,0.115410,-0.003914,-0.002740,-0.000202,0.000469
718,14.3600,-1.953020,1,weight_shift,0.115406,-0.003897,-0.001891,-0.000241,-0.002742
719,14.3800,-1.701776,1,weight_shift,0.115401,-0.003831,-0.001031,-0.000219,0.001019
720,14.4000,-1.450533,1,weight_shift,0.115399,-0.003711,-0.000444,0.000108,0.002821
721,14.4200,-1.199289,1,weight_shift,0.115399,-0.003672,0.000001,-0.000084,-0.000232
722,14.4400,-0.948046,1,weight_shift,0.115396,-0.003645,0.000176,-0.000191,0.001089
723,14.4600,-0.696802,1,weight_shift,0.115393,-0.003596,0.000078,0.000024,0.006441
724,14.4800,-0.445558,1,weight_shift,0.115395,-0.003592,-0.000046,0.000019,-0.000312
725,14.5000,-0.194315,1,weight_shift,0.115394,-0.003618,-0.000382,-0.000046,0.000493
726,14.5200,0.056929,1,weight_shift,0.115395,-0.003633,-0.001049,0.000237,0.006726
727,14.5400,0.308173,1,weight_shift,0.115400,-0.003669,-0.001698,0.000179,-0.000489
728,14.5600,0.559416,1,weight_shift,0.115403,-0.003736,-0.002414,0.000090,0.000460
729,14.5800,0.810660,1,weight_shift,0.115409,-0.003732,-0.003251,0.000479,0.005112
730,14.6000,1.061904,1,weight_shift,0.115417,-0.003713,-0.003876,0.000310,0.003180
731,14.6200,1.313147,1,weight_shift,0.115427,-0.003656,-0.004406,0.000642,0.006048
732,14.6400,1.564391,1,weight_shift,0.115436,-0.003611,-0.004776,0.000313,0.002508
733,14.6600,1.815634,1,weight_shift,0.115441,-0.003597,-0.005079,0.000559,0.004154
734,14.6800,2.066878,1,weight_shift,0.115446,-0.003631,-0.005230,0.000110,-0.002837
735,14.7000,2.318122,1,weight_shift,0.115446,-0.003702,-0.005351,-0.000039,-0.002675
736,14.7200,2.569365,1,weight_shift,0.115449,-0.003751,-0.005474,0.000059,-0.003912
737,14.7400,2.820609,1,weight_shift,0.115447,-0.003830,-0.005472,-0.000259,-0.003779
738,14.7600,3.071853,1,weight_shift,0.115451,-0.003786,-0.005353,0.000935,0.006575
739,14.7800,-2.960089,1,weight_shift,0.115451,-0.003744,-0.004918,-0.000721,-0.004354
740,14.8000,-2.708845,1,weight_shift,0.115433,-0.003802,-0.004314,-0.000563,-0.002934
741,14.8200,-2.457602,1,weight_shift,0.115421,-0.003883,-0.003548,-0.000661,-0.007694
742,14.8400,-2.206358,1,weight_shift,0.115410,-0.003908,-0.002753,-0.000219,0.000272
743,14.8600,-1.955114,1,weight_shift,0.115406,-0.003894,-0.001898,-0.000250,-0.002925
744,14.8800,-1.703871,1,weight_shift,0.115401,-0.003830,-0.001033,-0.000223,0.000875
745,14.9000,-1.452627,1,weight_shift,0.115399,-0.003710,-0.000443,0.000108,0.002761
746,14.9200,-1.201384,1,weight_shift,0.115399,-0.003671,0.000005,-0.000083,-0.000264
747,14.9400,-0.950140,1,weight_shift,0.115396,-0.003644,0.000183,-0.000191,0.001079
748,14.9600,-0.698896,1,weight_shift,0.115393,-0.003596,0.000087,0.000023,0.006467
749,14.9800,-0.447653,1,weight_shift,0.115395,-0.003591,-0.000037,0.000019,-0.000306
750,15.0000,-0.196409,1,weight_shift,0.115394,-0.003617,-0.000373,-0.000047,0.000512
751,15.0200,0.054835,1,weight_shift,0.115395,-0.003632,-0.001040,0.000236,0.006764
752,15.0400,0.306078,1,weight_shift,0.115400,-0.003668,-0.001689,0.000178,-0.000474
753,15.0600,0.557322,1,weight_shift,0.115403,-0.003736,-0.002405,0.000089,0.000476
754,15.0800,0.808566,1,weight_shift,0.115409,-0.003732,-0.003243,0.000478,0.005130
755,15.1000,1.059809,1,weight_shift,0.115417,-0.003714,-0.003869,0.000310,0.003186
756,15.1200,1.311053,1,weight_shift,0.115425,-0.003666,-0.004409,0.000772,0.007848
757,15.1400,1.562296,1,weight_shift,0.115435,-0.003607,-0.004794,0.000342,0.002989
758,15.1600,1.813540,1,weight_shift,0.115441,-0.003588,-0.005084,0.000569,0.004328
759,15.1800,2.064784,1,weight_shift,0.115446,-0.003622,-0.005220,0.000116,-0.003010
760,15.2000,2.316027,1,weight_shift,0.115446,-0.003695,-0.005327,-0.000038,-0.002844
761,15.2200,2.567271,1,weight_shift,0.115449,-0.003747,-0.005441,0.000056,-0.004064
762,15.2400,2.818515,1,weight_shift,0.115446,-0.003828,-0.005434,-0.000265,-0.003875
763,15.2600,3.069758,1,weight_shift,0.115451,-0.003785,-0.005312,0.000930,0.006537
764,15.2800,-2.962183,1,weight_shift,0.115446,-0.003809,-0.004899,-0.000687,-0.005781
765,15.3000,-2.710940,1,weight_shift,0.115435,-0.003840,-0.004344,-0.000125,0.000265
766,15.3200,-2.459696,1,weight_shift,0.115425,-0.003912,-0.003611,-0.000718,-0.007964
767,15.3400,-2.208453,1,weight_shift,0.115411,-0.003947,-0.002809,-0.000300,-0.000462
768,15.3600,-1.957209,1,weight_shift,0.115406,-0.003940,-0.001933,-0.000302,-0.003244
769,15.3800,-1.705965,1,weight_shift,0.115400,-0.003876,-0.001053,-0.000239,0.000868
770,15.4000,-1.454722,1,weight_shift,0.115399,-0.003760,-0.000425,0.000108,0.000752
771,15.4200,-1.203478,1,weight_shift,0.115398,-0.003718,0.000050,-0.000147,0.000363
772,15.4400,-0.952234,1,weight_shift,0.115394,-0.003676,0.000215,-0.000214,0.001854
773,15.4600,-0.700991,1,weight_shift,0.115391,-0.003616,0.000102,0.000024,0.007028
774,15.4800,-0.449747,1,weight_shift,0.115393,-0.003606,-0.000036,0.000022,-0.000092
775,15.5000,-0.198503,1,weight_shift,0.115393,-0.003631,-0.000383,-0.000036,0.000602
776,15.5200,0.052740,1,weight_shift,0.115394,-0.003646,-0.001057,0.000250,0.006864
777,15.5400,0.303984,1,weight_shift,0.115399,-0.003679,-0.001708,0.000186,-0.000337
778,15.5600,0.555227,1,weight_shift,0.115402,-0.003745,-0.002425,0.000095,0.000622
779,15.5800,0.806471,1,weight_shift,0.115408,-0.003739,-0.003260,0.000485,0.005250
780,15.6000,1.057715,1,weight_shift,0.115416,-0.003719,-0.003885,0.000313,0.003288
781,15.6200,1.308958,1,weight_shift,0.115426,-0.003661,-0.004414,0.000646,0.006129
782,15.6400,1.560202,1,weight_shift,0.115435,-0.003616,-0.004783,0.000315,0.002582
783,15.6600,1.811446,1,weight_shift,0.115441,-0.003601,-0.005085,0.000563,0.004226
784,15.6800,2.062689,1,weight_shift,0.115445,-0.003634,-0.005233,0.000112,-0.002817
785,15.7000,2.313933,1,weight_shift,0.115446,-0.003704,-0.005351,-0.000037,-0.002672
786,15.7200,2.565177,1,weight_shift,0.115449,-0.003753,-0.005473,0.000061,-0.003900
787,15.7400,2.816420,1,weight_shift,0.115446,-0.003833,-0.005472,-0.000255,-0.003781
788,15.7600,3.067664,1,weight_shift,0.115451,-0.003788,-0.005356,0.000938,0.006670
789,15.7800,-2.964278,1,weight_shift,0.115451,-0.003743,-0.004922,-0.000718,-0.004338
790,15.8000,-2.713034,1,weight_shift,0.115433,-0.003801,-0.004320,-0.000561,-0.002967
791,15.8200,-2.461791,1,weight_shift,0.115421,-0.003883,-0.003555,-0.000660,-0.007800
792,15.8400,-2.210547,1,weight_shift,0.115410,-0.003908,-0.002761,-0.000219,0.000173
793,15.8600,-1.959303,1,weight_shift,0.115406,-0.003895,-0.001906,-0.000251,-0.003067
794,15.8800,-1.708060,1,weight_shift,0.115400,-0.003833,-0.001042,-0.000224,0.000748
795,15.9000,-1.456816,1,weight_shift,0.115399,-0.003713,-0.000450,0.000110,0.002701
796,15.9200,-1.205572,1,weight_shift,0.115399,-0.003674,0.000003,-0.000083,-0.000296
797,15.9400,-0.954329,1,weight_shift,0.115395,-0.003646,0.000184,-0.000190,0.001069
798,15.9600,-0.703085,1,weight_shift,0.115393,-0.003597,0.000091,0.000023,0.006508
799,15.9800,-0.451841,1,weight_shift,0.115394,-0.003592,-0.000030,0.000019,-0.000294
800,16.0000,-0.200598,1,weight_shift,0.115394,-0.003618,-0.000364,-0.000047,0.000563
801,16.0200,0.050646,1,weight_shift,0.115394,-0.003660,-0.001006,-0.000019,0.001033
802,16.0400,0.301889,1,weight_shift,0.115399,-0.003663,-0.001717,0.000207,0.000333
803,16.0600,0.553133,1,weight_shift,0.115402,-0.003730,-0.002411,0.000099,0.000136
804,16.0800,0.804377,1,weight_shift,0.115408,-0.003735,-0.003222,0.000471,0.004681
805,16.1000,1.055620,1,weight_shift,0.115415,-0.003726,-0.003830,0.000307,0.002753
806,16.1200,1.306864,1,weight_shift,0.115424,-0.003684,-0.004356,0.000761,0.007686
807,16.1400,1.558108,1,weight_shift,0.115433,-0.003628,-0.004735,0.000345,0.002946
808,16.1600,1.809351,1,weight_shift,0.115440,-0.003608,-0.005025,0.000571,0.004492
809,16.1800,2.060595,1,weight_shift,0.115445,-0.003640,-0.005164,0.000119,-0.002947
810,16.2000,2.311839,1,weight_shift,0.115445,-0.003712,-0.005274,-0.000037,-0.002794
811,16.2200,2.563082,1,weight_shift,0.115447,-0.003750,-0.005439,0.000140,-0.002682
812,16.2400,2.814326,1,weight_shift,0.115446,-0.003825,-0.005456,-0.000212,-0.003795
813,16.2600,3.065569,1,weight_shift,0.115449,-0.003791,-0.005335,0.000974,0.010947
814,16.2800,-2.966372,1,weight_shift,0.115450,-0.003728,-0.004911,-0.000645,-0.004403
815,16.3000,-2.715129,1,weight_shift,0.115434,-0.003790,-0.004293,-0.000532,-0.003299
816,16.3200,-2.463885,1,weight_shift,0.115422,-0.003875,-0.003510,-0.000648,-0.008031
817,16.3400,-2.212641,1,weight_shift,0.115409,-0.003922,-0.002666,-0.000570,-0.004787
818,16.3600,-1.961398,1,weight_shift,0.115407,-0.003890,-0.001913,-0.000111,-0.003182
819,16.3800,-1.710154,1,weight_shift,0.115402,-0.003841,-0.001079,-0.000262,0.000084
820,16.4000,-1.458910,1,weight_shift,0.115397,-0.003725,-0.000460,-0.000063,0.006796
821,16.4200,-1.207667,1,weight_shift,0.115398,-0.003666,-0.000027,-0.000045,-0.000172
822,16.4400,-0.956423,1,weight_shift,0.115395,-0.003644,0.000175,-0.000168,0.000578
823,16.4600,-0.705179,1,weight_shift,0.115392,-0.003625,0.000111,-0.000157,0.001598
824,16.4800,-0.453936,1,weight_shift,0.115394,-0.003599,-0.000085,0.000100,-0.000478
825,16.5000,-0.202692,1,weight_shift,0.115394,-0.003644,-0.000431,-0.000025,-0.000377
826,16.5200,0.048551,1,weight_shift,0.115394,-0.003699,-0.001040,-0.000020,0.000361
827,16.5400,0.299795,1,weight_shift,0.115399,-0.003708,-0.001725,0.000202,0.000012
828,16.5600,0.551039,1,weight_shift,0.115402,-0.003779,-0.002407,0.000101,0.000062
829,16.5800,0.802282,1,weight_shift,0.115408,-0.003782,-0.003213,0.000462,0.004897
830,16.6000,1.053526,1,weight_shift,0.115416,-0.003769,-0.003819,0.000315,0.002934
831,16.6200,1.304770,1,weight_shift,0.115424,-0.003724,-0.004343,0.000761,0.007954
832,16.6400,1.556013,1,weight_shift,0.115434,-0.003663,-0.004725,0.000352,0.003158
833,16.6600,1.807257,1,weight_shift,0.115440,-0.003640,-0.005025,0.000573,0.004714
834,16.6800,2.058501,1,weight_shift,0.115445,-0.003670,-0.005174,0.000119,-0.002831
835,16.7000,2.309744,1,weight_shift,0.115445,-0.003742,-0.005292,-0.000040,-0.002708
836,16.7200,2.560988,1,weight_shift,0.115449,-0.003792,-0.005422,0.000062,-0.003863
837,16.7400,2.812231,1,weight_shift,0.115446,-0.003870,-0.005433,-0.000254,-0.003622
838,16.7600,3.063475,1,weight_shift,0.115451,-0.003822,-0.005331,0.000939,0.006792
839,16.7800,-2.968467,1,weight_shift,0.115451,-0.003776,-0.004914,-0.000714,-0.004195
840,16.8000,-2.717223,1,weight_shift,0.115433,-0.003830,-0.004326,-0.000557,-0.002775
841,16.8200,-2.465979,1,weight_shift,0.115421,-0.003908,-0.003573,-0.000658,-0.007637
842,16.8400,-2.214736,1,weight_shift,0.115410,-0.003929,-0.002790,-0.000215,0.000313
843,16.8600,-1.963492,1,weight_shift,0.115406,-0.003913,-0.001946,-0.000251,-0.002960
844,16.8800,-1.712248,1,weight_shift,0.115400,-0.003847,-0.001089,-0.000226,0.000839
845,16.9000,-1.461005,1,weight_shift,0.115400,-0.003732,-0.000472,0.000112,0.000631
846,16.9200,-1.209761,1,weight_shift,0.115399,-0.003691,-0.000000,-0.000147,0.000244
847,16.9400,-0.958518,1,weight_shift,0.115394,-0.003650,0.000165,-0.000212,0.001734
848,16.9600,-0.707274,1,weight_shift,0.115392,-0.003594,0.000056,0.000029,0.006796
849,16.9800,-0.456030,1,weight_shift,0.115393,-0.003586,-0.000076,0.000020,-0.000181
850,17.0000,-0.204787,1,weight_shift,0.115393,-0.003612,-0.000414,-0.000041,0.000590
851,17.0200,0.046457,1,weight_shift,0.115394,-0.003628,-0.001081,0.000247,0.006851
852,17.0400,0.297701,1,weight_shift,0.115399,-0.003665,-0.001726,0.000180,-0.000367
853,17.0600,0.548944,1,weight_shift,0.115402,-0.003732,-0.002437,0.000089,0.000607
854,17.0800,0.800188,1,weight_shift,0.115409,-0.003724,-0.003240,0.000416,0.003704
855,17.1000,1.051432,1,weight_shift,0.115416,-0.003719,-0.003863,0.000283,0.003020
856,17.1200,1.302675,1,weight_shift,0.115426,-0.003664,-0.004416,0.000630,0.006188
857,17.1400,1.553919,1,weight_shift,0.115435,-0.003617,-0.004801,0.000306,0.002874
858,17.1600,1.805162,1,weight_shift,0.115440,-0.003598,-0.005118,0.000574,0.004537
859,17.1800,2.056406,1,weight_shift,0.115445,-0.003627,-0.005276,0.000110,-0.002619
860,17.2000,2.307650,1,weight_shift,0.115445,-0.003695,-0.005395,-0.000039,-0.002580
861,17.2200,2.558893,1,weight_shift,0.115449,-0.003744,-0.005518,0.000062,-0.003870
862,17.2400,2.810137,1,weight_shift,0.115446,-0.003823,-0.005518,-0.000250,-0.003800
863,17.2600,3.061381,1,weight_shift,0.115456,-0.003722,-0.005379,0.001020,0.009206
864,17.2800,-2.970561,1,weight_shift,0.115449,-0.003733,-0.004943,-0.000815,-0.006172
865,17.3000,-2.719317,1,weight_shift,0.115432,-0.003808,-0.004343,-0.000524,-0.003492
866,17.3200,-2.468074,1,weight_shift,0.115420,-0.003893,-0.003581,-0.000632,-0.007962
867,17.3400,-2.216830,1,weight_shift,0.115409,-0.003918,-0.002791,-0.000205,0.000087
868,17.3600,-1.965586,1,weight_shift,0.115406,-0.003906,-0.001941,-0.000248,-0.003209
869,17.3800,-1.714343,1,weight_shift,0.115400,-0.003843,-0.001077,-0.000228,0.000596
870,17.4000,-1.463099,1,weight_shift,0.115398,-0.003723,-0.000480,0.000110,0.002624
871,17.4200,-1.211856,1,weight_shift,0.115398,-0.003682,-0.000017,-0.000086,-0.000309
872,17.4400,-0.960612,1,weight_shift,0.115395,-0.003653,0.000173,-0.000192,0.001087
873,17.4600,-0.709368,1,weight_shift,0.115392,-0.003603,0.000089,0.000022,0.006498
874,17.4800,-0.458125,1,weight_shift,0.115394,-0.003598,-0.000024,0.000016,-0.000271
875,17.5000,-0.206881,1,weight_shift,0.115393,-0.003623,-0.000350,-0.000052,0.000650
876,17.5200,0.044363,1,weight_shift,0.115394,-0.003638,-0.001012,0.000234,0.006956
877,17.5400,0.295606,1,weight_shift,0.115399,-0.003674,-0.001656,0.000176,-0.000371
878,17.5600,0.546850,1,weight_shift,0.115402,-0.003743,-0.002370,0.000086,0.000591
879,17.5800,0.798094,1,weight_shift,0.115408,-0.003741,-0.003207,0.000474,0.005254
880,17.6000,1.049337,1,weight_shift,0.115415,-0.003724,-0.003838,0.000307,0.003268
881,17.6200,1.300581,1,weight_shift,0.115425,-0.003668,-0.004376,0.000640,0.006183
882,17.6400,1.551824,1,weight_shift,0.115434,-0.003624,-0.004753,0.000318,0.002706
883,17.6600,1.803068,1,weight_shift,0.115440,-0.003607,-0.005064,0.000571,0.004444
884,17.6800,2.054312,1,weight_shift,0.115445,-0.003638,-0.005219,0.000114,-0.002721
885,17.7000,2.305555,1,weight_shift,0.115445,-0.003708,-0.005339,-0.000037,-0.002615
886,17.7200,2.556799,1,weight_shift,0.115449,-0.003757,-0.005467,0.000065,-0.003820
887,17.7400,2.808043,1,weight_shift,0.115446,-0.003835,-0.005475,-0.000248,-0.003724
888,17.7600,3.059286,1,weight_shift,0.115451,-0.003790,-0.005369,0.000946,0.006688
889,17.7800,-2.972655,1,weight_shift,0.115451,-0.003745,-0.004943,-0.000716,-0.004402
890,17.8000,-2.721412,1,weight_shift,0.115433,-0.003803,-0.004348,-0.000560,-0.003092
891,17.8200,-2.470168,1,weight_shift,0.115421,-0.003886,-0.003586,-0.000664,-0.008017
892,17.8400,-2.218924,1,weight_shift,0.115410,-0.003913,-0.002795,-0.000222,-0.000059
893,17.8600,-1.967681,1,weight_shift,0.115406,-0.003903,-0.001943,-0.000257,-0.003346
894,17.8800,-1.716437,1,weight_shift,0.115400,-0.003841,-0.001079,-0.000232,0.000492
895,17.9000,-1.465194,1,weight_shift,0.115398,-0.003722,-0.000481,0.000110,0.002575
896,17.9200,-1.213950,1,weight_shift,0.115399,-0.003681,-0.000016,-0.000085,-0.000331
897,17.9400,-0.962706,1,weight_shift,0.115395,-0.003652,0.000174,-0.000191,0.001080
898,17.9600,-0.711463,1,weight_shift,0.115392,-0.003602,0.000091,0.000023,0.006513
899,17.9800,-0.460219,1,weight_shift,0.115394,-0.003597,-0.000022,0.000016,-0.000265
900,18.0000,-0.208975,1,weight_shift,0.115393,-0.003622,-0.000347,-0.000052,0.000674
901,18.0200,0.042268,1,weight_shift,0.115394,-0.003636,-0.001008,0.000234,0.006999
902,18.0400,0.293512,1,weight_shift,0.115399,-0.003673,-0.001652,0.000176,-0.000350
903,18.0600,0.544756,1,weight_shift,0.115402,-0.003742,-0.002364,0.000085,0.000610
904,18.0800,0.795999,1,weight_shift,0.115408,-0.003740,-0.003201,0.000473,0.005272
905,18.1000,1.047243,1,weight_shift,0.115415,-0.003724,-0.003833,0.000306,0.003270
906,18.1200,1.298486,1,weight_shift,0.115425,-0.003669,-0.004372,0.000639,0.006192
907,18.1400,1.549730,1,weight_shift,0.115434,-0.003624,-0.004749,0.000319,0.002723
908,18.1600,1.800974,1,weight_shift,0.115440,-0.003607,-0.005061,0.000573,0.004482
909,18.1800,2.052217,1,weight_shift,0.115445,-0.003638,-0.005215,0.000115,-0.002710
910,18.2000,2.303461,1,weight_shift,0.115445,-0.003708,-0.005335,-0.000036,-0.002611
911,18.2200,2.554705,1,weight_shift,0.115449,-0.003757,-0.005463,0.000066,-0.003807
912,18.2400,2.805948,1,weight_shift,0.115446,-0.003835,-0.005473,-0.000247,-0.003714
913,18.2600,3.057192,1,weight_shift,0.115451,-0.003789,-0.005368,0.000947,0.006718
914,18.2800,-2.974750,1,weight_shift,0.115451,-0.003744,-0.004945,-0.000714,-0.004396
915,18.3000,-2.723506,1,weight_shift,0.115433,-0.003802,-0.004350,-0.000559,-0.003101
916,18.3200,-2.472262,1,weight_shift,0.115421,-0.003885,-0.003590,-0.000664,-0.008059
917,18.3400,-2.221019,1,weight_shift,0.115410,-0.003912,-0.002799,-0.000222,-0.000101
918,18.3600,-1.969775,1,weight_shift,0.115406,-0.003902,-0.001948,-0.000258,-0.003410
919,18.3800,-1.718532,1,weight_shift,0.115400,-0.003841,-0.001083,-0.000233,0.000431
920,18.4000,-1.467288,1,weight_shift,0.115398,-0.003722,-0.000484,0.000110,0.002545
921,18.4200,-1.216044,1,weight_shift,0.115399,-0.003681,-0.000017,-0.000085,-0.000345
922,18.4400,-0.964801,1,weight_shift,0.115395,-0.003651,0.000176,-0.000191,0.001076
923,18.4600,-0.713557,1,weight_shift,0.115393,-0.003601,0.000094,0.000023,0.006525
924,18.4800,-0.462313,1,weight_shift,0.115394,-0.003596,-0.000018,0.000015,-0.000261
925,18.5000,-0.211070,1,weight_shift,0.115393,-0.003621,-0.000342,-0.000053,0.000699
926,18.5200,0.040174,1,weight_shift,0.115394,-0.003635,-0.001002,0.000234,0.007043
927,18.5400,0.291417,1,weight_shift,0.115399,-0.003671,-0.001645,0.000175,-0.000329
928,18.5600,0.542661,1,weight_shift,0.115402,-0.003740,-0.002357,0.000085,0.000632
929,18.5800,0.793905,1,weight_shift,0.115408,-0.003739,-0.003194,0.000472,0.005297
930,18.6000,1.045148,1,weight_shift,0.115416,-0.003723,-0.003826,0.000306,0.003282
931,18.6200,1.296392,1,weight_shift,0.115424,-0.003677,-0.004373,0.000767,0.008031
932,18.6400,1.547636,1,weight_shift,0.115434,-0.003619,-0.004765,0.000348,0.003192
933,18.6600,1.798879,1,weight_shift,0.115440,-0.003596,-0.005063,0.000583,0.004655
934,18.6800,2.050123,1,weight_shift,0.115445,-0.003627,-0.005203,0.000120,-0.002899
935,18.7000,2.301367,1,weight_shift,0.115445,-0.003700,-0.005308,-0.000035,-0.002787
936,18.7200,2.552610,1,weight_shift,0.115449,-0.003751,-0.005427,0.000063,-0.003956
937,18.7400,2.803854,1,weight_shift,0.115446,-0.003831,-0.005432,-0.000252,-0.003800
938,18.7600,3.055097,1,weight_shift,0.115451,-0.003787,-0.005326,0.000942,0.006662
939,18.7800,-2.976844,1,weight_shift,0.115446,-0.003809,-0.004926,-0.000680,-0.005858
940,18.8000,-2.725601,1,weight_shift,0.115436,-0.003840,-0.004380,-0.000120,0.000184
941,18.8200,-2.474357,1,weight_shift,0.115425,-0.003913,-0.003653,-0.000722,-0.008310
942,18.8400,-2.223113,1,weight_shift,0.115412,-0.003951,-0.002854,-0.000304,-0.000831
943,18.8600,-1.971870,1,weight_shift,0.115406,-0.003947,-0.001983,-0.000311,-0.003725
944,18.8800,-1.720626,1,weight_shift,0.115400,-0.003886,-0.001102,-0.000249,0.000430
945,18.9000,-1.469382,1,weight_shift,0.115399,-0.003771,-0.000466,0.000109,0.000525
946,18.9200,-1.218139,1,weight_shift,0.115398,-0.003726,0.000027,-0.000149,0.000289
947,18.9400,-0.966895,1,weight_shift,0.115394,-0.003682,0.000207,-0.000214,0.001856
948,18.9600,-0.715651,1,weight_shift,0.115391,-0.003620,0.000109,0.000023,0.007096
949,18.9800,-0.464408,1,weight_shift,0.115393,-0.003609,-0.000017,0.000017,-0.000035
950,19.0000,-0.213164,1,weight_shift,0.115392,-0.003633,-0.000352,-0.000042,0.000801
951,19.0200,0.038079,1,weight_shift,0.115393,-0.003646,-0.001019,0.000247,0.007151
952,19.0400,0.289323,1,weight_shift,0.115399,-0.003680,-0.001665,0.000184,-0.000186
953,19.0600,0.540567,1,weight_shift,0.115401,-0.003747,-0.002376,0.000091,0.000780
954,19.0800,0.791810,1,weight_shift,0.115407,-0.003744,-0.003212,0.000479,0.005418
955,19.1000,1.043054,1,weight_shift,0.115415,-0.003727,-0.003842,0.000309,0.003381
956,19.1200,1.294298,1,weight_shift,0.115425,-0.003670,-0.004379,0.000643,0.006276
957,19.1400,1.545541,1,weight_shift,0.115434,-0.003624,-0.004754,0.000321,0.002794
958,19.1600,1.796785,1,weight_shift,0.115440,-0.003606,-0.005065,0.000576,0.004557
959,19.1800,2.048029,1,weight_shift,0.115445,-0.003637,-0.005217,0.000116,-0.002700
960,19.2000,2.299272,1,weight_shift,0.115445,-0.003706,-0.005333,-0.000034,-0.002613
961,19.2200,2.550516,1,weight_shift,0.115449,-0.003755,-0.005460,0.000068,-0.003795
962,19.2400,2.801759,1,weight_shift,0.115446,-0.003833,-0.005471,-0.000243,-0.003715
963,19.2600,3.053003,1,weight_shift,0.115451,-0.003788,-0.005369,0.000949,0.006770
964,19.2800,-2.978939,1,weight_shift,0.115451,-0.003741,-0.004947,-0.000711,-0.004398
965,19.3000,-2.727695,1,weight_shift,0.115433,-0.003798,-0.004355,-0.000558,-0.003131
966,19.3200,-2.476451,1,weight_shift,0.115422,-0.003882,-0.003595,-0.000663,-0.008158
967,19.3400,-2.225208,1,weight_shift,0.115410,-0.003909,-0.002805,-0.000223,-0.000193
968,19.3600,-1.973964,1,weight_shift,0.115406,-0.003900,-0.001955,-0.000259,-0.003547
969,19.3800,-1.722720,1,weight_shift,0.115400,-0.003841,-0.001090,-0.000234,0.000306
970,19.4000,-1.471477,1,weight_shift,0.115399,-0.003722,-0.000489,0.000112,0.002481
971,19.4200,-1.220233,1,weight_shift,0.115399,-0.003681,-0.000018,-0.000085,-0.000380
972,19.4400,-0.968990,1,weight_shift,0.115395,-0.003651,0.000177,-0.000190,0.001064
973,19.4600,-0.717746,1,weight_shift,0.115393,-0.003601,0.000098,0.000023,0.006551
974,19.4800,-0.466502,1,weight_shift,0.115394,-0.003595,-0.000012,0.000015,-0.000254
975,19.5000,-0.215259,1,weight_shift,0.115393,-0.003620,-0.000334,-0.000053,0.000745
976,19.5200,0.035985,1,weight_shift,0.115394,-0.003634,-0.000993,0.000233,0.007135
977,19.5400,0.287229,1,weight_shift,0.115399,-0.003670,-0.001634,0.000175,-0.000279
978,19.5600,0.538472,1,weight_shift,0.115402,-0.003739,-0.002344,0.000084,0.000683
979,19.5800,0.789716,1,weight_shift,0.115408,-0.003738,-0.003181,0.000471,0.005354
980,19.6000,1.040960,1,weight_shift,0.115416,-0.003723,-0.003815,0.000305,0.003309
981,19.6200,1.292203,1,weight_shift,0.115424,-0.003677,-0.004364,0.000766,0.008081
982,19.6400,1.543447,1,weight_shift,0.115434,-0.003619,-0.004757,0.000349,0.003240
983,19.6600,1.794691,1,weight_shift,0.115440,-0.003596,-0.005058,0.000586,0.004740
984,19.6800,2.045934,1,weight_shift,0.115445,-0.003626,-0.005198,0.000122,-0.002872
985,19.7000,2.297178,1,weight_shift,0.115445,-0.003698,-0.005302,-0.000033,-0.002776
986,19.7200,2.548421,1,weight_shift,0.115449,-0.003749,-0.005423,0.000066,-0.003924
987,19.7400,2.799665,1,weight_shift,0.115446,-0.003829,-0.005431,-0.000249,-0.003780
988,19.7600,3.050909,1,weight_shift,0.115451,-0.003784,-0.005329,0.000944,0.006704
989,19.7800,-2.981033,1,weight_shift,0.115446,-0.003807,-0.004932,-0.000677,-0.005869
990,19.8000,-2.729789,1,weight_shift,0.115436,-0.003837,-0.004390,-0.000119,0.000179
991,19.8200,-2.478546,1,weight_shift,0.115425,-0.003910,-0.003664,-0.000723,-0.008398
992,19.8400,-2.227302,1,weight_shift,0.115412,-0.003948,-0.002867,-0.000305,-0.000923
993,19.8600,-1.976058,1,weight_shift,0.115407,-0.003946,-0.001996,-0.000313,-0.003857
994,19.8800,-1.724815,1,weight_shift,0.115400,-0.003886,-0.001115,-0.000252,0.000304
995,19.9000,-1.473571,1,weight_shift,0.115400,-0.003771,-0.000476,0.000110,0.000454
996,19.9200,-1.222328,1,weight_shift,0.115398,-0.003725,0.000022,-0.000149,0.000259
997,19.9400,-0.971084,1,weight_shift,0.115394,-0.003680,0.000206,-0.000214,0.001848
998,19.9600,-0.719840,1,weight_shift,0.115391,-0.003619,0.000112,0.000023,0.007115
999,19.9800,-0.468597,1,weight_shift,0.115393,-0.003608,-0.000012,0.000017,-0.000027
1000,20.0000,-0.217353,1,weight_shift,0.115392,-0.003631,-0.000344,-0.000043,0.000849
1001,20.0200,0.033891,1,weight_shift,0.115393,-0.003644,-0.001009,0.000246,0.007239
1002,20.0400,0.285134,1,weight_shift,0.115399,-0.003678,-0.001652,0.000183,-0.000142
1003,20.0600,0.536378,1,weight_shift,0.115401,-0.003745,-0.002362,0.000090,0.000826
1004,20.0800,0.787622,1,weight_shift,0.115408,-0.003743,-0.003198,0.000477,0.005471
1005,20.1000,1.038865,1,weight_shift,0.115415,-0.003726,-0.003830,0.000308,0.003407
1006,20.1200,1.290109,1,weight_shift,0.115423,-0.003679,-0.004376,0.000770,0.008151
1007,20.1400,1.541352,1,weight_shift,0.115433,-0.003619,-0.004767,0.000351,0.003287
1008,20.1600,1.792596,1,weight_shift,0.115440,-0.003595,-0.005064,0.000588,0.004772
1009,20.1800,2.043840,1,weight_shift,0.115445,-0.003625,-0.005202,0.000122,-0.002878
1010,20.2000,2.295083,1,weight_shift,0.115445,-0.003698,-0.005304,-0.000033,-0.002783
1011,20.2200,2.546327,1,weight_shift,0.115448,-0.003736,-0.005463,0.000140,-0.002695
1012,20.2400,2.797571,1,weight_shift,0.115447,-0.003813,-0.005480,-0.000203,-0.003902
1013,20.2600,3.048814,1,weight_shift,0.115450,-0.003780,-0.005364,0.000984,0.010885
1014,20.2800,-2.983127,1,weight_shift,0.115451,-0.003717,-0.004943,-0.000641,-0.004603
1015,20.3000,-2.731884,1,weight_shift,0.115434,-0.003780,-0.004327,-0.000536,-0.003578
1016,20.3200,-2.480640,1,weight_shift,0.115423,-0.003867,-0.003541,-0.000657,-0.008532
1017,20.3400,-2.229396,1,weight_shift,0.115409,-0.003918,-0.002694,-0.000582,-0.005318
1018,20.3600,-1.978153,1,weight_shift,0.115407,-0.003891,-0.001941,-0.000124,-0.003761
1019,20.3800,-1.726909,1,weight_shift,0.115402,-0.003847,-0.001101,-0.000275,-0.000481
1020,20.4000,-1.475666,1,weight_shift,0.115397,-0.003733,-0.000471,-0.000063,0.006586
1021,20.4200,-1.224422,1,weight_shift,0.115397,-0.003672,-0.000016,-0.000046,-0.000279
1022,20.4400,-0.973178,1,weight_shift,0.115395,-0.003647,0.000201,-0.000167,0.000555
1023,20.4600,-0.721935,1,weight_shift,0.115391,-0.003626,0.000148,-0.000157,0.001665
1024,20.4800,-0.470691,1,weight_shift,0.115393,-0.003600,-0.000038,0.000097,-0.000405
1025,20.5000,-0.219447,1,weight_shift,0.115394,-0.003643,-0.000376,-0.000028,-0.000185
1026,20.5200,0.031796,1,weight_shift,0.115394,-0.003697,-0.000980,-0.000019,0.000670
1027,20.5400,0.283040,1,weight_shift,0.115399,-0.003707,-0.001662,0.000203,0.000221
1028,20.5600,0.534284,1,weight_shift,0.115402,-0.003778,-0.002342,0.000098,0.000258
1029,20.5800,0.785527,1,weight_shift,0.115407,-0.003784,-0.003151,0.000457,0.005104
1030,20.6000,1.036771,1,weight_shift,0.115415,-0.003774,-0.003767,0.000311,0.003048
1031,20.6200,1.288014,1,weight_shift,0.115423,-0.003730,-0.004302,0.000757,0.008167
1032,20.6400,1.539258,1,weight_shift,0.115433,-0.003669,-0.004692,0.000359,0.003395
1033,20.6600,1.790502,1,weight_shift,0.115440,-0.003643,-0.005002,0.000589,0.005095
1034,20.6800,2.041745,1,weight_shift,0.115445,-0.003669,-0.005156,0.000123,-0.002701
1035,20.7000,2.292989,1,weight_shift,0.115445,-0.003740,-0.005273,-0.000036,-0.002640
1036,20.7200,2.544233,1,weight_shift,0.115449,-0.003789,-0.005409,0.000071,-0.003726
1037,20.7400,2.795476,1,weight_shift,0.115446,-0.003866,-0.005434,-0.000239,-0.003535
1038,20.7600,3.046720,1,weight_shift,0.115451,-0.003818,-0.005349,0.000950,0.006921
1039,20.7800,-2.985222,1,weight_shift,0.115447,-0.003836,-0.004967,-0.000670,-0.005628
1040,20.8000,-2.733978,1,weight_shift,0.115437,-0.003860,-0.004442,-0.000319,-0.001115
1041,20.8200,-2.482735,1,weight_shift,0.115425,-0.003939,-0.003717,-0.000733,-0.008420
1042,20.8400,-2.231491,1,weight_shift,0.115412,-0.003972,-0.002923,-0.000284,-0.000712
1043,20.8600,-1.980247,1,weight_shift,0.115407,-0.003964,-0.002059,-0.000301,-0.003669
1044,20.8800,-1.729004,1,weight_shift,0.115401,-0.003900,-0.001180,-0.000250,0.000421
1045,20.9000,-1.477760,1,weight_shift,0.115400,-0.003782,-0.000537,0.000107,0.000531
1046,20.9200,-1.226516,1,weight_shift,0.115399,-0.003732,-0.000031,-0.000156,0.000335
1047,20.9400,-0.975273,1,weight_shift,0.115395,-0.003685,0.000160,-0.000218,0.001898
1048,20.9600,-0.724029,1,weight_shift,0.115392,-0.003622,0.000074,0.000020,0.007095
1049,20.9800,-0.472785,1,weight_shift,0.115393,-0.003611,-0.000040,0.000012,-0.000010
1050,21.0000,-0.221542,1,weight_shift,0.115393,-0.003633,-0.000361,-0.000050,0.000915
1051,21.0200,0.029702,1,weight_shift,0.115394,-0.003645,-0.001017,0.000243,0.007307
1052,21.0400,0.280945,1,weight_shift,0.115399,-0.003679,-0.001655,0.000180,-0.000123
1053,21.0600,0.532189,1,weight_shift,0.115401,-0.003747,-0.002360,0.000087,0.000845
1054,21.0800,0.783433,1,weight_shift,0.115407,-0.003745,-0.003192,0.000473,0.005500
1055,21.1000,1.034676,1,weight_shift,0.115415,-0.003730,-0.003823,0.000306,0.003419
1056,21.1200,1.285920,1,weight_shift,0.115425,-0.003674,-0.004363,0.000638,0.006358
1057,21.1400,1.537164,1,weight_shift,0.115434,-0.003628,-0.004740,0.000323,0.002901
1058,21.1600,1.788407,1,weight_shift,0.115440,-0.003609,-0.005055,0.000581,0.004746
1059,21.1800,2.039651,1,weight_shift,0.115445,-0.003637,-0.005209,0.000117,-0.002629
1060,21.2000,2.290895,1,weight_shift,0.115445,-0.003707,-0.005325,-0.000034,-0.002560
1061,21.2200,2.542138,1,weight_shift,0.115449,-0.003755,-0.005455,0.000071,-0.003719
1062,21.2400,2.793382,1,weight_shift,0.115446,-0.003833,-0.005473,-0.000237,-0.003668
1063,21.2600,3.044626,1,weight_shift,0.115452,-0.003787,-0.005379,0.000954,0.006765
1064,21.2800,-2.987316,1,weight_shift,0.115452,-0.003740,-0.004964,-0.000708,-0.004472
1065,21.3000,-2.736073,1,weight_shift,0.115434,-0.003798,-0.004378,-0.000556,-0.003231
1066,21.3200,-2.484829,1,weight_shift,0.115422,-0.003881,-0.003622,-0.000667,-0.008360
1067,21.3400,-2.233585,1,weight_shift,0.115410,-0.003911,-0.002835,-0.000226,-0.000397
1068,21.3600,-1.982342,1,weight_shift,0.115406,-0.003904,-0.001987,-0.000265,-0.003814
1069,21.3800,-1.731098,1,weight_shift,0.115400,-0.003846,-0.001122,-0.000241,0.000058
1070,21.4000,-1.479854,1,weight_shift,0.115399,-0.003728,-0.000516,0.000111,0.002361
1071,21.4200,-1.228611,1,weight_shift,0.115399,-0.003684,-0.000034,-0.000087,-0.000419
1072,21.4400,-0.977367,1,weight_shift,0.115395,-0.003653,0.000170,-0.000191,0.001066
1073,21.4600,-0.726123,1,weight_shift,0.115393,-0.003602,0.000097,0.000023,0.006549
1074,21.4800,-0.474880,1,weight_shift,0.115394,-0.003597,-0.000006,0.000013,-0.000234
1075,21.5000,-0.223636,1,weight_shift,0.115393,-0.003620,-0.000320,-0.000057,0.000841
1076,21.5200,0.027607,1,weight_shift,0.115394,-0.003634,-0.000974,0.000232,0.007291
1077,21.5400,0.278851,1,weight_shift,0.115399,-0.003670,-0.001612,0.000174,-0.000190
1078,21.5600,0.530095,1,weight_shift,0.115402,-0.003740,-0.002319,0.000082,0.000782
1079,21.5800,0.781338,1,weight_shift,0.115408,-0.003740,-0.003156,0.000467,0.005461
1080,21.6000,1.032582,1,weight_shift,0.115415,-0.003727,-0.003793,0.000303,0.003376
1081,21.6200,1.283826,1,weight_shift,0.115423,-0.003682,-0.004347,0.000763,0.008198
1082,21.6400,1.535069,1,weight_shift,0.115433,-0.003623,-0.004744,0.000352,0.003364
1083,21.6600,1.786313,1,weight_shift,0.115440,-0.003598,-0.005049,0.000593,0.004931
1084,21.6800,2.037557,1,weight_shift,0.115445,-0.003627,-0.005192,0.000123,-0.002813
1085,21.7000,2.288800,1,weight_shift,0.115445,-0.003699,-0.005296,-0.000033,-0.002738
1086,21.7200,2.540044,1,weight_shift,0.115449,-0.003749,-0.005419,0.000069,-0.003857
1087,21.7400,2.791287,1,weight_shift,0.115446,-0.003829,-0.005434,-0.000241,-0.003734
1088,21.7600,3.042531,1,weight_shift,0.115451,-0.003784,-0.005340,0.000950,0.006728
1089,21.7800,-2.989411,1,weight_shift,0.115446,-0.003805,-0.004951,-0.000673,-0.005921
1090,21.8000,-2.738167,1,weight_shift,0.115436,-0.003836,-0.004414,-0.000117,0.000105
1091,21.8200,-2.486923,1,weight_shift,0.115426,-0.003910,-0.003691,-0.000726,-0.008599
1092,21.8400,-2.235680,1,weight_shift,0.115412,-0.003949,-0.002896,-0.000308,-0.001137
1093,21.8600,-1.984436,1,weight_shift,0.115407,-0.003949,-0.002027,-0.000318,-0.004137
1094,21.8800,-1.733192,1,weight_shift,0.115400,-0.003891,-0.001145,-0.000259,0.000045
1095,21.9000,-1.481949,1,weight_shift,0.115399,-0.003776,-0.000501,0.000110,0.000309
1096,21.9200,-1.230705,1,weight_shift,0.115398,-0.003729,0.000008,-0.000151,0.000213
1097,21.9400,-0.979461,1,weight_shift,0.115394,-0.003683,0.000200,-0.000214,0.001845
1098,21.9600,-0.728218,1,weight_shift,0.115391,-0.003621,0.000113,0.000023,0.007119
1099,21.9800,-0.476974,1,weight_shift,0.115393,-0.003610,-0.000003,0.000014,-0.000013
1100,22.0000,-0.225731,1,weight_shift,0.115392,-0.003632,-0.000328,-0.000047,0.000943
1101,22.0200,0.025513,1,weight_shift,0.115393,-0.003645,-0.000988,0.000245,0.007394
1102,22.0400,0.276757,1,weight_shift,0.115398,-0.003679,-0.001628,0.000182,-0.000053
1103,22.0600,0.528000,1,weight_shift,0.115401,-0.003747,-0.002335,0.000088,0.000926
1104,22.0800,0.779244,1,weight_shift,0.115407,-0.003745,-0.003171,0.000474,0.005579
1105,22.1000,1.030488,1,weight_shift,0.115415,-0.003730,-0.003806,0.000306,0.003469
1106,22.1200,1.281731,1,weight_shift,0.115423,-0.003684,-0.004357,0.000767,0.008263
1107,22.1400,1.532975,1,weight_shift,0.115433,-0.003624,-0.004751,0.000354,0.003404
1108,22.1600,1.784219,1,weight_shift,0.115439,-0.003599,-0.005054,0.000595,0.004960
1109,22.1800,2.035462,1,weight_shift,0.115444,-0.003627,-0.005194,0.000123,-0.002823
1110,22.2000,2.286706,1,weight_shift,0.115445,-0.003699,-0.005296,-0.000031,-0.002749
1111,22.2200,2.537949,1,weight_shift,0.115448,-0.003750,-0.005417,0.000070,-0.003860
1112,22.2400,2.789193,1,weight_shift,0.115446,-0.003829,-0.005432,-0.000239,-0.003741
1113,22.2600,3.040437,1,weight_shift,0.115446,-0.003841,-0.005373,0.000640,0.002308
1114,22.2800,-2.991505,1,weight_shift,0.115452,-0.003788,-0.004970,-0.000504,-0.003408
1115,22.3000,-2.740261,1,weight_shift,0.115432,-0.003854,-0.004333,-0.001060,-0.007489
1116,22.3200,-2.489018,1,weight_shift,0.115421,-0.003921,-0.003640,-0.000582,-0.008674
1117,22.3400,-2.237774,1,weight_shift,0.115408,-0.003984,-0.002830,-0.000633,-0.005894
1118,22.3600,-1.986530,1,weight_shift,0.115403,-0.003959,-0.002045,-0.000203,-0.004033
1119,22.3800,-1.735287,1,weight_shift,0.115397,-0.003909,-0.001176,-0.000312,-0.000410
1120,22.4000,-1.484043,1,weight_shift,0.115393,-0.003788,-0.000524,-0.000061,0.006733
1121,22.4200,-1.232800,1,weight_shift,0.115393,-0.003721,-0.000048,-0.000043,-0.000266
1122,22.4400,-0.981556,1,weight_shift,0.115390,-0.003694,0.000187,-0.000159,0.000483
1123,22.4600,-0.730312,1,weight_shift,0.115387,-0.003674,0.000148,-0.000149,0.001587
1124,22.4800,-0.479069,1,weight_shift,0.115389,-0.003645,-0.000024,0.000106,-0.000334
1125,22.5000,-0.227825,1,weight_shift,0.115390,-0.003687,-0.000350,-0.000021,-0.000038
1126,22.5200,0.023419,1,weight_shift,0.115390,-0.003738,-0.000947,-0.000010,0.000957
1127,22.5400,0.274662,1,weight_shift,0.115395,-0.003742,-0.001624,0.000213,0.000542
1128,22.5600,0.525906,1,weight_shift,0.115398,-0.003810,-0.002302,0.000108,0.000573
1129,22.5800,0.777150,1,weight_shift,0.115402,-0.003823,-0.003120,0.000517,0.008142
1130,22.6000,1.028393,1,weight_shift,0.115411,-0.003793,-0.003770,0.000341,0.003791
1131,22.6200,1.279637,1,weight_shift,0.115419,-0.003743,-0.004288,0.000770,0.008462
1132,22.6400,1.530881,1,weight_shift,0.115430,-0.003681,-0.004664,0.000378,0.003382
1133,22.6600,1.782124,1,weight_shift,0.115434,-0.003673,-0.004937,0.000108,0.000985
1134,22.6800,2.033368,1,weight_shift,0.115441,-0.003680,-0.005162,0.000153,-0.001962
1135,22.7000,2.284611,1,weight_shift,0.115441,-0.003750,-0.005303,-0.000030,-0.002643
1136,22.7200,2.535855,1,weight_shift,0.115444,-0.003788,-0.005466,0.000138,-0.002666
1137,22.7400,2.787099,1,weight_shift,0.115443,-0.003865,-0.005489,-0.000196,-0.003815
1138,22.7600,3.038342,1,weight_shift,0.115446,-0.003827,-0.005381,0.000997,0.011204
1139,22.7800,-2.993599,1,weight_shift,0.115453,-0.003711,-0.004973,-0.000530,-0.002725
1140,22.8000,-2.742356,1,weight_shift,0.115432,-0.003785,-0.004326,-0.001104,-0.008264
1141,22.8200,-2.491112,1,weight_shift,0.115420,-0.003866,-0.003616,-0.000605,-0.009404
1142,22.8400,-2.239868,1,weight_shift,0.115407,-0.003937,-0.002798,-0.000634,-0.006314
1143,22.8600,-1.988625,1,weight_shift,0.115403,-0.003918,-0.002015,-0.000192,-0.004274
1144,22.8800,-1.737381,1,weight_shift,0.115397,-0.003871,-0.001155,-0.000300,-0.000538
1145,22.9000,-1.486138,1,weight_shift,0.115393,-0.003752,-0.000513,-0.000058,0.006622
1146,22.9200,-1.234894,1,weight_shift,0.115393,-0.003688,-0.000044,-0.000043,-0.000345
1147,22.9400,-0.983650,1,weight_shift,0.115390,-0.003662,0.000185,-0.000161,0.000454
1148,22.9600,-0.732407,1,weight_shift,0.115388,-0.003621,0.000136,0.000036,0.005997
1149,22.9800,-0.481163,1,weight_shift,0.115390,-0.003623,0.000049,0.000021,-0.000557
1150,23.0000,-0.229919,1,weight_shift,0.115389,-0.003649,-0.000254,-0.000044,0.000860
1151,23.0200,0.021324,1,weight_shift,0.115389,-0.003686,-0.000882,-0.000004,0.001762
1152,23.0400,0.272568,1,weight_shift,0.115394,-0.003684,-0.001588,0.000222,0.001035
1153,23.0600,0.523812,1,weight_shift,0.115398,-0.003746,-0.002283,0.000112,0.000862
1154,23.0800,0.775055,1,weight_shift,0.115404,-0.003748,-0.003105,0.000475,0.005451
1155,23.1000,1.026299,1,weight_shift,0.115412,-0.003738,-0.003733,0.000318,0.003291
1156,23.1200,1.277542,1,weight_shift,0.115420,-0.003694,-0.004281,0.000770,0.008340
1157,23.1400,1.528786,1,weight_shift,0.115430,-0.003633,-0.004681,0.000367,0.003572
1158,23.1600,1.780030,1,weight_shift,0.115437,-0.003605,-0.004999,0.000606,0.005273
1159,23.1800,2.031273,1,weight_shift,0.115442,-0.003631,-0.005153,0.000127,-0.002722
1160,23.2000,2.282517,1,weight_shift,0.115443,-0.003703,-0.005266,-0.000031,-0.002715
1161,23.2200,2.533761,1,weight_shift,0.115446,-0.003754,-0.005402,0.000077,-0.003748
1162,23.2400,2.785004,1,weight_shift,0.115444,-0.003833,-0.005435,-0.000225,-0.003608
1163,23.2600,3.036248,1,weight_shift,0.115450,-0.003787,-0.005361,0.000963,0.006721
1164,23.2800,-2.995694,1,weight_shift,0.115445,-0.003808,-0.004989,-0.000660,-0.005839
1165,23.3000,-2.744450,1,weight_shift,0.115441,-0.003801,-0.004486,-0.000020,0.001684
1166,23.3200,-2.493206,1,weight_shift,0.115428,-0.003881,-0.003768,-0.000864,-0.009594
1167,23.3400,-2.241963,1,weight_shift,0.115412,-0.003939,-0.002954,-0.000393,-0.002304
1168,23.3600,-1.990719,1,weight_shift,0.115406,-0.003951,-0.002068,-0.000359,-0.004802
1169,23.3800,-1.739476,1,weight_shift,0.115399,-0.003898,-0.001178,-0.000267,-0.000249
1170,23.4000,-1.488232,1,weight_shift,0.115398,-0.003784,-0.000527,0.000109,0.000195
1171,23.4200,-1.236988,1,weight_shift,0.115397,-0.003734,-0.000008,-0.000156,0.000213
1172,23.4400,-0.985745,1,weight_shift,0.115392,-0.003686,0.000192,-0.000218,0.001897
1173,23.4600,-0.734501,1,weight_shift,0.115391,-0.003618,0.000137,0.000088,0.003029
1174,23.4800,-0.483257,1,weight_shift,0.115391,-0.003624,0.000034,-0.000047,0.000050
1175,23.5000,-0.232014,1,weight_shift,0.115390,-0.003641,-0.000324,-0.000085,0.001548
1176,23.5200,0.019230,1,weight_shift,0.115390,-0.003647,-0.001006,0.000248,0.007910
1177,23.5400,0.270474,1,weight_shift,0.115396,-0.003676,-0.001663,0.000189,0.000404
1178,23.5600,0.521717,1,weight_shift,0.115399,-0.003738,-0.002380,0.000098,0.001353
1179,23.5800,0.772961,1,weight_shift,0.115406,-0.003728,-0.003194,0.000427,0.004322
1180,23.6000,1.024204,1,weight_shift,0.115414,-0.003721,-0.003829,0.000291,0.003501
1181,23.6200,1.275448,1,weight_shift,0.115423,-0.003664,-0.004393,0.000640,0.006671
1182,23.6400,1.526692,1,weight_shift,0.115432,-0.003614,-0.004788,0.000322,0.003393
1183,23.6600,1.777935,1,weight_shift,0.115440,-0.003578,-0.005120,0.000473,0.003047
1184,23.6800,2.029179,1,weight_shift,0.115445,-0.003617,-0.005264,0.000090,-0.002822
1185,23.7000,2.280423,1,weight_shift,0.115445,-0.003687,-0.005398,-0.000045,-0.002350
1186,23.7200,2.531666,1,weight_shift,0.115448,-0.003733,-0.005546,0.000068,-0.003439
1187,23.7400,2.782910,1,weight_shift,0.115446,-0.003809,-0.005581,-0.000222,-0.003556
1188,23.7600,3.034154,1,weight_shift,0.115456,-0.003706,-0.005474,0.001040,0.009305
1189,23.7800,-2.997788,1,weight_shift,0.115450,-0.003717,-0.005063,-0.000800,-0.006393
1190,23.8000,-2.746544,1,weight_shift,0.115436,-0.003765,-0.004473,0.000104,0.001364
1191,23.8200,-2.495301,1,weight_shift,0.115426,-0.003835,-0.003730,-0.000727,-0.009114
1192,23.8400,-2.244057,1,weight_shift,0.115414,-0.003884,-0.002961,-0.000266,-0.005624
1193,23.8600,-1.992814,1,weight_shift,0.115407,-0.003906,-0.002070,-0.000423,-0.004723
1194,23.8800,-1.741570,1,weight_shift,0.115399,-0.003851,-0.001203,-0.000311,-0.000074
1195,23.9000,-1.490326,1,weight_shift,0.115399,-0.003743,-0.000513,0.000009,-0.000430
1196,23.9200,-1.239083,1,weight_shift,0.115396,-0.003685,0.000022,-0.000178,0.000586
1197,23.9400,-0.987839,1,weight_shift,0.115392,-0.003637,0.000210,-0.000186,0.001718
1198,23.9600,-0.736595,1,weight_shift,0.115392,-0.003582,0.000195,0.000120,0.000431
1199,23.9800,-0.485352,1,weight_shift,0.115392,-0.003604,0.000084,-0.000073,-0.000127
1200,24.0000,-0.234108,1,weight_shift,0.115390,-0.003625,-0.000308,-0.000089,0.001550
1201,24.0200,0.017136,1,weight_shift,0.115393,-0.003621,-0.000995,0.000288,0.004192
1202,24.0400,0.268379,1,weight_shift,0.115397,-0.003671,-0.001641,0.000154,0.000007
1203,24.0600,0.519623,1,weight_shift,0.115400,-0.003737,-0.002388,0.000060,0.001523
1204,24.0800,0.770866,1,weight_shift,0.115407,-0.003727,-0.003226,0.000410,0.004477
1205,24.1000,1.022110,1,weight_shift,0.115414,-0.003718,-0.003878,0.000279,0.003731
1206,24.1200,1.273354,1,weight_shift,0.115424,-0.003660,-0.004456,0.000645,0.006806
1207,24.1400,1.524597,1,weight_shift,0.115433,-0.003607,-0.004858,0.000319,0.003558
1208,24.1600,1.775841,1,weight_shift,0.115441,-0.003570,-0.005193,0.000478,0.003101
1209,24.1800,2.027085,1,weight_shift,0.115445,-0.003608,-0.005334,0.000086,-0.002788
1210,24.2000,2.278328,1,weight_shift,0.115446,-0.003662,-0.005479,0.000285,0.001078
1211,24.2200,2.529572,1,weight_shift,0.115448,-0.003736,-0.005549,-0.000006,-0.004457
1212,24.2400,2.780816,1,weight_shift,0.115445,-0.003816,-0.005546,-0.000231,-0.003539
1213,24.2600,3.032059,1,weight_shift,0.115455,-0.003739,-0.005437,0.000396,0.001330
1214,24.2800,-2.999883,1,weight_shift,0.115446,-0.003789,-0.005051,-0.000744,-0.006262
1215,24.3000,-2.748639,1,weight_shift,0.115443,-0.003764,-0.004528,0.000003,-0.001916
1216,24.3200,-2.497395,1,weight_shift,0.115430,-0.003852,-0.003792,-0.000916,-0.009372
1217,24.3400,-2.246152,1,weight_shift,0.115416,-0.003902,-0.003026,-0.000353,-0.005710
1218,24.3600,-1.994908,1,weight_shift,0.115407,-0.003924,-0.002144,-0.000454,-0.004624
1219,24.3800,-1.743664,1,weight_shift,0.115399,-0.003866,-0.001290,-0.000313,0.000036
1220,24.4000,-1.492421,1,weight_shift,0.115399,-0.003758,-0.000605,0.000010,-0.000352
1221,24.4200,-1.241177,1,weight_shift,0.115396,-0.003698,-0.000068,-0.000180,0.000647
1222,24.4400,-0.989933,1,weight_shift,0.115392,-0.003649,0.000122,-0.000186,0.001726
1223,24.4600,-0.738690,1,weight_shift,0.115393,-0.003608,0.000144,0.000035,-0.000499
1224,24.4800,-0.487446,1,weight_shift,0.115392,-0.003625,0.000015,-0.000122,0.000449
1225,24.5000,-0.236203,1,weight_shift,0.115390,-0.003641,-0.000401,-0.000075,0.001835
1226,24.5200,0.015041,1,weight_shift,0.115394,-0.003627,-0.001052,0.000293,0.002384
1227,24.5400,0.266285,1,weight_shift,0.115398,-0.003686,-0.001683,0.000124,-0.000030
1228,24.5600,0.517528,1,weight_shift,0.115399,-0.003749,-0.002437,0.000035,0.001785
1229,24.5800,0.768772,1,weight_shift,0.115407,-0.003737,-0.003236,0.000299,0.003008
1230,24.6000,1.020016,1,weight_shift,0.115412,-0.003744,-0.003888,0.000229,0.003559
1231,24.6200,1.271259,1,weight_shift,0.115423,-0.003682,-0.004483,0.000547,0.006015
1232,24.6400,1.522503,1,weight_shift,0.115431,-0.003632,-0.004906,0.000291,0.003836
1233,24.6600,1.773747,1,weight_shift,0.115439,-0.003590,-0.005272,0.000478,0.003583
1234,24.6800,2.024990,1,weight_shift,0.115443,-0.003620,-0.005439,0.000081,-0.002316
1235,24.7000,2.276234,1,weight_shift,0.115445,-0.003669,-0.005603,0.000297,0.001294
1236,24.7200,2.527477,1,weight_shift,0.115447,-0.003741,-0.005682,-0.000002,-0.004292
1237,24.7400,2.778721,1,weight_shift,0.115444,-0.003818,-0.005685,-0.000222,-0.003361
1238,24.7600,3.029965,1,weight_shift,0.115456,-0.003755,-0.005523,0.000854,0.003512
1239,24.7800,-3.001977,1,weight_shift,0.115446,-0.003788,-0.005052,-0.000923,-0.006696
1240,24.8000,-2.750733,1,weight_shift,0.115436,-0.003819,-0.004509,-0.000378,-0.005831
1241,24.8200,-2.499490,1,weight_shift,0.115422,-0.003926,-0.003741,-0.000842,-0.009569
1242,24.8400,-2.248246,1,weight_shift,0.115407,-0.003969,-0.002951,-0.000328,-0.001280
1243,24.8600,-1.997002,1,weight_shift,0.115402,-0.003969,-0.002105,-0.000310,-0.004297
1244,24.8800,-1.745759,1,weight_shift,0.115395,-0.003911,-0.001241,-0.000244,-0.000113
1245,24.9000,-1.494515,1,weight_shift,0.115395,-0.003796,-0.000602,0.000120,0.000114
1246,24.9200,-1.243271,1,weight_shift,0.115394,-0.003749,-0.000085,-0.000146,0.000039
1247,24.9400,-0.992028,1,weight_shift,0.115390,-0.003704,0.000114,-0.000204,0.001654
1248,24.9600,-0.740784,1,weight_shift,0.115389,-0.003641,0.000063,0.000106,0.002815
1249,24.9800,-0.489541,1,weight_shift,0.115389,-0.003650,-0.000030,-0.000039,-0.000125
1250,25.0000,-0.238297,1,weight_shift,0.115388,-0.003668,-0.000373,-0.000080,0.001538
1251,25.0200,0.012947,1,weight_shift,0.115389,-0.003672,-0.001043,0.000253,0.008075
1252,25.0400,0.264190,1,weight_shift,0.115394,-0.003698,-0.001690,0.000194,0.000616
1253,25.0600,0.515434,1,weight_shift,0.115397,-0.003757,-0.002401,0.000103,0.001581
1254,25.0800,0.766678,1,weight_shift,0.115405,-0.003744,-0.003212,0.000430,0.004531
1255,25.1000,1.017921,1,weight_shift,0.115412,-0.003735,-0.003843,0.000294,0.003650
1256,25.1200,1.269165,1,weight_shift,0.115422,-0.003677,-0.004404,0.000641,0.006807
1257,25.1400,1.520409,1,weight_shift,0.115431,-0.003625,-0.004796,0.000325,0.003505
1258,25.1600,1.771652,1,weight_shift,0.115437,-0.003597,-0.005128,0.000609,0.005310
1259,25.1800,2.022896,1,weight_shift,0.115442,-0.003620,-0.005290,0.000118,-0.002388
1260,25.2000,2.274139,1,weight_shift,0.115443,-0.003687,-0.005402,-0.000033,-0.002477
1261,25.2200,2.525383,1,weight_shift,0.115446,-0.003735,-0.005530,0.000075,-0.003658
1262,25.2400,2.776627,1,weight_shift,0.115444,-0.003814,-0.005552,-0.000218,-0.003700
1263,25.2600,3.027870,1,weight_shift,0.115450,-0.003769,-0.005465,0.000973,0.006668
1264,25.2800,-3.004071,1,weight_shift,0.115450,-0.003723,-0.005054,-0.000699,-0.004740
1265,25.3000,-2.752828,1,weight_shift,0.115433,-0.003783,-0.004471,-0.000547,-0.003580
1266,25.3200,-2.501584,1,weight_shift,0.115421,-0.003870,-0.003711,-0.000668,-0.008896
1267,25.3400,-2.250340,1,weight_shift,0.115409,-0.003903,-0.002920,-0.000228,-0.000920
1268,25.3600,-1.999097,1,weight_shift,0.115405,-0.003902,-0.002070,-0.000272,-0.004466
1269,25.3800,-1.747853,1,weight_shift,0.115399,-0.003849,-0.001199,-0.000251,-0.000553
1270,25.4000,-1.496610,1,weight_shift,0.115398,-0.003740,-0.000553,0.000117,-0.000179
1271,25.4200,-1.245366,1,weight_shift,0.115397,-0.003696,-0.000031,-0.000146,-0.000126
1272,25.4400,-0.994122,1,weight_shift,0.115393,-0.003653,0.000172,-0.000206,0.001615
1273,25.4600,-0.742879,1,weight_shift,0.115390,-0.003595,0.000094,0.000029,0.006852
1274,25.4800,-0.491635,1,weight_shift,0.115392,-0.003586,-0.000011,0.000015,-0.000139
1275,25.5000,-0.240391,1,weight_shift,0.115391,-0.003611,-0.000324,-0.000053,0.000945
1276,25.5200,0.010852,1,weight_shift,0.115392,-0.003626,-0.000975,0.000237,0.007501
1277,25.5400,0.262096,1,weight_shift,0.115397,-0.003663,-0.001608,0.000175,-0.000020
1278,25.5600,0.513340,1,weight_shift,0.115400,-0.003735,-0.002312,0.000080,0.001004
1279,25.5800,0.764583,1,weight_shift,0.115406,-0.003737,-0.003149,0.000465,0.005679
1280,25.6000,1.015827,1,weight_shift,0.115413,-0.003726,-0.003788,0.000300,0.003498
1281,25.6200,1.267070,1,weight_shift,0.115421,-0.003683,-0.004344,0.000762,0.008377
1282,25.6400,1.518314,1,weight_shift,0.115431,-0.003624,-0.004741,0.000357,0.003531
1283,25.6600,1.769558,1,weight_shift,0.115438,-0.003597,-0.005049,0.000607,0.005221
1284,25.6800,2.020801,1,weight_shift,0.115443,-0.003623,-0.005190,0.000125,-0.002760
1285,25.7000,2.272045,1,weight_shift,0.115443,-0.003695,-0.005288,-0.000029,-0.002706
1286,25.7200,2.523289,1,weight_shift,0.115447,-0.003745,-0.005413,0.000077,-0.003756
1287,25.7400,2.774532,1,weight_shift,0.115445,-0.003824,-0.005439,-0.000225,-0.003697
1288,25.7600,3.025776,1,weight_shift,0.115445,-0.003837,-0.005393,0.000650,0.002281
1289,25.7800,-3.006166,1,weight_shift,0.115451,-0.003784,-0.004999,-0.000498,-0.003560
1290,25.8000,-2.754922,1,weight_shift,0.115432,-0.003852,-0.004373,-0.001059,-0.007772
1291,25.8200,-2.503678,1,weight_shift,0.115420,-0.003921,-0.003684,-0.000586,-0.009085
1292,25.8400,-2.252435,1,weight_shift,0.115407,-0.003987,-0.002879,-0.000639,-0.006360
1293,25.8600,-2.001191,1,weight_shift,0.115403,-0.003967,-0.002097,-0.000211,-0.004553
1294,25.8800,-1.749948,1,weight_shift,0.115396,-0.003922,-0.001229,-0.000321,-0.000915
1295,25.9000,-1.498704,1,weight_shift,0.115392,-0.003802,-0.000571,-0.000058,0.006496
1296,25.9200,-1.247460,1,weight_shift,0.115392,-0.003734,-0.000076,-0.000045,-0.000401
1297,25.9400,-0.996217,1,weight_shift,0.115389,-0.003704,0.000174,-0.000159,0.000453
1298,25.9600,-0.744973,1,weight_shift,0.115387,-0.003661,0.000140,0.000038,0.006177
1299,25.9800,-0.493729,1,weight_shift,0.115389,-0.003660,0.000067,0.000021,-0.000532
1300,26.0000,-0.242486,1,weight_shift,0.115388,-0.003685,-0.000223,-0.000049,0.000968
1301,26.0200,0.008758,1,weight_shift,0.115388,-0.003723,-0.000838,-0.000007,0.001912
1302,26.0400,0.260002,1,weight_shift,0.115393,-0.003720,-0.001532,0.000219,0.001145
1303,26.0600,0.511245,1,weight_shift,0.115396,-0.003784,-0.002218,0.000107,0.000934
1304,26.0800,0.762489,1,weight_shift,0.115402,-0.003788,-0.003037,0.000463,0.005581
1305,26.1000,1.013732,1,weight_shift,0.115410,-0.003780,-0.003669,0.000311,0.003355
1306,26.1200,1.264976,1,weight_shift,0.115418,-0.003738,-0.004225,0.000757,0.008512
1307,26.1400,1.516220,1,weight_shift,0.115428,-0.003677,-0.004632,0.000368,0.003748
1308,26.1600,1.767463,1,weight_shift,0.115435,-0.003646,-0.004962,0.000612,0.005607
1309,26.1800,2.018707,1,weight_shift,0.115441,-0.003669,-0.005123,0.000129,-0.002559
1310,26.2000,2.269951,1,weight_shift,0.115441,-0.003740,-0.005238,-0.000029,-0.002574
1311,26.2200,2.521194,1,weight_shift,0.115444,-0.003779,-0.005416,0.000140,-0.002603
1312,26.2400,2.772438,1,weight_shift,0.115443,-0.003859,-0.005463,-0.000173,-0.003849
1313,26.2600,3.023682,1,weight_shift,0.115447,-0.003825,-0.005386,0.001024,0.011178
1314,26.2800,-3.008260,1,weight_shift,0.115454,-0.003707,-0.004997,-0.000524,-0.002813
1315,26.3000,-2.757016,1,weight_shift,0.115433,-0.003783,-0.004365,-0.001104,-0.008570
1316,26.3200,-2.505773,1,weight_shift,0.115421,-0.003868,-0.003662,-0.000613,-0.009859
1317,26.3400,-2.254529,1,weight_shift,0.115408,-0.003944,-0.002848,-0.000643,-0.006814
1318,26.3600,-2.003286,1,weight_shift,0.115403,-0.003931,-0.002068,-0.000203,-0.004818
1319,26.3800,-1.752042,1,weight_shift,0.115397,-0.003888,-0.001206,-0.000313,-0.001064
1320,26.4000,-1.500798,1,weight_shift,0.115393,-0.003771,-0.000553,-0.000056,0.006367
1321,26.4200,-1.249555,1,weight_shift,0.115393,-0.003704,-0.000061,-0.000046,-0.000475
1322,26.4400,-0.998311,1,weight_shift,0.115390,-0.003676,0.000189,-0.000161,0.000432
1323,26.4600,-0.747067,1,weight_shift,0.115388,-0.003634,0.000155,0.000037,0.005997
1324,26.4800,-0.495824,1,weight_shift,0.115390,-0.003635,0.000081,0.000018,-0.000564
1325,26.5000,-0.244580,1,weight_shift,0.115389,-0.003660,-0.000210,-0.000051,0.000972
1326,26.5200,0.006664,1,weight_shift,0.115389,-0.003698,-0.000827,-0.000008,0.001932
1327,26.5400,0.257907,1,weight_shift,0.115394,-0.003696,-0.001524,0.000219,0.001152
1328,26.5600,0.509151,1,weight_shift,0.115397,-0.003761,-0.002214,0.000106,0.000981
1329,26.5800,0.760394,1,weight_shift,0.115403,-0.003765,-0.003034,0.000466,0.005614
1330,26.6000,1.011638,1,weight_shift,0.115411,-0.003757,-0.003669,0.000312,0.003407
1331,26.6200,1.262882,1,weight_shift,0.115419,-0.003715,-0.004229,0.000760,0.008565
1332,26.6400,1.514125,1,weight_shift,0.115429,-0.003654,-0.004638,0.000370,0.003809
1333,26.6600,1.765369,1,weight_shift,0.115436,-0.003622,-0.004968,0.000617,0.005669
1334,26.6800,2.016613,1,weight_shift,0.115442,-0.003645,-0.005129,0.000127,-0.002569
1335,26.7000,2.267856,1,weight_shift,0.115442,-0.003716,-0.005243,-0.000031,-0.002601
1336,26.7200,2.519100,1,weight_shift,0.115446,-0.003766,-0.005385,0.000080,-0.003635
1337,26.7400,2.770344,1,weight_shift,0.115444,-0.003844,-0.005431,-0.000211,-0.003529
1338,26.7600,3.021587,1,weight_shift,0.115450,-0.003798,-0.005371,0.000977,0.006880
1339,26.7800,-3.010355,1,weight_shift,0.115445,-0.003817,-0.005014,-0.000651,-0.005875
1340,26.8000,-2.759111,1,weight_shift,0.115436,-0.003842,-0.004496,-0.000439,-0.002426
1341,26.8200,-2.507867,1,weight_shift,0.115424,-0.003927,-0.003768,-0.000734,-0.009088
1342,26.8400,-2.256624,1,weight_shift,0.115411,-0.003964,-0.002984,-0.000271,-0.001224
1343,26.8600,-2.005380,1,weight_shift,0.115406,-0.003962,-0.002135,-0.000299,-0.004473
1344,26.8800,-1.754136,1,weight_shift,0.115399,-0.003904,-0.001263,-0.000260,-0.000387
1345,26.9000,-1.502893,1,weight_shift,0.115399,-0.003790,-0.000612,0.000110,0.000013
1346,26.9200,-1.251649,1,weight_shift,0.115397,-0.003738,-0.000079,-0.000158,0.000093
1347,26.9400,-1.000405,1,weight_shift,0.115393,-0.003688,0.000136,-0.000216,0.001818
1348,26.9600,-0.749162,1,weight_shift,0.115391,-0.003621,0.000095,0.000093,0.002928
1349,26.9800,-0.497918,1,weight_shift,0.115392,-0.003627,0.000007,-0.000048,0.000009
1350,27.0000,-0.246675,1,weight_shift,0.115390,-0.003645,-0.000333,-0.000096,0.001572
1351,27.0200,0.004569,1,weight_shift,0.115391,-0.003652,-0.000997,0.000236,0.007992
1352,27.0400,0.255813,1,weight_shift,0.115396,-0.003684,-0.001639,0.000177,0.000353
1353,27.0600,0.507056,1,weight_shift,0.115399,-0.003751,-0.002344,0.000085,0.001311
1354,27.0800,0.758300,1,weight_shift,0.115406,-0.003746,-0.003152,0.000412,0.004278
1355,27.1000,1.009544,1,weight_shift,0.115413,-0.003744,-0.003786,0.000278,0.003447
1356,27.1200,1.260787,1,weight_shift,0.115422,-0.003692,-0.004355,0.000626,0.006719
1357,27.1400,1.512031,1,weight_shift,0.115431,-0.003643,-0.004753,0.000322,0.003518
1358,27.1600,1.763275,1,weight_shift,0.115439,-0.003606,-0.005092,0.000479,0.003337
1359,27.1800,2.014518,1,weight_shift,0.115444,-0.003642,-0.005239,0.000091,-0.002685
1360,27.2000,2.265762,1,weight_shift,0.115444,-0.003710,-0.005371,-0.000044,-0.002224
1361,27.2200,2.517006,1,weight_shift,0.115447,-0.003755,-0.005522,0.000073,-0.003292
1362,27.2400,2.768249,1,weight_shift,0.115445,-0.003830,-0.005568,-0.000210,-0.003445
1363,27.2600,3.019493,1,weight_shift,0.115456,-0.003722,-0.005473,0.001056,0.009631
1364,27.2800,-3.012449,1,weight_shift,0.115450,-0.003730,-0.005075,-0.000792,-0.006405
1365,27.3000,-2.761205,1,weight_shift,0.115436,-0.003778,-0.004498,0.000114,0.001313
1366,27.3200,-2.509962,1,weight_shift,0.115426,-0.003849,-0.003762,-0.000731,-0.009473
1367,27.3400,-2.258718,1,weight_shift,0.115414,-0.003901,-0.002998,-0.000272,-0.006050
1368,27.3600,-2.007474,1,weight_shift,0.115407,-0.003928,-0.002113,-0.000431,-0.005224
1369,27.3800,-1.756231,1,weight_shift,0.115398,-0.003876,-0.001248,-0.000320,-0.000538
1370,27.4000,-1.504987,1,weight_shift,0.115398,-0.003769,-0.000551,0.000011,-0.000698
1371,27.4200,-1.253743,1,weight_shift,0.115396,-0.003709,0.000001,-0.000179,0.000485
1372,27.4400,-1.002500,1,weight_shift,0.115392,-0.003659,0.000201,-0.000184,0.001710
1373,27.4600,-0.751256,1,weight_shift,0.115392,-0.003602,0.000196,0.000121,0.000445
1374,27.4800,-0.500013,1,weight_shift,0.115392,-0.003623,0.000094,-0.000076,-0.000057
1375,27.5000,-0.248769,1,weight_shift,0.115390,-0.003643,-0.000285,-0.000097,0.001734
1376,27.5200,0.002475,1,weight_shift,0.115392,-0.003637,-0.000962,0.000284,0.004426
1377,27.5400,0.253718,1,weight_shift,0.115397,-0.003688,-0.001602,0.000150,0.000176
1378,27.5600,0.504962,1,weight_shift,0.115399,-0.003755,-0.002344,0.000055,0.001692
1379,27.5800,0.756206,1,weight_shift,0.115406,-0.003747,-0.003182,0.000403,0.004625
1380,27.6000,1.007449,1,weight_shift,0.115413,-0.003740,-0.003839,0.000274,0.003847
1381,27.6200,1.258693,1,weight_shift,0.115424,-0.003680,-0.004407,0.000557,0.005786
1382,27.6400,1.509937,1,weight_shift,0.115432,-0.003638,-0.004816,0.000298,0.003477
1383,27.6600,1.761180,1,weight_shift,0.115440,-0.003602,-0.005174,0.000481,0.003408
1384,27.6800,2.012424,1,weight_shift,0.115444,-0.003635,-0.005336,0.000085,-0.002410
1385,27.7000,2.263667,1,weight_shift,0.115446,-0.003684,-0.005494,0.000297,0.001405
1386,27.7200,2.514911,1,weight_shift,0.115448,-0.003755,-0.005578,0.000002,-0.004149
1387,27.7400,2.766155,1,weight_shift,0.115445,-0.003831,-0.005594,-0.000219,-0.003287
1388,27.7600,3.017398,1,weight_shift,0.115458,-0.003766,-0.005442,0.000860,0.003607
1389,27.7800,-3.014543,1,weight_shift,0.115447,-0.003798,-0.004980,-0.000926,-0.006790
1390,27.8000,-2.763300,1,weight_shift,0.115437,-0.003830,-0.004448,-0.000388,-0.005969
1391,27.8200,-2.512056,1,weight_shift,0.115423,-0.003939,-0.003686,-0.000857,-0.009936
1392,27.8400,-2.260812,1,weight_shift,0.115408,-0.003986,-0.002902,-0.000343,-0.001618
1393,27.8600,-2.009569,1,weight_shift,0.115402,-0.003990,-0.002064,-0.000326,-0.004737
1394,27.8800,-1.758325,1,weight_shift,0.115396,-0.003935,-0.001205,-0.000258,-0.000503
1395,27.9000,-1.507081,1,weight_shift,0.115395,-0.003823,-0.000567,0.000119,-0.000098
1396,27.9200,-1.255838,1,weight_shift,0.115394,-0.003774,-0.000040,-0.000149,-0.000027
1397,27.9400,-1.004594,1,weight_shift,0.115390,-0.003727,0.000169,-0.000205,0.001696
1398,27.9600,-0.753351,1,weight_shift,0.115389,-0.003662,0.000122,0.000107,0.002891
1399,27.9800,-0.502107,1,weight_shift,0.115389,-0.003670,0.000029,-0.000041,-0.000060
1400,28.0000,-0.250863,1,weight_shift,0.115388,-0.003688,-0.000312,-0.000081,0.001681
1401,28.0200,0.000380,1,weight_shift,0.115389,-0.003691,-0.000980,0.000254,0.008321
1402,28.0400,0.251624,1,weight_shift,0.115394,-0.003717,-0.001625,0.000193,0.000770
1403,28.0600,0.502868,1,weight_shift,0.115397,-0.003777,-0.002333,0.000100,0.001750
1404,28.0800,0.754111,1,weight_shift,0.115405,-0.003765,-0.003145,0.000426,0.004691
1405,28.1000,1.005355,1,weight_shift,0.115412,-0.003758,-0.003784,0.000290,0.003806
1406,28.1200,1.256599,1,weight_shift,0.115422,-0.003701,-0.004356,0.000636,0.007013
1407,28.1400,1.507842,1,weight_shift,0.115431,-0.003648,-0.004758,0.000329,0.003758
1408,28.1600,1.759086,1,weight_shift,0.115439,-0.003607,-0.005100,0.000486,0.003534
1409,28.1800,2.010329,1,weight_shift,0.115443,-0.003641,-0.005248,0.000091,-0.002621
1410,28.2000,2.261573,1,weight_shift,0.115443,-0.003708,-0.005379,-0.000044,-0.002194
1411,28.2200,2.512817,1,weight_shift,0.115447,-0.003753,-0.005530,0.000074,-0.003267
1412,28.2400,2.764060,1,weight_shift,0.115445,-0.003827,-0.005577,-0.000206,-0.003422
1413,28.2600,3.015304,1,weight_shift,0.115451,-0.003779,-0.005510,0.000986,0.006974
1414,28.2800,-3.016638,1,weight_shift,0.115451,-0.003728,-0.005113,-0.000690,-0.004656
1415,28.3000,-2.765394,1,weight_shift,0.115437,-0.003759,-0.004532,0.000081,0.001680
1416,28.3200,-2.514150,1,weight_shift,0.115427,-0.003828,-0.003790,-0.000759,-0.009639
1417,28.3400,-2.262907,1,weight_shift,0.115415,-0.003883,-0.003018,-0.000288,-0.006327
1418,28.3600,-2.011663,1,weight_shift,0.115407,-0.003914,-0.002126,-0.000439,-0.005516
1419,28.3800,-1.760420,1,weight_shift,0.115399,-0.003865,-0.001255,-0.000325,-0.000797
1420,28.4000,-1.509176,1,weight_shift,0.115398,-0.003760,-0.000553,0.000013,-0.000855
1421,28.4200,-1.257932,1,weight_shift,0.115396,-0.003700,0.000005,-0.000177,0.000395
1422,28.4400,-1.006689,1,weight_shift,0.115392,-0.003651,0.000209,-0.000182,0.001660
1423,28.4600,-0.755445,1,weight_shift,0.115392,-0.003595,0.000205,0.000122,0.000412
1424,28.4800,-0.504201,1,weight_shift,0.115392,-0.003616,0.000104,-0.000075,-0.000070
1425,28.5000,-0.252958,1,weight_shift,0.115390,-0.003636,-0.000274,-0.000097,0.001762
1426,28.5200,-0.001714,1,weight_shift,0.115392,-0.003630,-0.000949,0.000282,0.004492
1427,28.5400,0.249530,1,weight_shift,0.115397,-0.003681,-0.001588,0.000150,0.000223
1428,28.5600,0.500773,1,weight_shift,0.115399,-0.003748,-0.002331,0.000055,0.001742
1429,28.5800,0.752017,1,weight_shift,0.115406,-0.003741,-0.003172,0.000402,0.004670
1430,28.6000,1.003261,1,weight_shift,0.115413,-0.003735,-0.003831,0.000273,0.003874
1431,28.6200,1.254504,1,weight_shift,0.115423,-0.003680,-0.004420,0.000638,0.007022
1432,28.6400,1.505748,1,weight_shift,0.115432,-0.003627,-0.004831,0.000324,0.003819
1433,28.6600,1.756991,1,weight_shift,0.115440,-0.003587,-0.005176,0.000491,0.003513
1434,28.6800,2.008235,1,weight_shift,0.115444,-0.003621,-0.005323,0.000088,-0.002630
1435,28.7000,2.259479,1,weight_shift,0.115446,-0.003673,-0.005467,0.000293,0.001242
1436,28.7200,2.510722,1,weight_shift,0.115448,-0.003746,-0.005543,0.000002,-0.004295
1437,28.7400,2.761966,1,weight_shift,0.115445,-0.003824,-0.005554,-0.000220,-0.003367
1438,28.7600,3.013210,1,weight_shift,0.115451,-0.003789,-0.005475,0.000140,-0.001763
1439,28.7800,-3.018732,1,weight_shift,0.115452,-0.003784,-0.005109,0.000059,-0.001375
1440,28.8000,-2.767488,1,weight_shift,0.115445,-0.003772,-0.004580,-0.000226,-0.003615
1441,28.8200,-2.516245,1,weight_shift,0.115430,-0.003870,-0.003831,-0.000945,-0.009991
1442,28.8400,-2.265001,1,weight_shift,0.115416,-0.003922,-0.003063,-0.000349,-0.006055
1443,28.8600,-2.013758,1,weight_shift,0.115408,-0.003945,-0.002187,-0.000453,-0.005092
1444,28.8800,-1.762514,1,weight_shift,0.115399,-0.003890,-0.001332,-0.000321,-0.000441
1445,28.9000,-1.511270,1,weight_shift,0.115399,-0.003780,-0.000639,0.000012,-0.000618
1446,28.9200,-1.260027,1,weight_shift,0.115396,-0.003716,-0.000079,-0.000183,0.000549
1447,28.9400,-1.008783,1,weight_shift,0.115392,-0.003664,0.000129,-0.000184,0.001712
1448,28.9600,-0.757539,1,weight_shift,0.115393,-0.003622,0.000156,0.000037,-0.000529
1449,28.9800,-0.506296,1,weight_shift,0.115392,-0.003639,0.000035,-0.000124,0.000506
1450,29.0000,-0.255052,1,weight_shift,0.115390,-0.003654,-0.000368,-0.000082,0.002035
1451,29.0200,-0.003808,1,weight_shift,0.115393,-0.003640,-0.001005,0.000290,0.002641
1452,29.0400,0.247435,1,weight_shift,0.115398,-0.003698,-0.001629,0.000121,0.000243
1453,29.0600,0.498679,1,weight_shift,0.115399,-0.003761,-0.002380,0.000030,0.002040
1454,29.0800,0.749922,1,weight_shift,0.115406,-0.003752,-0.003179,0.000293,0.003184
1455,29.1000,1.001166,1,weight_shift,0.115412,-0.003762,-0.003839,0.000224,0.003753
1456,29.1200,1.252410,1,weight_shift,0.115422,-0.003701,-0.004445,0.000542,0.006261
1457,29.1400,1.503653,1,weight_shift,0.115430,-0.003651,-0.004877,0.000296,0.004130
1458,29.1600,1.754897,1,weight_shift,0.115438,-0.003604,-0.005253,0.000492,0.004034
1459,29.1800,2.006141,1,weight_shift,0.115443,-0.003631,-0.005427,0.000083,-0.002140
1460,29.2000,2.257384,1,weight_shift,0.115444,-0.003678,-0.005589,0.000304,0.001483
1461,29.2200,2.508628,1,weight_shift,0.115447,-0.003749,-0.005675,0.000005,-0.004123
1462,29.2400,2.759872,1,weight_shift,0.115444,-0.003824,-0.005692,-0.000212,-0.003213
1463,29.2600,3.011115,1,weight_shift,0.115457,-0.003759,-0.005543,0.000864,0.003598
1464,29.2800,-3.020826,1,weight_shift,0.115446,-0.003790,-0.005086,-0.000913,-0.006799
1465,29.3000,-2.769583,1,weight_shift,0.115437,-0.003821,-0.004543,-0.000506,-0.006859
1466,29.3200,-2.518339,1,weight_shift,0.115422,-0.003930,-0.003767,-0.000844,-0.009955
1467,29.3400,-2.267096,1,weight_shift,0.115407,-0.003973,-0.002981,-0.000319,-0.001498
1468,29.3600,-2.015852,1,weight_shift,0.115402,-0.003974,-0.002144,-0.000308,-0.004774
1469,29.3800,-1.764608,1,weight_shift,0.115396,-0.003919,-0.001283,-0.000254,-0.000645
1470,29.4000,-1.513365,1,weight_shift,0.115395,-0.003807,-0.000637,0.000122,-0.000218
1471,29.4200,-1.262121,1,weight_shift,0.115394,-0.003757,-0.000100,-0.000149,-0.000123
1472,29.4400,-1.010877,1,weight_shift,0.115390,-0.003710,0.000118,-0.000203,0.001621
1473,29.4600,-0.759634,1,weight_shift,0.115389,-0.003646,0.000078,0.000108,0.002784
1474,29.4800,-0.508390,1,weight_shift,0.115390,-0.003655,-0.000005,-0.000041,-0.000117
1475,29.5000,-0.257146,1,weight_shift,0.115388,-0.003673,-0.000334,-0.000086,0.001685
1476,29.5200,-0.005903,1,weight_shift,0.115389,-0.003676,-0.000993,0.000248,0.008405
1477,29.5400,0.245341,1,weight_shift,0.115394,-0.003702,-0.001633,0.000192,0.000798
1478,29.5600,0.496584,1,weight_shift,0.115397,-0.003763,-0.002339,0.000098,0.001795
1479,29.5800,0.747828,1,weight_shift,0.115405,-0.003753,-0.003151,0.000423,0.004734
1480,29.6000,0.999072,1,weight_shift,0.115412,-0.003747,-0.003791,0.000289,0.003805
1481,29.6200,1.250315,1,weight_shift,0.115421,-0.003691,-0.004362,0.000635,0.007035
1482,29.6400,1.501559,1,weight_shift,0.115431,-0.003639,-0.004763,0.000331,0.003768
1483,29.6600,1.752803,1,weight_shift,0.115437,-0.003607,-0.005106,0.000623,0.005754
1484,29.6800,2.004046,1,weight_shift,0.115442,-0.003626,-0.005274,0.000120,-0.002243
1485,29.7000,2.255290,1,weight_shift,0.115443,-0.003692,-0.005386,-0.000031,-0.002369
1486,29.7200,2.506534,1,weight_shift,0.115446,-0.003740,-0.005519,0.000079,-0.003550
1487,29.7400,2.757777,1,weight_shift,0.115444,-0.003817,-0.005555,-0.000205,-0.003592
1488,29.7600,3.009021,1,weight_shift,0.115450,-0.003771,-0.005483,0.000985,0.006844
1489,29.7800,-3.022921,1,weight_shift,0.115451,-0.003721,-0.005086,-0.000688,-0.004774
1490,29.8000,-2.771677,1,weight_shift,0.115434,-0.003781,-0.004518,-0.000540,-0.003730
1491,29.8200,-2.520434,1,weight_shift,0.115422,-0.003869,-0.003766,-0.000672,-0.009317
1492,29.8400,-2.269190,1,weight_shift,0.115410,-0.003905,-0.002978,-0.000234,-0.001363
1493,29.8600,-2.017946,1,weight_shift,0.115406,-0.003908,-0.002132,-0.000282,-0.005068
1494,29.8800,-1.766703,1,weight_shift,0.115399,-0.003859,-0.001259,-0.000265,-0.001136
1495,29.9000,-1.515459,1,weight_shift,0.115398,-0.003752,-0.000603,0.000118,-0.000526
1496,29.9200,-1.264215,1,weight_shift,0.115397,-0.003705,-0.000058,-0.000149,-0.000280
1497,29.9400,-1.012972,1,weight_shift,0.115393,-0.003659,0.000166,-0.000206,0.001601
1498,29.9600,-0.761728,1,weight_shift,0.115391,-0.003600,0.000100,0.000030,0.006876
1499,29.9800,-0.510485,1,weight_shift,0.115392,-0.003591,0.000007,0.000012,-0.000121
1500,30.0000,-0.259241,1,weight_shift,0.115391,-0.003614,-0.000290,-0.000060,0.001106
1501,30.0200,-0.007997,1,weight_shift,0.115392,-0.003628,-0.000928,0.000231,0.007835
1502,30.0400,0.243246,1,weight_shift,0.115397,-0.003666,-0.001553,0.000173,0.000163
1503,30.0600,0.494490,1,weight_shift,0.115399,-0.003739,-0.002250,0.000075,0.001215
1504,30.0800,0.745734,1,weight_shift,0.115405,-0.003743,-0.003088,0.000457,0.005929
1505,30.1000,0.996977,1,weight_shift,0.115413,-0.003735,-0.003735,0.000295,0.003636
1506,30.1200,1.248221,1,weight_shift,0.115420,-0.003694,-0.004301,0.000754,0.008636
1507,30.1400,1.499465,1,weight_shift,0.115431,-0.003635,-0.004706,0.000362,0.003756
1508,30.1600,1.750708,1,weight_shift,0.115437,-0.003605,-0.005025,0.000621,0.005645
1509,30.1800,2.001952,1,weight_shift,0.115443,-0.003628,-0.005172,0.000128,-0.002634
1510,30.2000,2.253195,1,weight_shift,0.115443,-0.003699,-0.005270,-0.000026,-0.002634
1511,30.2200,2.504439,1,weight_shift,0.115447,-0.003749,-0.005400,0.000082,-0.003643
1512,30.2400,2.755683,1,weight_shift,0.115445,-0.003828,-0.005440,-0.000207,-0.003588
1513,30.2600,3.006926,1,weight_shift,0.115446,-0.003839,-0.005411,0.000658,0.002375
1514,30.2800,-3.025015,1,weight_shift,0.115452,-0.003784,-0.005030,-0.000489,-0.003612
1515,30.3000,-2.773772,1,weight_shift,0.115432,-0.003851,-0.004418,-0.001052,-0.007961
1516,30.3200,-2.522528,1,weight_shift,0.115421,-0.003920,-0.003738,-0.000590,-0.009455
1517,30.3400,-2.271284,1,weight_shift,0.115408,-0.003989,-0.002937,-0.000647,-0.006828
1518,30.3600,-2.020041,1,weight_shift,0.115403,-0.003973,-0.002160,-0.000221,-0.005110
1519,30.3800,-1.768797,1,weight_shift,0.115397,-0.003932,-0.001291,-0.000334,-0.001492
1520,30.4000,-1.517553,1,weight_shift,0.115392,-0.003813,-0.000621,-0.000057,0.006235
1521,30.4200,-1.266310,1,weight_shift,0.115392,-0.003742,-0.000103,-0.000048,-0.000569
1522,30.4400,-1.015066,1,weight_shift,0.115389,-0.003709,0.000168,-0.000158,0.000420
1523,30.4600,-0.763823,1,weight_shift,0.115387,-0.003665,0.000146,0.000041,0.006173
1524,30.4800,-0.512579,1,weight_shift,0.115389,-0.003664,0.000085,0.000019,-0.000541
1525,30.5000,-0.261335,1,weight_shift,0.115388,-0.003688,-0.000189,-0.000056,0.001124
1526,30.5200,-0.010092,1,weight_shift,0.115388,-0.003724,-0.000792,-0.000009,0.002192
1527,30.5400,0.241152,1,weight_shift,0.115393,-0.003721,-0.001478,0.000219,0.001361
1528,30.5600,0.492396,1,weight_shift,0.115396,-0.003786,-0.002159,0.000103,0.001142
1529,30.5800,0.743639,1,weight_shift,0.115402,-0.003793,-0.002978,0.000455,0.005826
1530,30.6000,0.994883,1,weight_shift,0.115410,-0.003788,-0.003618,0.000306,0.003484
1531,30.6200,1.246127,1,weight_shift,0.115418,-0.003748,-0.004184,0.000748,0.008767
1532,30.6400,1.497370,1,weight_shift,0.115428,-0.003687,-0.004599,0.000373,0.003966
1533,30.6600,1.748614,1,weight_shift,0.115435,-0.003654,-0.004939,0.000625,0.006031
1534,30.6800,1.999857,1,weight_shift,0.115440,-0.003674,-0.005106,0.000132,-0.002428
1535,30.7000,2.251101,1,weight_shift,0.115441,-0.003744,-0.005220,-0.000026,-0.002496
1536,30.7200,2.502345,1,weight_shift,0.115445,-0.003792,-0.005368,0.000084,-0.003504
1537,30.7400,2.753588,1,weight_shift,0.115443,-0.003870,-0.005427,-0.000196,-0.003401
1538,30.7600,3.004832,1,weight_shift,0.115444,-0.003879,-0.005416,0.000668,0.002631
1539,30.7800,-3.027110,1,weight_shift,0.115450,-0.003819,-0.005052,-0.000478,-0.003360
1540,30.8000,-2.775866,1,weight_shift,0.115431,-0.003882,-0.004453,-0.001041,-0.007746
1541,30.8200,-2.524622,1,weight_shift,0.115420,-0.003947,-0.003782,-0.000579,-0.009259
1542,30.8400,-2.273379,1,weight_shift,0.115407,-0.004013,-0.002989,-0.000636,-0.006660
1543,30.8600,-2.022135,1,weight_shift,0.115402,-0.003994,-0.002216,-0.000212,-0.004986
1544,30.8800,-1.770891,1,weight_shift,0.115396,-0.003949,-0.001350,-0.000327,-0.001400
1545,30.9000,-1.519648,1,weight_shift,0.115391,-0.003829,-0.000680,-0.000052,0.006250
1546,30.9200,-1.268404,1,weight_shift,0.115392,-0.003756,-0.000157,-0.000049,-0.000572
1547,30.9400,-1.017161,1,weight_shift,0.115389,-0.003723,0.000120,-0.000158,0.000412
1548,30.9600,-0.765917,1,weight_shift,0.115387,-0.003678,0.000104,0.000040,0.006170
1549,30.9800,-0.514673,1,weight_shift,0.115388,-0.003676,0.000052,0.000017,-0.000544
1550,31.0000,-0.263430,1,weight_shift,0.115387,-0.003699,-0.000213,-0.000060,0.001152
1551,31.0200,-0.012186,1,weight_shift,0.115387,-0.003735,-0.000809,-0.000011,0.002229
1552,31.0400,0.239058,1,weight_shift,0.115392,-0.003731,-0.001489,0.000218,0.001375
1553,31.0600,0.490301,1,weight_shift,0.115395,-0.003796,-0.002166,0.000102,0.001148
1554,31.0800,0.741545,1,weight_shift,0.115401,-0.003803,-0.002983,0.000453,0.005853
1555,31.1000,0.992789,1,weight_shift,0.115409,-0.003799,-0.003620,0.000305,0.003488
1556,31.1200,1.244032,1,weight_shift,0.115417,-0.003759,-0.004184,0.000745,0.008789
1557,31.1400,1.495276,1,weight_shift,0.115427,-0.003698,-0.004597,0.000373,0.003980
1558,31.1600,1.746519,1,weight_shift,0.115434,-0.003664,-0.004935,0.000625,0.006076
1559,31.1800,1.997763,1,weight_shift,0.115440,-0.003684,-0.005102,0.000132,-0.002412
1560,31.2000,2.249007,1,weight_shift,0.115440,-0.003753,-0.005216,-0.000025,-0.002481
1561,31.2200,2.500250,1,weight_shift,0.115444,-0.003802,-0.005364,0.000085,-0.003486
1562,31.2400,2.751494,1,weight_shift,0.115442,-0.003879,-0.005424,-0.000194,-0.003386
1563,31.2600,3.002738,1,weight_shift,0.115443,-0.003888,-0.005416,0.000671,0.002673
1564,31.2800,-3.029204,1,weight_shift,0.115450,-0.003827,-0.005053,-0.000477,-0.003337
1565,31.3000,-2.777960,1,weight_shift,0.115430,-0.003890,-0.004457,-0.001040,-0.007766
1566,31.3200,-2.526717,1,weight_shift,0.115419,-0.003955,-0.003788,-0.000579,-0.009305
1567,31.3400,-2.275473,1,weight_shift,0.115406,-0.004021,-0.002996,-0.000636,-0.006718
1568,31.3600,-2.024230,1,weight_shift,0.115402,-0.004003,-0.002225,-0.000213,-0.005052
1569,31.3800,-1.772986,1,weight_shift,0.115395,-0.003959,-0.001360,-0.000327,-0.001465
1570,31.4000,-1.521742,1,weight_shift,0.115391,-0.003838,-0.000691,-0.000052,0.006222
1571,31.4200,-1.270499,1,weight_shift,0.115391,-0.003766,-0.000166,-0.000050,-0.000593
1572,31.4400,-1.019255,1,weight_shift,0.115388,-0.003732,0.000113,-0.000158,0.000410
1573,31.4600,-0.768011,1,weight_shift,0.115386,-0.003687,0.000098,0.000040,0.006181
1574,31.4800,-0.516768,1,weight_shift,0.115387,-0.003685,0.000048,0.000017,-0.000540
1575,31.5000,-0.265524,1,weight_shift,0.115387,-0.003707,-0.000215,-0.000062,0.001173
1576,31.5200,-0.014280,1,weight_shift,0.115386,-0.003742,-0.000808,-0.000011,0.002263
1577,31.5400,0.236963,1,weight_shift,0.115391,-0.003739,-0.001488,0.000218,0.001402
1578,31.5600,0.488207,1,weight_shift,0.115395,-0.003804,-0.002165,0.000102,0.001178
1579,31.5800,0.739450,1,weight_shift,0.115400,-0.003811,-0.002981,0.000452,0.005890
1580,31.6000,0.990694,1,weight_shift,0.115408,-0.003807,-0.003619,0.000305,0.003512
1581,31.6200,1.241938,1,weight_shift,0.115416,-0.003768,-0.004183,0.000745,0.008821
1582,31.6400,1.493181,1,weight_shift,0.115426,-0.003707,-0.004595,0.000374,0.004009
1583,31.6600,1.744425,1,weight_shift,0.115433,-0.003672,-0.004934,0.000627,0.006123
1584,31.6800,1.995669,1,weight_shift,0.115439,-0.003691,-0.005101,0.000133,-0.002398
1585,31.7000,2.246912,1,weight_shift,0.115439,-0.003761,-0.005213,-0.000025,-0.002473
1586,31.7200,2.498156,1,weight_shift,0.115443,-0.003809,-0.005362,0.000085,-0.003478
1587,31.7400,2.749400,1,weight_shift,0.115441,-0.003887,-0.005423,-0.000192,-0.003375
1588,31.7600,3.000643,1,weight_shift,0.115448,-0.003835,-0.005383,0.001001,0.007526
1589,31.7800,-3.031298,1,weight_shift,0.115444,-0.003849,-0.005046,-0.000635,-0.005830
1590,31.8000,-2.780055,1,weight_shift,0.115440,-0.003829,-0.004558,-0.000331,-0.000483
1591,31.8200,-2.528811,1,weight_shift,0.115426,-0.003920,-0.003833,-0.000878,-0.010463
1592,31.8400,-2.277568,1,weight_shift,0.115411,-0.003979,-0.003028,-0.000371,-0.002806
1593,31.8600,-2.026324,1,weight_shift,0.115404,-0.003994,-0.002162,-0.000350,-0.005718
1594,31.8800,-1.775080,1,weight_shift,0.115397,-0.003946,-0.001281,-0.000278,-0.001229
1595,31.9000,-1.523837,1,weight_shift,0.115396,-0.003834,-0.000618,0.000113,-0.000418
1596,31.9200,-1.272593,1,weight_shift,0.115395,-0.003780,-0.000061,-0.000159,-0.000081
1597,31.9400,-1.021349,1,weight_shift,0.115391,-0.003726,0.000173,-0.000215,0.001856
1598,31.9600,-0.770106,1,weight_shift,0.115389,-0.003656,0.000141,0.000094,0.003051
1599,31.9800,-0.518862,1,weight_shift,0.115390,-0.003661,0.000060,-0.000050,0.000106
