step,t,phase,move,move_name,trunk_z,trunk_roll,trunk_pitch,trunk_vz,trunk_roll_rate
0,0.0000,-0.133577,2,head_bob,0.123591,-0.000210,-0.000702,-0.141132,-0.020050
1,0.0200,0.117666,2,head_bob,0.118390,-0.000737,-0.002620,-0.331595,-0.027356
2,0.0400,0.368910,2,head_bob,0.115014,-0.000849,-0.001296,-0.022693,-0.010171
3,0.0600,0.620154,2,head_bob,0.115454,-0.001300,0.000701,0.028655,-0.019945
4,0.0800,0.871397,2,head_bob,0.115924,-0.001562,0.000696,0.018814,-0.010224
5,0.1000,1.122641,2,head_bob,0.116160,-0.001774,0.000385,0.008067,-0.012593
6,0.1200,1.373885,2,head_bob,0.116237,-0.002081,-0.000085,0.002025,-0.016572
7,0.1400,1.625128,2,head_bob,0.116244,-0.002411,-0.000543,-0.000419,-0.014876
8,0.1600,1.876372,2,head_bob,0.116224,-0.002660,-0.000865,-0.001168,-0.010848
9,0.1800,2.127616,2,head_bob,0.116192,-0.002940,-0.001096,-0.001827,-0.017282
10,0.2000,2.378859,2,head_bob,0.116150,-0.003306,-0.001226,-0.002707,-0.015559
11,0.2200,2.630103,2,head_bob,0.116085,-0.003443,-0.000878,-0.003382,-0.001772
12,0.2400,2.881346,2,head_bob,0.116027,-0.003343,0.000172,-0.001905,0.008291
13,0.2600,3.132590,2,head_bob,0.115972,-0.002853,0.001831,-0.004315,0.029258
14,0.2800,-2.899352,2,head_bob,0.115855,-0.002283,0.003782,-0.006378,0.025922
15,0.3000,-2.648108,2,head_bob,0.115738,-0.001879,0.005562,-0.004931,0.010275
16,0.3200,-2.396864,2,head_bob,0.115650,-0.001825,0.006875,-0.004136,-0.001584
17,0.3400,-2.145621,2,head_bob,0.115571,-0.001825,0.007735,-0.003288,-0.003077
18,0.3600,-1.894377,2,head_bob,0.115531,-0.001957,0.007853,-0.001269,-0.007856
19,0.3800,-1.643133,2,head_bob,0.115518,-0.002073,0.007350,-0.000382,-0.003586
20,0.4000,-1.391890,2,head_bob,0.115499,-0.001974,0.006566,-0.001266,0.012523
21,0.4200,-1.140646,2,head_bob,0.115486,-0.001651,0.005428,-0.000140,0.018067
22,0.4400,-0.889402,2,head_bob,0.115496,-0.001381,0.004175,0.000904,0.011819
23,0.4600,-0.638159,2,head_bob,0.115518,-0.001244,0.003210,0.001128,0.005540
24,0.4800,-0.386915,2,head_bob,0.115534,-0.001180,0.002864,0.000619,0.002195
25,0.5000,-0.135672,2,head_bob,0.115542,-0.001141,0.002937,0.000213,0.002619
26,0.5200,0.115572,2,head_bob,0.115538,-0.001069,0.003094,-0.000512,0.004273
27,0.5400,0.366816,2,head_bob,0.115537,-0.001109,0.003073,0.000239,-0.007276
28,0.5600,0.618059,2,head_bob,0.115535,-0.001285,0.002771,-0.000305,-0.008690
29,0.5800,0.869303,2,head_bob,0.115536,-0.001439,0.002250,0.000196,-0.006289
30,0.6000,1.120547,2,head_bob,0.115544,-0.001591,0.001369,0.001080,-0.002830
31,0.6200,1.371790,2,head_bob,0.115559,-0.001500,0.000034,0.000375,0.010940
32,0.6400,1.623034,2,head_bob,0.115571,-0.001357,-0.001458,0.000768,0.005980
33,0.6600,1.874278,2,head_bob,0.115589,-0.001384,-0.002692,0.000933,-0.003164
34,0.6800,2.125521,2,head_bob,0.115603,-0.001541,-0.003300,0.000469,-0.008895
35,0.7000,2.376765,2,head_bob,0.115599,-0.001740,-0.003159,-0.000787,-0.011168
36,0.7200,2.628008,2,head_bob,0.115590,-0.001982,-0.002423,0.000192,-0.017388
37,0.7400,2.879252,2,head_bob,0.115579,-0.001932,-0.001214,-0.000266,0.015652
38,0.7600,3.130496,2,head_bob,0.115546,-0.001516,0.000369,-0.002671,0.016312
39,0.7800,-2.901446,2,head_bob,0.115500,-0.001419,0.002021,-0.002977,0.001595
40,0.8000,-2.650202,2,head_bob,0.115424,-0.001274,0.003674,-0.003363,0.001840
41,0.8200,-2.398959,2,head_bob,0.115373,-0.001368,0.005070,-0.002246,-0.008956
42,0.8400,-2.147715,2,head_bob,0.115330,-0.001479,0.006028,-0.001864,-0.005155
43,0.8600,-1.896471,2,head_bob,0.115316,-0.001647,0.006286,-0.000202,-0.009140
44,0.8800,-1.645228,2,head_bob,0.115321,-0.001825,0.005982,0.000490,-0.007897
45,0.9000,-1.393984,2,head_bob,0.115339,-0.001959,0.005302,0.001164,-0.004254
46,0.9200,-1.142741,2,head_bob,0.115366,-0.002015,0.004420,0.000927,0.002995
47,0.9400,-0.891497,2,head_bob,0.115377,-0.001840,0.003733,0.000669,0.011341
48,0.9600,-0.640253,2,head_bob,0.115394,-0.001626,0.003287,0.000872,0.010783
49,0.9800,-0.389010,2,head_bob,0.115399,-0.001563,0.003054,0.000502,0.003610
50,1.0000,-0.137766,2,head_bob,0.115408,-0.001486,0.003019,0.000355,0.004236
51,1.0200,0.113478,2,head_bob,0.115408,-0.001366,0.003137,-0.000261,0.007392
52,1.0400,0.364721,2,head_bob,0.115406,-0.001321,0.003138,-0.000563,0.003220
53,1.0600,0.615965,2,head_bob,0.115406,-0.001407,0.002792,-0.000038,-0.006578
54,1.0800,0.867209,2,head_bob,0.115411,-0.001593,0.002208,0.001068,-0.003452
55,1.1000,1.118452,2,head_bob,0.115426,-0.001744,0.001241,0.001287,-0.003883
56,1.1200,1.369696,2,head_bob,0.115469,-0.001796,-0.000140,0.002369,-0.001240
57,1.1400,1.620939,2,head_bob,0.115514,-0.001906,-0.001495,0.001684,-0.001984
58,1.1600,1.872183,2,head_bob,0.115534,-0.001912,-0.002340,0.000819,0.001061
59,1.1800,2.123427,2,head_bob,0.115547,-0.001937,-0.002541,0.000534,-0.002150
60,1.2000,2.374670,2,head_bob,0.115549,-0.001966,-0.002193,-0.000522,-0.002911
61,1.2200,2.625914,2,head_bob,0.115528,-0.001999,-0.001547,-0.001100,-0.000270
62,1.2400,2.877158,2,head_bob,0.115509,-0.001831,-0.000646,-0.000379,0.015690
63,1.2600,3.128401,2,head_bob,0.115486,-0.001419,0.000575,-0.002037,0.016538
64,1.2800,-2.903540,2,head_bob,0.115445,-0.001256,0.001916,-0.002914,0.006628
65,1.3000,-2.652297,2,head_bob,0.115392,-0.001226,0.003305,-0.002257,-0.006672
66,1.3200,-2.401053,2,head_bob,0.115332,-0.001234,0.004604,-0.002352,-0.005882
67,1.3400,-2.149809,2,head_bob,0.115301,-0.001412,0.005474,-0.001060,-0.011641
68,1.3600,-1.898566,2,head_bob,0.115292,-0.001637,0.005684,-0.000091,-0.010303
69,1.3800,-1.647322,2,head_bob,0.115299,-0.001817,0.005408,0.000549,-0.007725
70,1.4000,-1.396079,2,head_bob,0.115319,-0.001945,0.004698,0.001282,-0.003741
71,1.4200,-1.144835,2,head_bob,0.115348,-0.001996,0.003805,0.001077,0.003149
72,1.4400,-0.893591,2,head_bob,0.115362,-0.001828,0.003150,0.000807,0.010695
73,1.4600,-0.642348,2,head_bob,0.115381,-0.001626,0.002749,0.000970,0.010268
74,1.4800,-0.391104,2,head_bob,0.115393,-0.001612,0.002631,0.000903,-0.000261
75,1.5000,-0.139860,2,head_bob,0.115402,-0.001559,0.002717,0.000245,0.004281
76,1.5200,0.111383,2,head_bob,0.115400,-0.001412,0.002976,-0.000353,0.008929
77,1.5400,0.362627,2,head_bob,0.115395,-0.001276,0.003141,0.000252,-0.000065
78,1.5600,0.613871,2,head_bob,0.115392,-0.001332,0.002900,-0.000428,-0.002528
79,1.5800,0.865114,2,head_bob,0.115397,-0.001485,0.002336,0.001178,-0.003023
80,1.6000,1.116358,2,head_bob,0.115415,-0.001636,0.001360,0.001404,-0.004083
81,1.6200,1.367601,2,head_bob,0.115459,-0.001704,-0.000032,0.002452,-0.002125
82,1.6400,1.618845,2,head_bob,0.115506,-0.001836,-0.001393,0.001756,-0.003097
83,1.6600,1.870089,2,head_bob,0.115528,-0.001865,-0.002242,0.000890,-0.000063
84,1.6800,2.121332,2,head_bob,0.115542,-0.001911,-0.002449,0.000601,-0.003113
85,1.7000,2.372576,2,head_bob,0.115540,-0.001983,-0.002127,-0.000773,-0.005572
86,1.7200,2.623820,2,head_bob,0.115521,-0.002032,-0.001519,-0.000997,-0.000158
87,1.7400,2.875063,2,head_bob,0.115504,-0.001851,-0.000652,-0.000293,0.016423
88,1.7600,3.126307,2,head_bob,0.115482,-0.001424,0.000555,-0.001988,0.017227
89,1.7800,-2.905635,2,head_bob,0.115445,-0.001276,0.001873,-0.001584,-0.002546
90,1.8000,-2.654391,2,head_bob,0.115382,-0.001186,0.003295,-0.002944,-0.000180
91,1.8200,-2.403147,2,head_bob,0.115337,-0.001311,0.004599,-0.002036,-0.010463
92,1.8400,-2.151904,2,head_bob,0.115297,-0.001433,0.005505,-0.001372,-0.008627
93,1.8600,-1.900660,2,head_bob,0.115288,-0.001626,0.005749,-0.000037,-0.009149
94,1.8800,-1.649417,2,head_bob,0.115296,-0.001801,0.005447,0.000620,-0.007771
95,1.9000,-1.398173,2,head_bob,0.115317,-0.001934,0.004712,0.001327,-0.003964
96,1.9200,-1.146929,2,head_bob,0.115346,-0.001989,0.003802,0.001107,0.003117
97,1.9400,-0.895686,2,head_bob,0.115362,-0.001826,0.003145,0.000826,0.010307
98,1.9600,-0.644442,2,head_bob,0.115380,-0.001631,0.002743,0.000985,0.009966
99,1.9800,-0.393198,2,head_bob,0.115391,-0.001599,0.002625,0.001302,-0.001269
100,2.0000,-0.141955,2,head_bob,0.115403,-0.001554,0.002713,0.000287,0.004394
101,2.0200,0.109289,2,head_bob,0.115400,-0.001404,0.002971,-0.000357,0.008850
102,2.0400,0.360533,2,head_bob,0.115396,-0.001270,0.003156,0.000246,-0.000093
103,2.0600,0.611776,2,head_bob,0.115391,-0.001310,0.002931,-0.000164,-0.003902
104,2.0800,0.863020,2,head_bob,0.115398,-0.001477,0.002379,0.001177,-0.003378
105,2.1000,1.114263,2,head_bob,0.115421,-0.001526,0.001451,0.000765,-0.004594
106,2.1200,1.365507,2,head_bob,0.115460,-0.001590,0.000122,0.002338,-0.002065
107,2.1400,1.616751,2,head_bob,0.115506,-0.001724,-0.001187,0.001729,-0.003414
108,2.1600,1.867994,2,head_bob,0.115527,-0.001763,-0.002022,0.000886,-0.000719
109,2.1800,2.119238,2,head_bob,0.115542,-0.001825,-0.002245,0.000602,-0.003943
110,2.2000,2.370482,2,head_bob,0.115535,-0.001932,-0.001971,-0.000874,-0.006628
111,2.2200,2.621725,2,head_bob,0.115517,-0.001983,-0.001404,-0.000888,0.000152
112,2.2400,2.872969,2,head_bob,0.115502,-0.001795,-0.000569,-0.000218,0.016748
113,2.2600,3.124213,2,head_bob,0.115481,-0.001365,0.000612,-0.001946,0.017376
114,2.2800,-2.907729,2,head_bob,0.115445,-0.001219,0.001912,-0.001563,-0.002698
115,2.3000,-2.656486,2,head_bob,0.115382,-0.001136,0.003324,-0.002934,-0.000504
116,2.3200,-2.405242,2,head_bob,0.115337,-0.001267,0.004621,-0.002035,-0.010828
117,2.3400,-2.153998,2,head_bob,0.115297,-0.001398,0.005523,-0.001377,-0.008944
118,2.3600,-1.902755,2,head_bob,0.115287,-0.001594,0.005764,-0.000037,-0.009201
119,2.3800,-1.651511,2,head_bob,0.115295,-0.001771,0.005453,0.000623,-0.007912
120,2.4000,-1.400267,2,head_bob,0.115317,-0.001906,0.004706,0.001335,-0.004082
121,2.4200,-1.149024,2,head_bob,0.115347,-0.001964,0.003787,0.001117,0.003010
122,2.4400,-0.897780,2,head_bob,0.115362,-0.001804,0.003124,0.000836,0.010113
123,2.4600,-0.646536,2,head_bob,0.115381,-0.001613,0.002720,0.001000,0.009736
124,2.4800,-0.395293,2,head_bob,0.115393,-0.001603,0.002602,0.000908,-0.000159
125,2.5000,-0.144049,2,head_bob,0.115403,-0.001544,0.002691,0.000245,0.004903
126,2.5200,0.107194,2,head_bob,0.115400,-0.001388,0.002957,-0.000347,0.009047
127,2.5400,0.358438,2,head_bob,0.115396,-0.001252,0.003148,0.000262,-0.000125
128,2.5600,0.609682,2,head_bob,0.115392,-0.001308,0.002938,-0.000425,-0.002462
129,2.5800,0.860925,2,head_bob,0.115398,-0.001458,0.002392,0.001170,-0.002919
130,2.6000,1.112169,2,head_bob,0.115421,-0.001501,0.001470,0.000773,-0.004302
131,2.6200,1.363413,2,head_bob,0.115455,-0.001600,0.000124,0.002349,-0.002423
132,2.6400,1.614656,2,head_bob,0.115503,-0.001727,-0.001206,0.001831,-0.002822
133,2.6600,1.865900,2,head_bob,0.115526,-0.001755,-0.002061,0.000953,-0.000279
134,2.6800,2.117144,2,head_bob,0.115541,-0.001813,-0.002297,0.000641,-0.003812
135,2.7000,2.368387,2,head_bob,0.115540,-0.001900,-0.002001,-0.000760,-0.006151
136,2.7200,2.619631,2,head_bob,0.115521,-0.001958,-0.001408,-0.000979,-0.000506
137,2.7400,2.870874,2,head_bob,0.115510,-0.001730,-0.000546,0.000125,0.020432
138,2.7600,3.122118,2,head_bob,0.115481,-0.001335,0.000655,-0.002116,0.015818
139,2.7800,-2.909824,2,head_bob,0.115445,-0.001211,0.001967,-0.001558,-0.003377
140,2.8000,-2.658580,2,head_bob,0.115383,-0.001133,0.003375,-0.002898,-0.000552
141,2.8200,-2.407336,2,head_bob,0.115338,-0.001263,0.004663,-0.002014,-0.010642
142,2.8400,-2.156093,2,head_bob,0.115298,-0.001389,0.005561,-0.001376,-0.008721
143,2.8600,-1.904849,2,head_bob,0.115289,-0.001582,0.005800,-0.000043,-0.009052
144,2.8800,-1.653605,2,head_bob,0.115296,-0.001757,0.005488,0.000618,-0.007859
145,2.9000,-1.402362,2,head_bob,0.115318,-0.001892,0.004740,0.001332,-0.004034
146,2.9200,-1.151118,2,head_bob,0.115347,-0.001947,0.003816,0.001116,0.003121
147,2.9400,-0.899874,2,head_bob,0.115363,-0.001786,0.003146,0.000840,0.010190
148,2.9600,-0.648631,2,head_bob,0.115382,-0.001594,0.002733,0.001009,0.009771
149,2.9800,-0.397387,2,head_bob,0.115395,-0.001585,0.002608,0.000909,-0.000188
150,3.0000,-0.146144,2,head_bob,0.115404,-0.001526,0.002695,0.000247,0.004856
151,3.0200,0.105100,2,head_bob,0.115402,-0.001371,0.002961,-0.000343,0.008951
152,3.0400,0.356344,2,head_bob,0.115397,-0.001238,0.003157,0.000265,-0.000219
153,3.0600,0.607587,2,head_bob,0.115394,-0.001294,0.002955,-0.000425,-0.002489
154,3.0800,0.858831,2,head_bob,0.115399,-0.001444,0.002416,0.001162,-0.002884
155,3.1000,1.110075,2,head_bob,0.115422,-0.001485,0.001501,0.000763,-0.004274
156,3.1200,1.361318,2,head_bob,0.115456,-0.001585,0.000159,0.002339,-0.002425
157,3.1400,1.612562,2,head_bob,0.115503,-0.001710,-0.001174,0.001825,-0.002815
158,3.1600,1.863806,2,head_bob,0.115527,-0.001739,-0.002038,0.000953,-0.000269
159,3.1800,2.115049,2,head_bob,0.115542,-0.001797,-0.002286,0.000645,-0.003816
160,3.2000,2.366293,2,head_bob,0.115536,-0.001905,-0.002024,-0.000856,-0.006649
161,3.2200,2.617536,2,head_bob,0.115518,-0.001958,-0.001457,-0.000876,0.000031
162,3.2400,2.868780,2,head_bob,0.115509,-0.001719,-0.000610,0.000200,0.020939
163,3.2600,3.120024,2,head_bob,0.115481,-0.001317,0.000585,-0.002071,0.016125
164,3.2800,-2.911918,2,head_bob,0.115445,-0.001190,0.001896,-0.001533,-0.003319
165,3.3000,-2.660674,2,head_bob,0.115384,-0.001113,0.003308,-0.002889,-0.000629
166,3.3200,-2.409431,2,head_bob,0.115339,-0.001246,0.004618,-0.002024,-0.010843
167,3.3400,-2.158187,2,head_bob,0.115298,-0.001376,0.005535,-0.001390,-0.008852
168,3.3600,-1.906943,2,head_bob,0.115289,-0.001571,0.005788,-0.000050,-0.009143
169,3.3800,-1.655700,2,head_bob,0.115297,-0.001746,0.005484,0.000611,-0.007906
170,3.4000,-1.404456,2,head_bob,0.115318,-0.001881,0.004742,0.001325,-0.004063
171,3.4200,-1.153212,2,head_bob,0.115347,-0.001937,0.003820,0.001112,0.003123
172,3.4400,-0.901969,2,head_bob,0.115363,-0.001776,0.003150,0.000840,0.010161
173,3.4600,-0.650725,2,head_bob,0.115382,-0.001585,0.002736,0.001017,0.009706
174,3.4800,-0.399482,2,head_bob,0.115396,-0.001597,0.002608,0.000672,0.000388
175,3.5000,-0.148238,2,head_bob,0.115403,-0.001529,0.002697,0.000230,0.005152
176,3.5200,0.103006,2,head_bob,0.115401,-0.001371,0.002967,-0.000332,0.009031
177,3.5400,0.354249,2,head_bob,0.115397,-0.001238,0.003165,0.000274,-0.000248
178,3.5600,0.605493,2,head_bob,0.115394,-0.001294,0.002966,-0.000422,-0.002472
179,3.5800,0.856737,2,head_bob,0.115399,-0.001443,0.002432,0.001155,-0.002858
180,3.6000,1.107980,2,head_bob,0.115422,-0.001482,0.001524,0.000753,-0.004117
181,3.6200,1.359224,2,head_bob,0.115456,-0.001579,0.000185,0.002333,-0.002375
182,3.6400,1.610468,2,head_bob,0.115503,-0.001705,-0.001151,0.001826,-0.002794
183,3.6600,1.861711,2,head_bob,0.115526,-0.001733,-0.002022,0.000958,-0.000263
184,3.6800,2.112955,2,head_bob,0.115542,-0.001791,-0.002280,0.000655,-0.003829
185,3.7000,2.364198,2,head_bob,0.115536,-0.001900,-0.002028,-0.000851,-0.006668
186,3.7200,2.615442,2,head_bob,0.115518,-0.001954,-0.001466,-0.000870,-0.000033
187,3.7400,2.866686,2,head_bob,0.115510,-0.001717,-0.000622,0.000207,0.020887
188,3.7600,3.117929,2,head_bob,0.115482,-0.001314,0.000569,-0.002062,0.016257
189,3.7800,-2.914012,2,head_bob,0.115446,-0.001186,0.001879,-0.001526,-0.003282
190,3.8000,-2.662769,2,head_bob,0.115384,-0.001109,0.003292,-0.002886,-0.000624
191,3.8200,-2.411525,2,head_bob,0.115339,-0.001242,0.004620,-0.002037,-0.010922
192,3.8400,-2.160281,2,head_bob,0.115299,-0.001372,0.005550,-0.001403,-0.008858
193,3.8600,-1.909038,2,head_bob,0.115289,-0.001567,0.005808,-0.000057,-0.009126
194,3.8800,-1.657794,2,head_bob,0.115297,-0.001742,0.005505,0.000604,-0.007881
195,3.9000,-1.406551,2,head_bob,0.115318,-0.001877,0.004761,0.001320,-0.004034
196,3.9200,-1.155307,2,head_bob,0.115351,-0.001961,0.003832,0.001883,-0.002688
197,3.9400,-0.904063,2,head_bob,0.115369,-0.001851,0.003180,0.000770,0.009049
198,3.9600,-0.652820,2,head_bob,0.115386,-0.001657,0.002820,0.000876,0.010170
199,3.9800,-0.401576,2,head_bob,0.115391,-0.001590,0.002734,0.000458,0.004130
200,4.0000,-0.150332,2,head_bob,0.115399,-0.001492,0.002811,0.000323,0.005750
201,4.0200,0.100911,2,head_bob,0.115399,-0.001346,0.003029,-0.000250,0.008105
202,4.0400,0.352155,2,head_bob,0.115399,-0.001280,0.003172,-0.000369,0.002497
203,4.0600,0.603399,2,head_bob,0.115392,-0.001273,0.002939,-0.000038,-0.004089
204,4.0800,0.854642,2,head_bob,0.115399,-0.001441,0.002403,0.001150,-0.003395
205,4.1000,1.105886,2,head_bob,0.115421,-0.001485,0.001507,0.000717,-0.004364
206,4.1200,1.357129,2,head_bob,0.115454,-0.001583,0.000183,0.002311,-0.002330
207,4.1400,1.608373,2,head_bob,0.115502,-0.001705,-0.001147,0.001824,-0.002555
208,4.1600,1.859617,2,head_bob,0.115525,-0.001727,-0.002020,0.000969,0.000043
209,4.1800,2.110860,2,head_bob,0.115541,-0.001780,-0.002285,0.000674,-0.003542
210,4.2000,2.362104,2,head_bob,0.115535,-0.001884,-0.002044,-0.000836,-0.006464
211,4.2200,2.613348,2,head_bob,0.115518,-0.001937,-0.001485,-0.000862,-0.000071
212,4.2400,2.864591,2,head_bob,0.115510,-0.001702,-0.000644,0.000217,0.020793
213,4.2600,3.115835,2,head_bob,0.115489,-0.001239,0.000570,-0.002035,0.018200
214,4.2800,-2.916107,2,head_bob,0.115451,-0.001098,0.001928,-0.001669,-0.003483
215,4.3000,-2.664863,2,head_bob,0.115386,-0.001035,0.003382,-0.003008,-0.001560
216,4.3200,-2.413619,2,head_bob,0.115339,-0.001187,0.004753,-0.002113,-0.011858
217,4.3400,-2.162376,2,head_bob,0.115298,-0.001347,0.005708,-0.001738,-0.007437
218,4.3600,-1.911132,2,head_bob,0.115287,-0.001534,0.005973,-0.000077,-0.009062
219,4.3800,-1.659889,2,head_bob,0.115295,-0.001711,0.005656,0.000621,-0.008078
220,4.4000,-1.408645,2,head_bob,0.115316,-0.001851,0.004890,0.001333,-0.004255
221,4.4200,-1.157401,2,head_bob,0.115346,-0.001910,0.003938,0.001120,0.003001
222,4.4400,-0.906158,2,head_bob,0.115361,-0.001752,0.003235,0.000856,0.010024
223,4.4600,-0.654914,2,head_bob,0.115381,-0.001565,0.002787,0.001043,0.009565
224,4.4800,-0.403670,2,head_bob,0.115395,-0.001580,0.002631,0.000687,0.000365
225,4.5000,-0.152427,2,head_bob,0.115403,-0.001512,0.002700,0.000240,0.005136
226,4.5200,0.098817,2,head_bob,0.115402,-0.001357,0.002957,-0.000316,0.008859
227,4.5400,0.350061,2,head_bob,0.115398,-0.001228,0.003153,0.000290,-0.000431
228,4.5600,0.601304,2,head_bob,0.115394,-0.001287,0.002958,-0.000415,-0.002575
229,4.5800,0.852548,2,head_bob,0.115400,-0.001436,0.002429,0.001142,-0.002767
230,4.6000,1.103791,2,head_bob,0.115422,-0.001472,0.001530,0.000734,-0.004038
231,4.6200,1.355035,2,head_bob,0.115456,-0.001568,0.000194,0.002320,-0.002307
232,4.6400,1.606279,2,head_bob,0.115503,-0.001691,-0.001148,0.001827,-0.002674
233,4.6600,1.857522,2,head_bob,0.115526,-0.001717,-0.002031,0.000969,-0.000128
234,4.6800,2.108766,2,head_bob,0.115542,-0.001773,-0.002304,0.000675,-0.003734
235,4.7000,2.360010,2,head_bob,0.115536,-0.001882,-0.002068,-0.000839,-0.006638
236,4.7200,2.611253,2,head_bob,0.115519,-0.001937,-0.001510,-0.000860,-0.000143
237,4.7400,2.862497,2,head_bob,0.115511,-0.001702,-0.000669,0.000221,0.020765
238,4.7600,3.113741,2,head_bob,0.115490,-0.001238,0.000546,-0.002031,0.018353
239,4.7800,-2.918201,2,head_bob,0.115452,-0.001093,0.001906,-0.001668,-0.003399
240,4.8000,-2.666957,2,head_bob,0.115388,-0.001030,0.003364,-0.003011,-0.001573
241,4.8200,-2.415714,2,head_bob,0.115341,-0.001183,0.004746,-0.002125,-0.011915
242,4.8400,-2.164470,2,head_bob,0.115299,-0.001344,0.005711,-0.001756,-0.007476
243,4.8600,-1.913227,2,head_bob,0.115287,-0.001531,0.005985,-0.000093,-0.009128
244,4.8800,-1.661983,2,head_bob,0.115295,-0.001708,0.005672,0.000611,-0.008088
245,4.9000,-1.410739,2,head_bob,0.115316,-0.001848,0.004909,0.001325,-0.004257
246,4.9200,-1.159496,2,head_bob,0.115346,-0.001907,0.003956,0.001115,0.003038
247,4.9400,-0.908252,2,head_bob,0.115362,-0.001749,0.003248,0.000857,0.010025
248,4.9600,-0.657008,2,head_bob,0.115381,-0.001562,0.002794,0.001051,0.009534
249,4.9800,-0.405765,2,head_bob,0.115396,-0.001578,0.002631,0.000693,0.000349
250,5.0000,-0.154521,2,head_bob,0.115404,-0.001511,0.002698,0.000245,0.005169
251,5.0200,0.096723,2,head_bob,0.115402,-0.001356,0.002953,-0.000310,0.008808
252,5.0400,0.347966,2,head_bob,0.115398,-0.001228,0.003152,0.000293,-0.000479
253,5.0600,0.599210,2,head_bob,0.115395,-0.001287,0.002962,-0.000416,-0.002573
254,5.0800,0.850453,2,head_bob,0.115400,-0.001434,0.002440,0.001129,-0.002670
255,5.1000,1.101697,2,head_bob,0.115430,-0.001400,0.001563,0.000932,-0.000779
256,5.1200,1.352941,2,head_bob,0.115457,-0.001497,0.000248,0.002049,-0.002761
257,5.1400,1.604184,2,head_bob,0.115505,-0.001650,-0.001043,0.002442,-0.008382
258,5.1600,1.855428,2,head_bob,0.115531,-0.001727,-0.001875,0.000900,-0.001410
259,5.1800,2.106672,2,head_bob,0.115544,-0.001790,-0.002089,0.000551,-0.003916
260,5.2000,2.357915,2,head_bob,0.115536,-0.001895,-0.001811,-0.000908,-0.006250
261,5.2200,2.609159,2,head_bob,0.115518,-0.001940,-0.001249,-0.000886,0.000399
262,5.2400,2.860403,2,head_bob,0.115510,-0.001695,-0.000424,0.000209,0.021150
263,5.2600,3.111646,2,head_bob,0.115482,-0.001285,0.000734,-0.002044,0.016799
264,5.2800,-2.920296,2,head_bob,0.115443,-0.001115,0.002015,-0.002354,0.003444
265,5.3000,-2.669052,2,head_bob,0.115386,-0.001042,0.003363,-0.002320,-0.004355
266,5.3200,-2.417808,2,head_bob,0.115338,-0.001177,0.004664,-0.003003,-0.005082
267,5.3400,-2.166565,2,head_bob,0.115301,-0.001349,0.005584,-0.001241,-0.011524
268,5.3600,-1.915321,2,head_bob,0.115291,-0.001567,0.005838,-0.000165,-0.009761
269,5.3800,-1.664077,2,head_bob,0.115296,-0.001740,0.005555,0.000528,-0.007596
270,5.4000,-1.412834,2,head_bob,0.115316,-0.001868,0.004809,0.001289,-0.003682
271,5.4200,-1.161590,2,head_bob,0.115350,-0.001946,0.003862,0.001882,-0.002361
272,5.4400,-0.910346,2,head_bob,0.115368,-0.001832,0.003181,0.000786,0.009211
273,5.4600,-0.659103,2,head_bob,0.115385,-0.001639,0.002791,0.000914,0.010141
274,5.4800,-0.407859,2,head_bob,0.115391,-0.001574,0.002685,0.000474,0.004160
275,5.5000,-0.156616,2,head_bob,0.115399,-0.001474,0.002757,0.000339,0.005809
276,5.5200,0.094628,2,head_bob,0.115400,-0.001330,0.002978,-0.000226,0.007927
277,5.5400,0.345872,2,head_bob,0.115400,-0.001268,0.003135,-0.000347,0.002287
278,5.5600,0.597115,2,head_bob,0.115394,-0.001263,0.002910,-0.000029,-0.004105
279,5.5800,0.848359,2,head_bob,0.115400,-0.001428,0.002380,0.001123,-0.003195
280,5.6000,1.099603,2,head_bob,0.115429,-0.001399,0.001525,0.000893,-0.001034
281,5.6200,1.350846,2,head_bob,0.115456,-0.001499,0.000238,0.002025,-0.002797
282,5.6400,1.602090,2,head_bob,0.115504,-0.001650,-0.001033,0.002435,-0.008251
283,5.6600,1.853334,2,head_bob,0.115529,-0.001724,-0.001856,0.000903,-0.001254
284,5.6800,2.104577,2,head_bob,0.115543,-0.001784,-0.002068,0.000560,-0.003791
285,5.7000,2.355821,2,head_bob,0.115530,-0.001894,-0.001816,-0.000895,-0.005825
286,5.7200,2.607065,2,head_bob,0.115514,-0.001926,-0.001270,-0.000781,0.001096
287,5.7400,2.858308,2,head_bob,0.115507,-0.001671,-0.000453,0.000278,0.021549
288,5.7600,3.109552,2,head_bob,0.115480,-0.001258,0.000697,-0.002001,0.016813
289,5.7800,-2.922390,2,head_bob,0.115441,-0.001090,0.001977,-0.002332,0.003321
290,5.8000,-2.671146,2,head_bob,0.115385,-0.001020,0.003328,-0.002312,-0.004559
291,5.8200,-2.419903,2,head_bob,0.115337,-0.001160,0.004635,-0.003005,-0.005327
292,5.8400,-2.168659,2,head_bob,0.115300,-0.001335,0.005564,-0.001252,-0.011675
293,5.8600,-1.917415,2,head_bob,0.115289,-0.001557,0.005829,-0.000175,-0.009946
294,5.8800,-1.666172,2,head_bob,0.115295,-0.001731,0.005551,0.000525,-0.007697
295,5.9000,-1.414928,2,head_bob,0.115315,-0.001861,0.004808,0.001286,-0.003775
296,5.9200,-1.163684,2,head_bob,0.115348,-0.001941,0.003860,0.001882,-0.002428
297,5.9400,-0.912441,2,head_bob,0.115367,-0.001828,0.003176,0.000790,0.009165
298,5.9600,-0.661197,2,head_bob,0.115384,-0.001636,0.002782,0.000925,0.010079
299,5.9800,-0.409954,2,head_bob,0.115390,-0.001573,0.002674,0.000481,0.004149
300,6.0000,-0.158710,2,head_bob,0.115398,-0.001473,0.002746,0.000345,0.005802
301,6.0200,0.092534,2,head_bob,0.115399,-0.001329,0.002970,-0.000217,0.007855
302,6.0400,0.343777,2,head_bob,0.115399,-0.001268,0.003134,-0.000341,0.002218
303,6.0600,0.595021,2,head_bob,0.115393,-0.001265,0.002906,-0.000024,-0.004121
304,6.0800,0.846265,2,head_bob,0.115400,-0.001429,0.002371,0.001115,-0.003102
305,6.1000,1.097508,2,head_bob,0.115429,-0.001398,0.001521,0.000884,-0.000957
306,6.1200,1.348752,2,head_bob,0.115455,-0.001497,0.000242,0.002021,-0.002733
307,6.1400,1.599996,2,head_bob,0.115500,-0.001618,-0.001026,0.001774,-0.002548
308,6.1600,1.851239,2,head_bob,0.115523,-0.001643,-0.001872,0.000972,-0.000198
309,6.1800,2.102483,2,head_bob,0.115539,-0.001705,-0.002152,0.000700,-0.004109
310,6.2000,2.353726,2,head_bob,0.115534,-0.001824,-0.001937,-0.000834,-0.007084
311,6.2200,2.604970,2,head_bob,0.115517,-0.001887,-0.001395,-0.000844,-0.000594
312,6.2400,2.856214,2,head_bob,0.115509,-0.001662,-0.000571,0.000240,0.020241
313,6.2600,3.107457,2,head_bob,0.115482,-0.001265,0.000600,-0.002012,0.016246
314,6.2800,-2.924484,2,head_bob,0.115443,-0.001103,0.001903,-0.002328,0.003003
315,6.3000,-2.673241,2,head_bob,0.115387,-0.001055,0.003271,-0.002591,-0.003136
316,6.3200,-2.421997,2,head_bob,0.115336,-0.001154,0.004601,-0.002555,-0.007006
317,6.3400,-2.170753,2,head_bob,0.115301,-0.001345,0.005534,-0.001215,-0.012050
318,6.3600,-1.919510,2,head_bob,0.115290,-0.001568,0.005806,-0.000191,-0.009948
319,6.3800,-1.668266,2,head_bob,0.115296,-0.001740,0.005539,0.000507,-0.007549
320,6.4000,-1.417022,2,head_bob,0.115315,-0.001867,0.004805,0.001274,-0.003597
321,6.4200,-1.165779,2,head_bob,0.115349,-0.001943,0.003863,0.001874,-0.002228
322,6.4400,-0.914535,2,head_bob,0.115367,-0.001826,0.003180,0.000788,0.009321
323,6.4600,-0.663292,2,head_bob,0.115384,-0.001632,0.002785,0.000930,0.010180
324,6.4800,-0.412048,2,head_bob,0.115390,-0.001568,0.002675,0.000483,0.004122
325,6.5000,-0.160804,2,head_bob,0.115399,-0.001469,0.002750,0.000347,0.005707
326,6.5200,0.090439,2,head_bob,0.115399,-0.001327,0.002977,-0.000214,0.007778
327,6.5400,0.341683,2,head_bob,0.115400,-0.001268,0.003148,-0.000339,0.002176
328,6.5600,0.592927,2,head_bob,0.115393,-0.001264,0.002915,-0.000023,-0.004107
329,6.5800,0.844170,2,head_bob,0.115396,-0.001479,0.002357,0.000209,-0.013116
330,6.6000,1.095414,2,head_bob,0.115414,-0.001600,0.001444,0.000782,-0.005473
331,6.6200,1.346658,2,head_bob,0.115456,-0.001648,0.000107,0.002442,-0.000624
332,6.6400,1.597901,2,head_bob,0.115503,-0.001746,-0.001259,0.001825,-0.001493
333,6.6600,1.849145,2,head_bob,0.115527,-0.001752,-0.002155,0.000966,0.000891
334,6.6800,2.100388,2,head_bob,0.115543,-0.001790,-0.002431,0.000692,-0.002893
335,6.7000,2.351632,2,head_bob,0.115532,-0.001893,-0.002228,-0.000811,-0.005804
336,6.7200,2.602876,2,head_bob,0.115517,-0.001931,-0.001686,-0.000754,0.000641
337,6.7400,2.854119,2,head_bob,0.115504,-0.001739,-0.000860,-0.000110,0.016854
338,6.7600,3.105363,2,head_bob,0.115485,-0.001303,0.000326,-0.001850,0.017918
339,6.7800,-2.926579,2,head_bob,0.115451,-0.001148,0.001655,-0.001500,-0.002485
340,6.8000,-2.675335,2,head_bob,0.115389,-0.001064,0.003100,-0.002913,-0.000591
341,6.8200,-2.424091,2,head_bob,0.115343,-0.001201,0.004497,-0.002110,-0.011320
342,6.8400,-2.172848,2,head_bob,0.115300,-0.001335,0.005507,-0.001501,-0.009018
343,6.8600,-1.921604,2,head_bob,0.115289,-0.001534,0.005827,-0.000132,-0.009519
344,6.8800,-1.670361,2,head_bob,0.115295,-0.001710,0.005562,0.000552,-0.007934
345,6.9000,-1.419117,2,head_bob,0.115315,-0.001845,0.004840,0.001275,-0.004048
346,6.9200,-1.167873,2,head_bob,0.115348,-0.001928,0.003911,0.001857,-0.002529
347,6.9400,-0.916630,2,head_bob,0.115366,-0.001816,0.003238,0.000774,0.009133
348,6.9600,-0.665386,2,head_bob,0.115383,-0.001624,0.002846,0.000924,0.010096
349,6.9800,-0.414142,2,head_bob,0.115389,-0.001561,0.002732,0.000485,0.004016
350,7.0000,-0.162899,2,head_bob,0.115398,-0.001465,0.002800,0.000348,0.005530
351,7.0200,0.088345,2,head_bob,0.115399,-0.001326,0.003022,-0.000212,0.007659
352,7.0400,0.339589,2,head_bob,0.115396,-0.001221,0.003185,0.000337,-0.001435
353,7.0600,0.590832,2,head_bob,0.115393,-0.001280,0.002947,-0.000131,-0.004503
354,7.0800,0.842076,2,head_bob,0.115395,-0.001498,0.002379,0.000213,-0.013155
355,7.1000,1.093319,2,head_bob,0.115414,-0.001618,0.001455,0.000797,-0.005353
356,7.1200,1.344563,2,head_bob,0.115450,-0.001696,0.000100,0.002456,-0.000668
357,7.1400,1.595807,2,head_bob,0.115500,-0.001780,-0.001287,0.001929,-0.000481
358,7.1600,1.847050,2,head_bob,0.115524,-0.001766,-0.002206,0.001036,0.001799
359,7.1800,2.098294,2,head_bob,0.115542,-0.001790,-0.002489,0.000727,-0.002319
360,7.2000,2.349538,2,head_bob,0.115537,-0.001878,-0.002259,-0.000804,-0.005905
361,7.2200,2.600781,2,head_bob,0.115520,-0.001929,-0.001704,-0.000847,-0.000121
362,7.2400,2.852025,2,head_bob,0.115505,-0.001749,-0.000877,-0.000167,0.016331
363,7.2600,3.103269,2,head_bob,0.115486,-0.001318,0.000311,-0.001871,0.017801
364,7.2800,-2.928673,2,head_bob,0.115451,-0.001163,0.001641,-0.001502,-0.002433
365,7.3000,-2.677429,2,head_bob,0.115390,-0.001077,0.003081,-0.002909,-0.000481
366,7.3200,-2.426186,2,head_bob,0.115343,-0.001211,0.004477,-0.002112,-0.011204
367,7.3400,-2.174942,2,head_bob,0.115301,-0.001343,0.005489,-0.001511,-0.008890
368,7.3600,-1.923699,2,head_bob,0.115289,-0.001540,0.005815,-0.000142,-0.009476
369,7.3800,-1.672455,2,head_bob,0.115295,-0.001714,0.005556,0.000543,-0.007864
370,7.4000,-1.421211,2,head_bob,0.115315,-0.001848,0.004838,0.001266,-0.003983
371,7.4200,-1.169968,2,head_bob,0.115348,-0.001929,0.003910,0.001850,-0.002428
372,7.4400,-0.918724,2,head_bob,0.115366,-0.001815,0.003236,0.000772,0.009219
373,7.4600,-0.667480,2,head_bob,0.115383,-0.001622,0.002839,0.000929,0.010146
374,7.4800,-0.416237,2,head_bob,0.115389,-0.001560,0.002722,0.000488,0.004013
375,7.5000,-0.164993,2,head_bob,0.115398,-0.001463,0.002789,0.000352,0.005491
376,7.5200,0.086251,2,head_bob,0.115399,-0.001326,0.003013,-0.000206,0.007599
377,7.5400,0.337494,2,head_bob,0.115396,-0.001221,0.003183,0.000341,-0.001462
378,7.5600,0.588738,2,head_bob,0.115393,-0.001281,0.002951,-0.000132,-0.004502
379,7.5800,0.839981,2,head_bob,0.115395,-0.001497,0.002388,0.000206,-0.013114
380,7.6000,1.091225,2,head_bob,0.115413,-0.001617,0.001470,0.000786,-0.005375
381,7.6200,1.342469,2,head_bob,0.115450,-0.001696,0.000118,0.002449,-0.000621
382,7.6400,1.593712,2,head_bob,0.115499,-0.001777,-0.001272,0.001929,-0.000378
383,7.6600,1.844956,2,head_bob,0.115524,-0.001762,-0.002198,0.001042,0.001914
384,7.6800,2.096200,2,head_bob,0.115541,-0.001784,-0.002480,0.000733,-0.002260
385,7.7000,2.347443,2,head_bob,0.115531,-0.001881,-0.002279,-0.000794,-0.005555
386,7.7200,2.598687,2,head_bob,0.115516,-0.001917,-0.001744,-0.000747,0.000617
387,7.7400,2.849931,2,head_bob,0.115504,-0.001727,-0.000930,-0.000100,0.016751
388,7.7600,3.101174,2,head_bob,0.115485,-0.001292,0.000249,-0.001832,0.017918
389,7.7800,-2.930767,2,head_bob,0.115447,-0.001106,0.001599,-0.002776,0.007091
390,7.8000,-2.679524,2,head_bob,0.115396,-0.001076,0.003011,-0.002198,-0.006930
391,7.8200,-2.428280,2,head_bob,0.115335,-0.001097,0.004414,-0.002415,-0.006875
392,7.8400,-2.177037,2,head_bob,0.115302,-0.001287,0.005402,-0.001201,-0.012107
393,7.8600,-1.925793,2,head_bob,0.115291,-0.001515,0.005707,-0.000202,-0.010447
394,7.8800,-1.674549,2,head_bob,0.115296,-0.001692,0.005476,0.000483,-0.007782
395,7.9000,-1.423306,2,head_bob,0.115315,-0.001822,0.004776,0.001242,-0.003809
396,7.9200,-1.172062,2,head_bob,0.115347,-0.001901,0.003860,0.001850,-0.002346
397,7.9400,-0.920818,2,head_bob,0.115365,-0.001787,0.003192,0.000779,0.009208
398,7.9600,-0.669575,2,head_bob,0.115383,-0.001595,0.002800,0.000944,0.010035
399,7.9800,-0.418331,2,head_bob,0.115390,-0.001489,0.002720,0.000345,0.004432
400,8.0000,-0.167087,2,head_bob,0.115398,-0.001389,0.002814,0.000374,0.005484
401,8.0200,0.084156,2,head_bob,0.115400,-0.001257,0.003026,-0.000157,0.007287
402,8.0400,0.335400,2,head_bob,0.115398,-0.001158,0.003178,0.000369,-0.001646
403,8.0600,0.586643,2,head_bob,0.115389,-0.001169,0.002935,-0.000519,-0.000200
404,8.0800,0.837887,2,head_bob,0.115392,-0.001358,0.002330,0.000390,-0.012968
405,8.1000,1.089131,2,head_bob,0.115414,-0.001498,0.001359,0.000928,-0.006718
406,8.1200,1.340374,2,head_bob,0.115452,-0.001606,-0.000020,0.002509,-0.002009
407,8.1400,1.591618,2,head_bob,0.115505,-0.001741,-0.001420,0.002607,-0.007196
408,8.1600,1.842862,2,head_bob,0.115532,-0.001793,-0.002316,0.000973,0.000021
409,8.1800,2.094105,2,head_bob,0.115547,-0.001828,-0.002518,0.000596,-0.002596
410,8.2000,2.345349,2,head_bob,0.115535,-0.001921,-0.002244,-0.000869,-0.005137
411,8.2200,2.596593,2,head_bob,0.115519,-0.001945,-0.001680,-0.000778,0.001302
412,8.2400,2.847836,2,head_bob,0.115502,-0.001774,-0.000865,-0.000994,0.011082
413,8.2600,3.099080,2,head_bob,0.115488,-0.001304,0.000311,-0.001556,0.021324
414,8.2800,-2.932862,2,head_bob,0.115455,-0.001101,0.001624,-0.001467,-0.001078
415,8.3000,-2.681618,2,head_bob,0.115393,-0.001006,0.003061,-0.002946,-0.000432
416,8.3200,-2.430375,2,head_bob,0.115346,-0.001146,0.004470,-0.002166,-0.011626
417,8.3400,-2.179131,2,head_bob,0.115302,-0.001285,0.005504,-0.001570,-0.009230
418,8.3600,-1.927887,2,head_bob,0.115290,-0.001492,0.005846,-0.000185,-0.010072
419,8.3800,-1.676644,2,head_bob,0.115296,-0.001673,0.005597,0.000527,-0.008195
420,8.4000,-1.425400,2,head_bob,0.115315,-0.001813,0.004888,0.001253,-0.004290
421,8.4200,-1.174156,2,head_bob,0.115348,-0.001899,0.003960,0.001841,-0.002594
422,8.4400,-0.922913,2,head_bob,0.115365,-0.001788,0.003277,0.000768,0.009114
423,8.4600,-0.671669,2,head_bob,0.115383,-0.001597,0.002867,0.000940,0.010030
424,8.4800,-0.420426,2,head_bob,0.115389,-0.001539,0.002736,0.000495,0.003853
425,8.5000,-0.169182,2,head_bob,0.115398,-0.001445,0.002797,0.000362,0.005312
426,8.5200,0.082062,2,head_bob,0.115399,-0.001312,0.003019,-0.000191,0.007399
427,8.5400,0.333305,2,head_bob,0.115397,-0.001211,0.003191,0.000351,-0.001591
428,8.5600,0.584549,2,head_bob,0.115394,-0.001271,0.002966,-0.000133,-0.004535
429,8.5800,0.835793,2,head_bob,0.115395,-0.001486,0.002411,0.000191,-0.013020
430,8.6000,1.087036,2,head_bob,0.115413,-0.001605,0.001505,0.000761,-0.005436
431,8.6200,1.338280,2,head_bob,0.115449,-0.001685,0.000160,0.002432,-0.000621
432,8.6400,1.589524,2,head_bob,0.115498,-0.001767,-0.001236,0.001926,-0.000307
433,8.6600,1.840767,2,head_bob,0.115523,-0.001750,-0.002178,0.001048,0.001995
434,8.6800,2.092011,2,head_bob,0.115541,-0.001772,-0.002460,0.000739,-0.002298
435,8.7000,2.343254,2,head_bob,0.115531,-0.001870,-0.002255,-0.000790,-0.005616
436,8.7200,2.594498,2,head_bob,0.115516,-0.001908,-0.001727,-0.000742,0.000498
437,8.7400,2.845742,2,head_bob,0.115504,-0.001721,-0.000924,-0.000087,0.016623
438,8.7600,3.096985,2,head_bob,0.115485,-0.001286,0.000242,-0.001811,0.017943
439,8.7800,-2.934956,2,head_bob,0.115448,-0.001099,0.001583,-0.002756,0.007133
440,8.8000,-2.683713,2,head_bob,0.115397,-0.001068,0.002986,-0.002187,-0.006922
441,8.8200,-2.432469,2,head_bob,0.115336,-0.001089,0.004388,-0.002421,-0.006921
442,8.8400,-2.181225,2,head_bob,0.115302,-0.001279,0.005385,-0.001226,-0.012078
443,8.8600,-1.929982,2,head_bob,0.115291,-0.001508,0.005703,-0.000227,-0.010575
444,8.8800,-1.678738,2,head_bob,0.115296,-0.001685,0.005482,0.000468,-0.007822
445,8.9000,-1.427494,2,head_bob,0.115314,-0.001816,0.004790,0.001228,-0.003844
446,8.9200,-1.176251,2,head_bob,0.115347,-0.001895,0.003875,0.001841,-0.002302
447,8.9400,-0.925007,2,head_bob,0.115364,-0.001780,0.003200,0.000777,0.009258
448,8.9600,-0.673764,2,head_bob,0.115382,-0.001589,0.002798,0.000957,0.010031
449,8.9800,-0.422520,2,head_bob,0.115389,-0.001483,0.002710,0.000351,0.004440
450,9.0000,-0.171276,2,head_bob,0.115398,-0.001384,0.002802,0.000382,0.005409
451,9.0200,0.079967,2,head_bob,0.115400,-0.001254,0.003016,-0.000145,0.007142
452,9.0400,0.331211,2,head_bob,0.115398,-0.001158,0.003176,0.000377,-0.001741
453,9.0600,0.582455,2,head_bob,0.115389,-0.001169,0.002945,-0.000520,-0.000229
454,9.0800,0.833698,2,head_bob,0.115392,-0.001356,0.002352,0.000376,-0.012868
455,9.1000,1.084942,2,head_bob,0.115413,-0.001495,0.001396,0.000904,-0.006707
456,9.1200,1.336186,2,head_bob,0.115451,-0.001603,0.000024,0.002493,-0.001930
457,9.1400,1.587429,2,head_bob,0.115504,-0.001737,-0.001380,0.002607,-0.007074
458,9.1600,1.838673,2,head_bob,0.115532,-0.001786,-0.002291,0.000982,0.000144
459,9.1800,2.089916,2,head_bob,0.115546,-0.001820,-0.002491,0.000604,-0.002596
460,9.2000,2.341160,2,head_bob,0.115534,-0.001914,-0.002214,-0.000864,-0.005175
461,9.2200,2.592404,2,head_bob,0.115519,-0.001939,-0.001657,-0.000773,0.001200
462,9.2400,2.843647,2,head_bob,0.115501,-0.001770,-0.000854,-0.000982,0.010955
463,9.2600,3.094891,2,head_bob,0.115488,-0.001301,0.000308,-0.001536,0.021340
464,9.2800,-2.937051,2,head_bob,0.115456,-0.001097,0.001611,-0.001447,-0.001024
465,9.3000,-2.685807,2,head_bob,0.115394,-0.001001,0.003040,-0.002933,-0.000423
466,9.3200,-2.434563,2,head_bob,0.115347,-0.001141,0.004447,-0.002170,-0.011663
467,9.3400,-2.183320,2,head_bob,0.115303,-0.001280,0.005490,-0.001591,-0.009217
468,9.3600,-1.932076,2,head_bob,0.115290,-0.001487,0.005844,-0.000207,-0.010191
469,9.3800,-1.680832,2,head_bob,0.115296,-0.001669,0.005605,0.000512,-0.008228
470,9.4000,-1.429589,2,head_bob,0.115315,-0.001810,0.004904,0.001239,-0.004317
471,9.4200,-1.178345,2,head_bob,0.115347,-0.001896,0.003976,0.001832,-0.002539
472,9.4400,-0.927102,2,head_bob,0.115365,-0.001784,0.003285,0.000768,0.009178
473,9.4600,-0.675858,2,head_bob,0.115382,-0.001593,0.002863,0.000953,0.010039
474,9.4800,-0.424614,2,head_bob,0.115389,-0.001536,0.002722,0.000507,0.003807
475,9.5000,-0.173371,2,head_bob,0.115398,-0.001443,0.002780,0.000372,0.005264
476,9.5200,0.077873,2,head_bob,0.115399,-0.001311,0.003004,-0.000179,0.007269
477,9.5400,0.329117,2,head_bob,0.115397,-0.001213,0.003185,0.000358,-0.001673
478,9.5600,0.580360,2,head_bob,0.115394,-0.001274,0.002973,-0.000136,-0.004530
479,9.5800,0.831604,2,head_bob,0.115395,-0.001486,0.002432,0.000177,-0.012908
480,9.6000,1.082847,2,head_bob,0.115413,-0.001604,0.001540,0.000736,-0.005413
481,9.6200,1.334091,2,head_bob,0.115448,-0.001683,0.000203,0.002416,-0.000530
482,9.6400,1.585335,2,head_bob,0.115498,-0.001763,-0.001197,0.001924,-0.000165
483,9.6600,1.836578,2,head_bob,0.115523,-0.001744,-0.002153,0.001056,0.002121
484,9.6800,2.087822,2,head_bob,0.115540,-0.001765,-0.002440,0.000749,-0.002277
485,9.7000,2.339066,2,head_bob,0.115531,-0.001863,-0.002239,-0.000785,-0.005643
486,9.7200,2.590309,2,head_bob,0.115516,-0.001903,-0.001718,-0.000736,0.000391
487,9.7400,2.841553,2,head_bob,0.115504,-0.001718,-0.000925,-0.000073,0.016508
488,9.7600,3.092797,2,head_bob,0.115493,-0.001211,0.000254,-0.001600,0.021789
489,9.7800,-2.939145,2,head_bob,0.115455,-0.000987,0.001627,-0.002885,0.007490
490,9.8000,-2.687901,2,head_bob,0.115401,-0.000971,0.003067,-0.002318,-0.008079
491,9.8200,-2.436658,2,head_bob,0.115346,-0.001097,0.004501,-0.002348,-0.011562
492,9.8400,-2.185414,2,head_bob,0.115301,-0.001241,0.005586,-0.001609,-0.009603
493,9.8600,-1.934171,2,head_bob,0.115288,-0.001456,0.005936,-0.000192,-0.010614
494,9.8800,-1.682927,2,head_bob,0.115294,-0.001645,0.005680,0.000527,-0.008476
495,9.9000,-1.431683,2,head_bob,0.115313,-0.001790,0.004961,0.001252,-0.004458
496,9.9200,-1.180440,2,head_bob,0.115346,-0.001879,0.004018,0.001844,-0.002675
497,9.9400,-0.929196,2,head_bob,0.115364,-0.001771,0.003307,0.000788,0.009059
498,9.9600,-0.677952,2,head_bob,0.115382,-0.001583,0.002865,0.000974,0.009918
499,9.9800,-0.426709,2,head_bob,0.115388,-0.001530,0.002711,0.000519,0.003668
500,10.0000,-0.175465,2,head_bob,0.115398,-0.001438,0.002761,0.000379,0.005152
501,10.0200,0.075779,2,head_bob,0.115399,-0.001309,0.002983,-0.000171,0.007148
502,10.0400,0.327022,2,head_bob,0.115397,-0.001213,0.003167,0.000364,-0.001778
503,10.0600,0.578266,2,head_bob,0.115394,-0.001275,0.002962,-0.000134,-0.004601
504,10.0800,0.829509,2,head_bob,0.115395,-0.001488,0.002428,0.000174,-0.012912
505,10.1000,1.080753,2,head_bob,0.115413,-0.001606,0.001543,0.000727,-0.005411
506,10.1200,1.331997,2,head_bob,0.115448,-0.001685,0.000210,0.002410,-0.000466
507,10.1400,1.583240,2,head_bob,0.115497,-0.001763,-0.001191,0.001924,-0.000070
508,10.1600,1.834484,2,head_bob,0.115523,-0.001743,-0.002153,0.001062,0.002210
509,10.1800,2.085728,2,head_bob,0.115540,-0.001763,-0.002449,0.000759,-0.002217
510,10.2000,2.336971,2,head_bob,0.115531,-0.001860,-0.002255,-0.000780,-0.005633
511,10.2200,2.588215,2,head_bob,0.115516,-0.001901,-0.001736,-0.000733,0.000348
512,10.2400,2.839459,2,head_bob,0.115504,-0.001717,-0.000945,-0.000066,0.016449
513,10.2600,3.090702,2,head_bob,0.115493,-0.001210,0.000233,-0.001592,0.021778
514,10.2800,-2.941239,2,head_bob,0.115456,-0.000986,0.001608,-0.002879,0.007497
515,10.3000,-2.689996,2,head_bob,0.115402,-0.000969,0.003052,-0.002317,-0.008068
516,10.3200,-2.438752,2,head_bob,0.115347,-0.001094,0.004493,-0.002354,-0.011574
517,10.3400,-2.187509,2,head_bob,0.115301,-0.001237,0.005586,-0.001622,-0.009588
518,10.3600,-1.936265,2,head_bob,0.115288,-0.001453,0.005945,-0.000205,-0.010695
519,10.3800,-1.685021,2,head_bob,0.115294,-0.001643,0.005694,0.000518,-0.008483
520,10.4000,-1.433778,2,head_bob,0.115313,-0.001788,0.004979,0.001244,-0.004450
521,10.4200,-1.182534,2,head_bob,0.115346,-0.001876,0.004035,0.001840,-0.002629
522,10.4400,-0.931290,2,head_bob,0.115364,-0.001768,0.003313,0.000795,0.009123
523,10.4600,-0.680047,2,head_bob,0.115382,-0.001580,0.002857,0.000984,0.009943
524,10.4800,-0.428803,2,head_bob,0.115389,-0.001477,0.002726,0.000370,0.004428
525,10.5000,-0.177559,2,head_bob,0.115398,-0.001379,0.002791,0.000394,0.005319
526,10.5200,0.073684,2,head_bob,0.115400,-0.001253,0.002991,-0.000128,0.006900
527,10.5400,0.324928,2,head_bob,0.115399,-0.001161,0.003151,0.000388,-0.001932
528,10.5600,0.576171,2,head_bob,0.115390,-0.001176,0.002931,-0.000521,-0.000340
529,10.5800,0.827415,2,head_bob,0.115392,-0.001362,0.002351,0.000359,-0.012785
530,10.6000,1.078659,2,head_bob,0.115413,-0.001500,0.001409,0.000872,-0.006690
531,10.6200,1.329902,2,head_bob,0.115450,-0.001606,0.000045,0.002471,-0.001761
532,10.6400,1.581146,2,head_bob,0.115503,-0.001736,-0.001367,0.002607,-0.006828
533,10.6600,1.832390,2,head_bob,0.115531,-0.001782,-0.002297,0.000994,0.000404
534,10.6800,2.083633,2,head_bob,0.115546,-0.001813,-0.002510,0.000624,-0.002457
535,10.7000,2.334877,2,head_bob,0.115535,-0.001906,-0.002243,-0.000853,-0.005162
536,10.7200,2.586121,2,head_bob,0.115519,-0.001932,-0.001694,-0.000763,0.001039
537,10.7400,2.837364,2,head_bob,0.115502,-0.001768,-0.000901,-0.000962,0.010688
538,10.7600,3.088608,2,head_bob,0.115489,-0.001300,0.000253,-0.001508,0.021307
539,10.7800,-2.943334,2,head_bob,0.115458,-0.001095,0.001556,-0.001427,-0.000976
540,10.8000,-2.692090,2,head_bob,0.115396,-0.000997,0.002988,-0.002923,-0.000418
541,10.8200,-2.440847,2,head_bob,0.115349,-0.001136,0.004409,-0.002183,-0.011707
542,10.8400,-2.189603,2,head_bob,0.115304,-0.001274,0.005476,-0.001630,-0.009177
543,10.8600,-1.938359,2,head_bob,0.115291,-0.001483,0.005854,-0.000242,-0.010435
544,10.8800,-1.687116,2,head_bob,0.115296,-0.001667,0.005631,0.000486,-0.008277
545,10.9000,-1.435872,2,head_bob,0.115314,-0.001808,0.004943,0.001216,-0.004323
546,10.9200,-1.184628,2,head_bob,0.115346,-0.001893,0.004017,0.001817,-0.002415
547,10.9400,-0.933385,2,head_bob,0.115364,-0.001779,0.003301,0.000778,0.009341
548,10.9600,-0.682141,2,head_bob,0.115382,-0.001587,0.002854,0.000975,0.010116
549,10.9800,-0.430897,2,head_bob,0.115389,-0.001481,0.002728,0.000368,0.004556
550,11.0000,-0.179654,2,head_bob,0.115398,-0.001381,0.002795,0.000395,0.005376
551,11.0200,0.071590,2,head_bob,0.115400,-0.001255,0.002999,-0.000126,0.006881
552,11.0400,0.322833,2,head_bob,0.115399,-0.001164,0.003164,0.000387,-0.001920
553,11.0600,0.574077,2,head_bob,0.115390,-0.001134,0.002936,-0.000100,-0.002238
554,11.0800,0.825321,2,head_bob,0.115394,-0.001340,0.002368,0.000308,-0.013339
555,11.1000,1.076564,2,head_bob,0.115422,-0.001412,0.001468,0.001012,-0.003739
556,11.1200,1.327808,2,head_bob,0.115451,-0.001528,0.000153,0.002164,-0.002499
557,11.1400,1.579052,2,head_bob,0.115502,-0.001662,-0.001191,0.002547,-0.006957
558,11.1600,1.830295,2,head_bob,0.115529,-0.001710,-0.002091,0.000988,0.000165
559,11.1800,2.081539,2,head_bob,0.115544,-0.001749,-0.002317,0.000634,-0.002912
560,11.2000,2.332782,2,head_bob,0.115533,-0.001852,-0.002071,-0.000855,-0.005573
561,11.2200,2.584026,2,head_bob,0.115517,-0.001886,-0.001539,-0.000751,0.000684
562,11.2400,2.835270,2,head_bob,0.115505,-0.001696,-0.000760,-0.000064,0.016694
563,11.2600,3.086513,2,head_bob,0.115487,-0.001258,0.000369,-0.001775,0.018179
564,11.2800,-2.945428,2,head_bob,0.115454,-0.001096,0.001649,-0.001438,-0.002251
565,11.3000,-2.694185,2,head_bob,0.115389,-0.000973,0.003066,-0.003846,0.006680
566,11.3200,-2.442941,2,head_bob,0.115340,-0.001057,0.004429,-0.002007,-0.010627
567,11.3400,-2.191697,2,head_bob,0.115307,-0.001281,0.005388,-0.001300,-0.012989
568,11.3600,-1.940454,2,head_bob,0.115293,-0.001519,0.005753,-0.000360,-0.010971
569,11.3800,-1.689210,2,head_bob,0.115296,-0.001695,0.005572,0.000396,-0.007686
570,11.4000,-1.437966,2,head_bob,0.115314,-0.001823,0.004903,0.001173,-0.003712
571,11.4200,-1.186723,2,head_bob,0.115346,-0.001899,0.003985,0.001808,-0.002042
572,11.4400,-0.935479,2,head_bob,0.115363,-0.001780,0.003272,0.000776,0.009502
573,11.4600,-0.684236,2,head_bob,0.115381,-0.001587,0.002833,0.000983,0.010095
574,11.4800,-0.432992,2,head_bob,0.115389,-0.001482,0.002710,0.000377,0.004531
575,11.5000,-0.181748,2,head_bob,0.115405,-0.001441,0.002809,0.000585,0.002431
576,11.5200,0.069495,2,head_bob,0.115406,-0.001334,0.003048,-0.000213,0.006872
577,11.5400,0.320739,2,head_bob,0.115393,-0.001123,0.003271,-0.000919,0.012109
578,11.5600,0.571983,2,head_bob,0.115395,-0.001140,0.003056,0.000189,-0.005287
579,11.5800,0.823226,2,head_bob,0.115398,-0.001371,0.002481,0.000194,-0.013738
580,11.6000,1.074470,2,head_bob,0.115423,-0.001440,0.001613,0.000894,-0.003468
581,11.6200,1.325714,2,head_bob,0.115451,-0.001549,0.000321,0.002096,-0.002130
582,11.6400,1.576957,2,head_bob,0.115497,-0.001648,-0.001022,0.001846,-0.000893
583,11.6600,1.828201,2,head_bob,0.115522,-0.001643,-0.001965,0.001043,0.001438
584,11.6800,2.079444,2,head_bob,0.115540,-0.001681,-0.002286,0.000767,-0.003078
585,11.7000,2.330688,2,head_bob,0.115531,-0.001794,-0.002121,-0.000780,-0.006245
586,11.7200,2.581932,2,head_bob,0.115516,-0.001845,-0.001623,-0.000714,-0.000188
587,11.7400,2.833175,2,head_bob,0.115504,-0.001672,-0.000856,-0.000036,0.015958
588,11.7600,3.084419,2,head_bob,0.115487,-0.001245,0.000272,-0.001749,0.017696
589,11.7800,-2.947523,2,head_bob,0.115455,-0.001090,0.001562,-0.001415,-0.002657
590,11.8000,-2.696279,2,head_bob,0.115394,-0.001010,0.002983,-0.002864,-0.001025
591,11.8200,-2.445035,2,head_bob,0.115348,-0.001154,0.004391,-0.002143,-0.011921
592,11.8400,-2.193792,2,head_bob,0.115304,-0.001295,0.005456,-0.001619,-0.009257
593,11.8600,-1.942548,2,head_bob,0.115290,-0.001503,0.005837,-0.000246,-0.010382
594,11.8800,-1.691304,2,head_bob,0.115295,-0.001685,0.005613,0.000478,-0.008183
595,11.9000,-1.440061,2,head_bob,0.115314,-0.001825,0.004921,0.001206,-0.004232
596,11.9200,-1.188817,2,head_bob,0.115346,-0.001909,0.003990,0.001814,-0.002316
597,11.9400,-0.937574,2,head_bob,0.115363,-0.001793,0.003276,0.000767,0.009382
598,11.9600,-0.686330,2,head_bob,0.115381,-0.001601,0.002844,0.000983,0.010088
599,11.9800,-0.435086,2,head_bob,0.115389,-0.001496,0.002720,0.000381,0.004541
600,12.0000,-0.183843,2,head_bob,0.115405,-0.001455,0.002815,0.000588,0.002420
601,12.0200,0.067401,2,head_bob,0.115406,-0.001349,0.003052,-0.000211,0.006828
602,12.0400,0.318645,2,head_bob,0.115393,-0.001138,0.003278,-0.000915,0.012092
603,12.0600,0.569888,2,head_bob,0.115395,-0.001154,0.003070,0.000186,-0.005267
604,12.0800,0.821132,2,head_bob,0.115398,-0.001384,0.002503,0.000191,-0.013620
605,12.1000,1.072376,2,head_bob,0.115423,-0.001450,0.001642,0.000888,-0.003333
606,12.1200,1.323619,2,head_bob,0.115446,-0.001579,0.000339,0.001802,-0.003326
607,12.1400,1.574863,2,head_bob,0.115496,-0.001694,-0.001021,0.002592,-0.005363
608,12.1600,1.826106,2,head_bob,0.115525,-0.001713,-0.001963,0.001059,0.001555
609,12.1800,2.077350,2,head_bob,0.115541,-0.001733,-0.002239,0.000682,-0.002148
610,12.2000,2.328594,2,head_bob,0.115530,-0.001827,-0.002026,-0.000833,-0.005285
611,12.2200,2.579837,2,head_bob,0.115515,-0.001861,-0.001507,-0.000737,0.000503
612,12.2400,2.831081,2,head_bob,0.115503,-0.001676,-0.000740,-0.000045,0.016452
613,12.2600,3.082325,2,head_bob,0.115486,-0.001241,0.000374,-0.001747,0.018051
614,12.2800,-2.949617,2,head_bob,0.115449,-0.001048,0.001653,-0.002247,0.003954
615,12.3000,-2.698373,2,head_bob,0.115395,-0.000989,0.003022,-0.002584,-0.003093
616,12.3200,-2.447130,2,head_bob,0.115342,-0.001091,0.004398,-0.002632,-0.007531
617,12.3400,-2.195886,2,head_bob,0.115305,-0.001283,0.005427,-0.001383,-0.012133
618,12.3600,-1.944643,2,head_bob,0.115291,-0.001515,0.005798,-0.000337,-0.010956
619,12.3800,-1.693399,2,head_bob,0.115295,-0.001693,0.005601,0.000414,-0.007803
620,12.4000,-1.442155,2,head_bob,0.115312,-0.001825,0.004916,0.001186,-0.003791
621,12.4200,-1.190912,2,head_bob,0.115344,-0.001902,0.003983,0.001821,-0.002007
622,12.4400,-0.939668,2,head_bob,0.115362,-0.001782,0.003265,0.000774,0.009526
623,12.4600,-0.688424,2,head_bob,0.115380,-0.001589,0.002839,0.000999,0.010094
624,12.4800,-0.437181,2,head_bob,0.115388,-0.001486,0.002713,0.000388,0.004454
625,12.5000,-0.185937,2,head_bob,0.115404,-0.001459,0.002788,0.000434,0.003043
626,12.5200,0.065307,2,head_bob,0.115405,-0.001343,0.003020,-0.000215,0.007256
627,12.5400,0.316550,2,head_bob,0.115396,-0.001167,0.003254,-0.000047,0.004429
628,12.5600,0.567794,2,head_bob,0.115396,-0.001212,0.003079,-0.000742,-0.000421
629,12.5800,0.819037,2,head_bob,0.115395,-0.001384,0.002531,0.000217,-0.011935
630,12.6000,1.070281,2,head_bob,0.115422,-0.001435,0.001657,0.000966,-0.002848
631,12.6200,1.321525,2,head_bob,0.115450,-0.001538,0.000348,0.002138,-0.001925
632,12.6400,1.572768,2,head_bob,0.115501,-0.001666,-0.001018,0.002536,-0.006667
633,12.6600,1.824012,2,head_bob,0.115528,-0.001713,-0.001957,0.000987,0.000215
634,12.6800,2.075256,2,head_bob,0.115543,-0.001755,-0.002237,0.000648,-0.002991
635,12.7000,2.326499,2,head_bob,0.115532,-0.001860,-0.002034,-0.000850,-0.005666
636,12.7200,2.577743,2,head_bob,0.115517,-0.001897,-0.001521,-0.000742,0.000446
637,12.7400,2.828987,2,head_bob,0.115505,-0.001710,-0.000756,-0.000043,0.016565
638,12.7600,3.080230,2,head_bob,0.115487,-0.001270,0.000361,-0.001745,0.018411
639,12.7800,-2.951711,2,head_bob,0.115451,-0.001069,0.001641,-0.002249,0.004247
640,12.8000,-2.700468,2,head_bob,0.115396,-0.001005,0.003014,-0.002590,-0.002904
641,12.8200,-2.449224,2,head_bob,0.115343,-0.001103,0.004395,-0.002645,-0.007381
642,12.8400,-2.197981,2,head_bob,0.115306,-0.001292,0.005432,-0.001404,-0.011976
643,12.8600,-1.946737,2,head_bob,0.115292,-0.001522,0.005809,-0.000351,-0.010884
644,12.8800,-1.695493,2,head_bob,0.115295,-0.001699,0.005617,0.000406,-0.007766
645,12.9000,-1.444250,2,head_bob,0.115313,-0.001830,0.004937,0.001179,-0.003783
646,12.9200,-1.193006,2,head_bob,0.115344,-0.001906,0.004003,0.001816,-0.001957
647,12.9400,-0.941762,2,head_bob,0.115362,-0.001785,0.003285,0.000765,0.009563
648,12.9600,-0.690519,2,head_bob,0.115380,-0.001591,0.002864,0.000999,0.010125
649,12.9800,-0.439275,2,head_bob,0.115388,-0.001488,0.002735,0.000391,0.004503
650,13.0000,-0.188031,2,head_bob,0.115404,-0.001461,0.002805,0.000437,0.003061
651,13.0200,0.063212,2,head_bob,0.115405,-0.001345,0.003033,-0.000210,0.007211
652,13.0400,0.314456,2,head_bob,0.115396,-0.001170,0.003265,-0.000043,0.004387
653,13.0600,0.565699,2,head_bob,0.115396,-0.001215,0.003090,-0.000741,-0.000402
654,13.0800,0.816943,2,head_bob,0.115395,-0.001386,0.002546,0.000212,-0.011864
655,13.1000,1.068187,2,head_bob,0.115422,-0.001436,0.001677,0.000955,-0.002776
656,13.1200,1.319430,2,head_bob,0.115450,-0.001537,0.000371,0.002131,-0.001864
657,13.1400,1.570674,2,head_bob,0.115500,-0.001665,-0.000998,0.002535,-0.006618
658,13.1600,1.821918,2,head_bob,0.115527,-0.001712,-0.001945,0.000990,0.000253
659,13.1800,2.073161,2,head_bob,0.115543,-0.001753,-0.002242,0.000660,-0.002948
660,13.2000,2.324405,2,head_bob,0.115532,-0.001858,-0.002056,-0.000846,-0.005663
661,13.2200,2.575649,2,head_bob,0.115517,-0.001896,-0.001548,-0.000738,0.000371
662,13.2400,2.826892,2,head_bob,0.115505,-0.001711,-0.000783,-0.000036,0.016485
663,13.2600,3.078136,2,head_bob,0.115488,-0.001271,0.000335,-0.001737,0.018404
664,13.2800,-2.953806,2,head_bob,0.115451,-0.001070,0.001620,-0.002244,0.004242
665,13.3000,-2.702562,2,head_bob,0.115396,-0.000988,0.002997,-0.002307,-0.004488
666,13.3200,-2.451319,2,head_bob,0.115344,-0.001101,0.004378,-0.002633,-0.007850
667,13.3400,-2.200075,2,head_bob,0.115307,-0.001293,0.005426,-0.001430,-0.012050
668,13.3600,-1.948831,2,head_bob,0.115292,-0.001523,0.005819,-0.000372,-0.010935
669,13.3800,-1.697588,2,head_bob,0.115295,-0.001700,0.005637,0.000394,-0.007727
670,13.4000,-1.446344,2,head_bob,0.115312,-0.001831,0.004963,0.001170,-0.003742
671,13.4200,-1.195100,2,head_bob,0.115344,-0.001906,0.004030,0.001811,-0.001886
672,13.4400,-0.943857,2,head_bob,0.115361,-0.001784,0.003308,0.000762,0.009623
673,13.4600,-0.692613,2,head_bob,0.115380,-0.001589,0.002882,0.001003,0.010156
674,13.4800,-0.441369,2,head_bob,0.115388,-0.001486,0.002746,0.000396,0.004505
675,13.5000,-0.190126,2,head_bob,0.115404,-0.001459,0.002811,0.000441,0.003023
676,13.5200,0.061118,2,head_bob,0.115405,-0.001345,0.003036,-0.000204,0.007135
677,13.5400,0.312361,2,head_bob,0.115392,-0.001132,0.003265,-0.000881,0.012093
678,13.5600,0.563605,2,head_bob,0.115395,-0.001150,0.003074,0.000196,-0.005348
679,13.5800,0.814849,2,head_bob,0.115398,-0.001378,0.002534,0.000177,-0.013558
680,13.6000,1.066092,2,head_bob,0.115422,-0.001442,0.001701,0.000852,-0.003199
681,13.6200,1.317336,2,head_bob,0.115449,-0.001546,0.000431,0.002071,-0.001876
682,13.6400,1.568580,2,head_bob,0.115498,-0.001671,-0.000919,0.002514,-0.006431
683,13.6600,1.819823,2,head_bob,0.115525,-0.001714,-0.001866,0.000993,0.000457
684,13.6800,2.071067,2,head_bob,0.115541,-0.001752,-0.002183,0.000678,-0.002747
685,13.7000,2.322310,2,head_bob,0.115531,-0.001854,-0.002020,-0.000833,-0.005521
686,13.7200,2.573554,2,head_bob,0.115515,-0.001891,-0.001521,-0.000730,0.000342
687,13.7400,2.824798,2,head_bob,0.115504,-0.001708,-0.000763,-0.000023,0.016404
688,13.7600,3.076041,2,head_bob,0.115487,-0.001270,0.000347,-0.001721,0.018320
689,13.7800,-2.955900,2,head_bob,0.115451,-0.001069,0.001627,-0.002231,0.004227
690,13.8000,-2.704657,2,head_bob,0.115396,-0.000987,0.003001,-0.002300,-0.004474
691,13.8200,-2.453413,2,head_bob,0.115344,-0.001100,0.004381,-0.002632,-0.007856
692,13.8400,-2.202169,2,head_bob,0.115306,-0.001291,0.005433,-0.001438,-0.012008
693,13.8600,-1.950926,2,head_bob,0.115292,-0.001521,0.005828,-0.000377,-0.011003
694,13.8800,-1.699682,2,head_bob,0.115294,-0.001699,0.005648,0.000389,-0.007746
695,13.9000,-1.448438,2,head_bob,0.115312,-0.001829,0.004972,0.001165,-0.003721
696,13.9200,-1.197195,2,head_bob,0.115343,-0.001904,0.004035,0.001809,-0.001824
697,13.9400,-0.945951,2,head_bob,0.115361,-0.001781,0.003306,0.000765,0.009695
698,13.9600,-0.694707,2,head_bob,0.115379,-0.001586,0.002872,0.001012,0.010203
699,13.9800,-0.443464,2,head_bob,0.115387,-0.001483,0.002729,0.000404,0.004433
700,14.0000,-0.192220,2,head_bob,0.115404,-0.001458,0.002789,0.000447,0.002898
701,14.0200,0.059023,2,head_bob,0.115405,-0.001346,0.003014,-0.000198,0.007040
702,14.0400,0.310267,2,head_bob,0.115392,-0.001135,0.003248,-0.000874,0.012030
703,14.0600,0.561511,2,head_bob,0.115395,-0.001153,0.003075,0.000193,-0.005359
704,14.0800,0.812754,2,head_bob,0.115397,-0.001380,0.002552,0.000172,-0.013505
705,14.1000,1.063998,2,head_bob,0.115422,-0.001442,0.001730,0.000842,-0.003168
706,14.1200,1.315242,2,head_bob,0.115444,-0.001567,0.000449,0.001773,-0.003121
707,14.1400,1.566485,2,head_bob,0.115494,-0.001681,-0.000918,0.002594,-0.005246
708,14.1600,1.817729,2,head_bob,0.115522,-0.001700,-0.001888,0.001076,0.001586
709,14.1800,2.068972,2,head_bob,0.115539,-0.001723,-0.002229,0.000732,-0.002137
710,14.2000,2.320216,2,head_bob,0.115535,-0.001812,-0.002055,-0.000822,-0.005743
711,14.2200,2.571460,2,head_bob,0.115518,-0.001864,-0.001540,-0.000817,-0.000638
712,14.2400,2.822703,2,head_bob,0.115505,-0.001698,-0.000774,-0.000076,0.015661
713,14.2600,3.073947,2,head_bob,0.115487,-0.001269,0.000345,-0.001741,0.017955
714,14.2800,-2.957995,2,head_bob,0.115451,-0.001072,0.001633,-0.002234,0.004054
715,14.3000,-2.706751,2,head_bob,0.115396,-0.000991,0.003012,-0.002298,-0.004540
716,14.3200,-2.455507,2,head_bob,0.115344,-0.001087,0.004393,-0.002352,-0.009447
717,14.3400,-2.204264,2,head_bob,0.115307,-0.001292,0.005444,-0.001436,-0.012388
718,14.3600,-1.953020,2,head_bob,0.115292,-0.001524,0.005849,-0.000403,-0.011027
719,14.3800,-1.701776,2,head_bob,0.115294,-0.001701,0.005678,0.000374,-0.007649
720,14.4000,-1.450533,2,head_bob,0.115311,-0.001829,0.005008,0.001157,-0.003621
721,14.4200,-1.199289,2,head_bob,0.115343,-0.001902,0.004070,0.001806,-0.001711
722,14.4400,-0.948046,2,head_bob,0.115360,-0.001777,0.003335,0.000766,0.009799
723,14.4600,-0.696802,2,head_bob,0.115379,-0.001581,0.002892,0.001020,0.010249
724,14.4800,-0.445558,2,head_bob,0.115387,-0.001479,0.002740,0.000411,0.004431
725,14.5000,-0.194315,2,head_bob,0.115404,-0.001455,0.002793,0.000451,0.002845
726,14.5200,0.056929,2,head_bob,0.115405,-0.001344,0.003015,-0.000193,0.006952
727,14.5400,0.308173,2,head_bob,0.115392,-0.001135,0.003250,-0.000868,0.011943
728,14.5600,0.559416,2,head_bob,0.115395,-0.001153,0.003085,0.000190,-0.005373
729,14.5800,0.810660,2,head_bob,0.115397,-0.001379,0.002573,0.000165,-0.013450
730,14.6000,1.061904,2,head_bob,0.115421,-0.001440,0.001756,0.000831,-0.003133
731,14.6200,1.313147,2,head_bob,0.115443,-0.001565,0.000476,0.001766,-0.003085
732,14.6400,1.564391,2,head_bob,0.115493,-0.001678,-0.000896,0.002595,-0.005185
733,14.6600,1.815634,2,head_bob,0.115522,-0.001697,-0.001876,0.001081,0.001647
734,14.6800,2.066878,2,head_bob,0.115539,-0.001719,-0.002229,0.000741,-0.002099
735,14.7000,2.318122,2,head_bob,0.115535,-0.001808,-0.002066,-0.000815,-0.005771
736,14.7200,2.569365,2,head_bob,0.115518,-0.001862,-0.001555,-0.000812,-0.000745
737,14.7400,2.820609,2,head_bob,0.115505,-0.001697,-0.000793,-0.000067,0.015575
738,14.7600,3.071853,2,head_bob,0.115488,-0.001269,0.000323,-0.001731,0.017948
739,14.7800,-2.960089,2,head_bob,0.115452,-0.001071,0.001612,-0.002226,0.004062
740,14.8000,-2.708845,2,head_bob,0.115397,-0.000991,0.002994,-0.002296,-0.004544
741,14.8200,-2.457602,2,head_bob,0.115344,-0.001086,0.004380,-0.002357,-0.009466
742,14.8400,-2.206358,2,head_bob,0.115308,-0.001291,0.005439,-0.001449,-0.012366
743,14.8600,-1.955114,2,head_bob,0.115292,-0.001523,0.005852,-0.000414,-0.011057
744,14.8800,-1.703871,2,head_bob,0.115294,-0.001700,0.005686,0.000366,-0.007661
745,14.9000,-1.452627,2,head_bob,0.115311,-0.001828,0.005021,0.001149,-0.003629
746,14.9200,-1.201384,2,head_bob,0.115343,-0.001901,0.004084,0.001801,-0.001674
747,14.9400,-0.950140,2,head_bob,0.115360,-0.001776,0.003346,0.000764,0.009870
748,14.9600,-0.698896,2,head_bob,0.115378,-0.001578,0.002897,0.001026,0.010277
749,14.9800,-0.447653,2,head_bob,0.115387,-0.001476,0.002739,0.000416,0.004411
750,15.0000,-0.196409,2,head_bob,0.115404,-0.001453,0.002789,0.000455,0.002788
751,15.0200,0.054835,2,head_bob,0.115405,-0.001344,0.003010,-0.000187,0.006874
752,15.0400,0.306078,2,head_bob,0.115392,-0.001136,0.003249,-0.000864,0.011872
753,15.0600,0.557322,2,head_bob,0.115395,-0.001155,0.003090,0.000189,-0.005375
754,15.0800,0.808566,2,head_bob,0.115398,-0.001380,0.002585,0.000159,-0.013397
755,15.1000,1.059809,2,head_bob,0.115421,-0.001440,0.001776,0.000820,-0.003093
756,15.1200,1.311053,2,head_bob,0.115443,-0.001564,0.000500,0.001757,-0.003040
757,15.1400,1.562296,2,head_bob,0.115493,-0.001676,-0.000875,0.002593,-0.005118
758,15.1600,1.813540,2,head_bob,0.115521,-0.001694,-0.001862,0.001084,0.001710
759,15.1800,2.064784,2,head_bob,0.115539,-0.001716,-0.002225,0.000749,-0.002061
760,15.2000,2.316027,2,head_bob,0.115535,-0.001805,-0.002072,-0.000809,-0.005797
761,15.2200,2.567271,2,head_bob,0.115518,-0.001861,-0.001565,-0.000806,-0.000848
762,15.2400,2.818515,2,head_bob,0.115505,-0.001698,-0.000807,-0.000060,0.015486
763,15.2600,3.069758,2,head_bob,0.115488,-0.001270,0.000307,-0.001721,0.017948
764,15.2800,-2.962183,2,head_bob,0.115452,-0.001071,0.001596,-0.002218,0.004080
765,15.3000,-2.710940,2,head_bob,0.115397,-0.000990,0.002979,-0.002293,-0.004539
766,15.3200,-2.459696,2,head_bob,0.115345,-0.001085,0.004368,-0.002361,-0.009479
767,15.3400,-2.208453,2,head_bob,0.115308,-0.001289,0.005435,-0.001461,-0.012339
768,15.3600,-1.957209,2,head_bob,0.115292,-0.001521,0.005854,-0.000424,-0.011082
769,15.3800,-1.705965,2,head_bob,0.115294,-0.001699,0.005694,0.000359,-0.007673
770,15.4000,-1.454722,2,head_bob,0.115311,-0.001828,0.005032,0.001142,-0.003639
771,15.4200,-1.203478,2,head_bob,0.115342,-0.001900,0.004095,0.001796,-0.001641
772,15.4400,-0.952234,2,head_bob,0.115360,-0.001774,0.003353,0.000763,0.009938
773,15.4600,-0.700991,2,head_bob,0.115378,-0.001576,0.002898,0.001032,0.010304
774,15.4800,-0.449747,2,head_bob,0.115387,-0.001475,0.002734,0.000422,0.004390
775,15.5000,-0.198503,2,head_bob,0.115404,-0.001452,0.002781,0.000460,0.002733
776,15.5200,0.052740,2,head_bob,0.115405,-0.001344,0.003003,-0.000182,0.006799
777,15.5400,0.303984,2,head_bob,0.115393,-0.001138,0.003245,-0.000859,0.011803
778,15.5600,0.555227,2,head_bob,0.115395,-0.001157,0.003094,0.000189,-0.005377
779,15.5800,0.806471,2,head_bob,0.115398,-0.001381,0.002595,0.000153,-0.013344
780,15.6000,1.057715,2,head_bob,0.115421,-0.001439,0.001794,0.000808,-0.003054
781,15.6200,1.308958,2,head_bob,0.115443,-0.001563,0.000522,0.001749,-0.002997
782,15.6400,1.560202,2,head_bob,0.115492,-0.001675,-0.000854,0.002592,-0.005051
783,15.6600,1.811446,2,head_bob,0.115521,-0.001692,-0.001848,0.001087,0.001774
784,15.6800,2.062689,2,head_bob,0.115539,-0.001713,-0.002221,0.000756,-0.002023
785,15.7000,2.313933,2,head_bob,0.115535,-0.001803,-0.002077,-0.000802,-0.005822
786,15.7200,2.565177,2,head_bob,0.115518,-0.001859,-0.001575,-0.000801,-0.000950
787,15.7400,2.816420,2,head_bob,0.115505,-0.001698,-0.000819,-0.000052,0.015397
788,15.7600,3.067664,2,head_bob,0.115489,-0.001271,0.000292,-0.001712,0.017948
789,15.7800,-2.964278,2,head_bob,0.115453,-0.001072,0.001581,-0.002211,0.004097
790,15.8000,-2.713034,2,head_bob,0.115398,-0.000990,0.002965,-0.002290,-0.004534
791,15.8200,-2.461791,2,head_bob,0.115346,-0.001084,0.004357,-0.002365,-0.009492
792,15.8400,-2.210547,2,head_bob,0.115308,-0.001288,0.005431,-0.001474,-0.012313
793,15.8600,-1.959303,2,head_bob,0.115292,-0.001520,0.005857,-0.000434,-0.011106
794,15.8800,-1.708060,2,head_bob,0.115294,-0.001697,0.005701,0.000352,-0.007687
795,15.9000,-1.456816,2,head_bob,0.115311,-0.001827,0.005043,0.001134,-0.003651
796,15.9200,-1.205572,2,head_bob,0.115342,-0.001900,0.004106,0.001791,-0.001610
797,15.9400,-0.954329,2,head_bob,0.115359,-0.001772,0.003360,0.000761,0.010006
798,15.9600,-0.703085,2,head_bob,0.115378,-0.001574,0.002899,0.001038,0.010332
799,15.9800,-0.451841,2,head_bob,0.115387,-0.001473,0.002729,0.000428,0.004370
800,16.0000,-0.200598,2,head_bob,0.115404,-0.001451,0.002773,0.000466,0.002685
801,16.0200,0.050646,2,head_bob,0.115405,-0.001345,0.002994,-0.000176,0.006727
802,16.0400,0.301889,2,head_bob,0.115393,-0.001139,0.003240,-0.000854,0.011735
803,16.0600,0.553133,2,head_bob,0.115396,-0.001159,0.003091,0.000193,-0.005366
804,16.0800,0.804377,2,head_bob,0.115398,-0.001382,0.002586,0.000150,-0.013298
805,16.1000,1.055620,2,head_bob,0.115421,-0.001440,0.001788,0.000799,-0.003019
806,16.1200,1.306864,2,head_bob,0.115443,-0.001563,0.000522,0.001741,-0.002954
807,16.1400,1.558108,2,head_bob,0.115492,-0.001674,-0.000852,0.002590,-0.004984
808,16.1600,1.809351,2,head_bob,0.115521,-0.001690,-0.001847,0.001088,0.001834
809,16.1800,2.060595,2,head_bob,0.115538,-0.001710,-0.002224,0.000761,-0.001988
810,16.2000,2.311839,2,head_bob,0.115535,-0.001800,-0.002086,-0.000798,-0.005844
811,16.2200,2.563082,2,head_bob,0.115518,-0.001858,-0.001586,-0.000797,-0.001035
812,16.2400,2.814326,2,head_bob,0.115506,-0.001699,-0.000832,-0.000047,0.015318
813,16.2600,3.065569,2,head_bob,0.115489,-0.001272,0.000277,-0.001704,0.017948
814,16.2800,-2.966372,2,head_bob,0.115453,-0.001071,0.001567,-0.002204,0.004112
815,16.3000,-2.715129,2,head_bob,0.115398,-0.000989,0.002951,-0.002287,-0.004533
816,16.3200,-2.463885,2,head_bob,0.115346,-0.001084,0.004347,-0.002369,-0.009509
817,16.3400,-2.212641,2,head_bob,0.115309,-0.001287,0.005426,-0.001486,-0.012297
818,16.3600,-1.961398,2,head_bob,0.115292,-0.001519,0.005858,-0.000444,-0.011132
819,16.3800,-1.710154,2,head_bob,0.115294,-0.001697,0.005706,0.000345,-0.007700
820,16.4000,-1.458910,2,head_bob,0.115311,-0.001826,0.005051,0.001127,-0.003666
821,16.4200,-1.207667,2,head_bob,0.115342,-0.001899,0.004114,0.001787,-0.001584
822,16.4400,-0.956423,2,head_bob,0.115359,-0.001771,0.003365,0.000760,0.010071
823,16.4600,-0.705179,2,head_bob,0.115378,-0.001572,0.002897,0.001044,0.010358
824,16.4800,-0.453936,2,head_bob,0.115391,-0.001499,0.002723,0.001219,-0.001113
825,16.5000,-0.202692,2,head_bob,0.115403,-0.001451,0.002774,0.000377,0.004154
826,16.5200,0.048551,2,head_bob,0.115404,-0.001324,0.003001,-0.000169,0.007278
827,16.5400,0.299795,2,head_bob,0.115396,-0.001154,0.003247,0.000001,0.004031
828,16.5600,0.551039,2,head_bob,0.115395,-0.001181,0.003111,-0.000280,-0.002067
829,16.5800,0.802282,2,head_bob,0.115396,-0.001369,0.002600,0.000206,-0.012276
830,16.6000,1.053526,2,head_bob,0.115428,-0.001367,0.001788,0.001353,0.001564
831,16.6200,1.304770,2,head_bob,0.115447,-0.001472,0.000517,0.001023,-0.005503
832,16.6400,1.556013,2,head_bob,0.115492,-0.001602,-0.000829,0.002500,-0.005482
833,16.6600,1.807257,2,head_bob,0.115520,-0.001623,-0.001782,0.001081,0.001512
834,16.6800,2.058501,2,head_bob,0.115538,-0.001651,-0.002146,0.000768,-0.002466
835,16.7000,2.309744,2,head_bob,0.115534,-0.001753,-0.002011,-0.000801,-0.006426
836,16.7200,2.560988,2,head_bob,0.115517,-0.001821,-0.001516,-0.000788,-0.001510
837,16.7400,2.812231,2,head_bob,0.115505,-0.001668,-0.000771,-0.000040,0.015015
838,16.7600,3.063475,2,head_bob,0.115489,-0.001246,0.000329,-0.001698,0.017902
839,16.7800,-2.968467,2,head_bob,0.115450,-0.001011,0.001610,-0.001511,0.000473
840,16.8000,-2.717223,2,head_bob,0.115395,-0.000959,0.002989,-0.003631,0.003916
841,16.8200,-2.465979,2,head_bob,0.115346,-0.001069,0.004367,-0.002106,-0.011740
842,16.8400,-2.214736,2,head_bob,0.115310,-0.001298,0.005419,-0.001489,-0.013128
843,16.8600,-1.963492,2,head_bob,0.115293,-0.001538,0.005869,-0.000493,-0.011428
844,16.8800,-1.712248,2,head_bob,0.115294,-0.001716,0.005734,0.000318,-0.007683
845,16.9000,-1.461005,2,head_bob,0.115310,-0.001846,0.005087,0.001106,-0.003621
846,16.9200,-1.209761,2,head_bob,0.115341,-0.001918,0.004150,0.001774,-0.001542
847,16.9400,-0.958518,2,head_bob,0.115358,-0.001789,0.003394,0.000756,0.010138
848,16.9600,-0.707274,2,head_bob,0.115376,-0.001590,0.002916,0.001048,0.010334
849,16.9800,-0.456030,2,head_bob,0.115390,-0.001517,0.002730,0.001233,-0.001096
850,17.0000,-0.204787,2,head_bob,0.115402,-0.001465,0.002769,0.000383,0.004475
851,17.0200,0.046457,2,head_bob,0.115403,-0.001332,0.002987,-0.000164,0.007421
852,17.0400,0.297701,2,head_bob,0.115396,-0.001161,0.003230,0.000006,0.004026
853,17.0600,0.548944,2,head_bob,0.115393,-0.001173,0.003089,-0.000012,-0.003432
854,17.0800,0.800188,2,head_bob,0.115396,-0.001377,0.002569,0.000204,-0.012740
855,17.1000,1.051432,2,head_bob,0.115427,-0.001378,0.001765,0.001326,0.001597
856,17.1200,1.302675,2,head_bob,0.115446,-0.001479,0.000504,0.001005,-0.005271
857,17.1400,1.553919,2,head_bob,0.115491,-0.001607,-0.000832,0.002497,-0.005401
858,17.1600,1.805162,2,head_bob,0.115519,-0.001627,-0.001780,0.001085,0.001515
859,17.1800,2.056406,2,head_bob,0.115537,-0.001657,-0.002143,0.000775,-0.002512
860,17.2000,2.307650,2,head_bob,0.115533,-0.001760,-0.002011,-0.000797,-0.006507
861,17.2200,2.558893,2,head_bob,0.115517,-0.001829,-0.001518,-0.000783,-0.001630
862,17.2400,2.810137,2,head_bob,0.115511,-0.001626,-0.000764,0.000370,0.019252
863,17.2600,3.061381,2,head_bob,0.115487,-0.001234,0.000336,-0.001832,0.016381
864,17.2800,-2.970561,2,head_bob,0.115448,-0.001021,0.001617,-0.001488,-0.000249
865,17.3000,-2.719317,2,head_bob,0.115394,-0.000975,0.002989,-0.003584,0.003777
866,17.3200,-2.468074,2,head_bob,0.115345,-0.001084,0.004359,-0.002079,-0.011651
867,17.3400,-2.216830,2,head_bob,0.115310,-0.001310,0.005408,-0.001482,-0.012976
868,17.3600,-1.965586,2,head_bob,0.115285,-0.001462,0.005859,-0.000614,-0.007895
869,17.3800,-1.714343,2,head_bob,0.115289,-0.001630,0.005697,0.000509,-0.008363
870,17.4000,-1.463099,2,head_bob,0.115308,-0.001787,0.004998,0.001245,-0.005035
871,17.4200,-1.211856,2,head_bob,0.115341,-0.001886,0.004024,0.001838,-0.002701
872,17.4400,-0.960612,2,head_bob,0.115365,-0.001853,0.003256,0.000799,0.007171
873,17.4600,-0.709368,2,head_bob,0.115382,-0.001677,0.002822,0.000896,0.009910
874,17.4800,-0.458125,2,head_bob,0.115389,-0.001572,0.002706,0.000335,0.004675
875,17.5000,-0.206881,2,head_bob,0.115397,-0.001464,0.002777,0.000405,0.005747
876,17.5200,0.044363,2,head_bob,0.115400,-0.001331,0.002982,-0.000069,0.006970
877,17.5400,0.295606,2,head_bob,0.115400,-0.001240,0.003185,0.000431,-0.001924
878,17.5600,0.546850,2,head_bob,0.115392,-0.001206,0.003030,-0.000096,-0.001848
879,17.5800,0.798094,2,head_bob,0.115394,-0.001394,0.002510,0.000241,-0.012264
880,17.6000,1.049337,2,head_bob,0.115419,-0.001443,0.001695,0.000878,-0.002691
881,17.6200,1.300581,2,head_bob,0.115442,-0.001562,0.000425,0.001779,-0.002713
882,17.6400,1.551824,2,head_bob,0.115492,-0.001670,-0.000948,0.002611,-0.004911
883,17.6600,1.803068,2,head_bob,0.115521,-0.001686,-0.001936,0.001099,0.001847
884,17.6800,2.054312,2,head_bob,0.115538,-0.001707,-0.002304,0.000776,-0.002063
885,17.7000,2.305555,2,head_bob,0.115535,-0.001800,-0.002164,-0.000789,-0.006041
886,17.7200,2.556799,2,head_bob,0.115518,-0.001863,-0.001659,-0.000788,-0.001362
887,17.7400,2.808043,2,head_bob,0.115506,-0.001709,-0.000900,-0.000035,0.015066
888,17.7600,3.059286,2,head_bob,0.115490,-0.001283,0.000218,-0.001688,0.017973
889,17.7800,-2.972655,2,head_bob,0.115455,-0.001079,0.001520,-0.002190,0.004177
890,17.8000,-2.721412,2,head_bob,0.115400,-0.000995,0.002917,-0.002283,-0.004549
891,17.8200,-2.470168,2,head_bob,0.115347,-0.001088,0.004330,-0.002383,-0.009566
892,17.8400,-2.218924,2,head_bob,0.115301,-0.001212,0.005446,-0.001673,-0.009102
893,17.8600,-1.967681,2,head_bob,0.115287,-0.001434,0.005843,-0.000270,-0.011683
894,17.8800,-1.716437,2,head_bob,0.115292,-0.001639,0.005633,0.000445,-0.009198
895,17.9000,-1.465194,2,head_bob,0.115310,-0.001799,0.004960,0.001160,-0.005022
896,17.9200,-1.213950,2,head_bob,0.115341,-0.001894,0.004018,0.001793,-0.002488
897,17.9400,-0.962706,2,head_bob,0.115365,-0.001855,0.003267,0.000786,0.007485
898,17.9600,-0.711463,2,head_bob,0.115381,-0.001673,0.002838,0.000903,0.010159
899,17.9800,-0.460219,2,head_bob,0.115388,-0.001565,0.002721,0.000339,0.004732
900,18.0000,-0.208975,2,head_bob,0.115397,-0.001458,0.002794,0.000412,0.005642
901,18.0200,0.042268,2,head_bob,0.115400,-0.001328,0.003004,-0.000062,0.006857
902,18.0400,0.293512,2,head_bob,0.115400,-0.001238,0.003212,0.000435,-0.001962
903,18.0600,0.544756,2,head_bob,0.115392,-0.001204,0.003061,-0.000097,-0.001840
904,18.0800,0.795999,2,head_bob,0.115394,-0.001390,0.002545,0.000228,-0.012158
905,18.1000,1.047243,2,head_bob,0.115426,-0.001384,0.001748,0.001350,0.001783
906,18.1200,1.298486,2,head_bob,0.115445,-0.001485,0.000496,0.001019,-0.005279
907,18.1400,1.549730,2,head_bob,0.115490,-0.001609,-0.000842,0.002509,-0.005174
908,18.1600,1.800974,2,head_bob,0.115519,-0.001625,-0.001795,0.001097,0.001827
909,18.1800,2.052217,2,head_bob,0.115537,-0.001648,-0.002163,0.000792,-0.002271
910,18.2000,2.303461,2,head_bob,0.115533,-0.001749,-0.002034,-0.000784,-0.006434
911,18.2200,2.554705,2,head_bob,0.115517,-0.001819,-0.001541,-0.000777,-0.001757
912,18.2400,2.805948,2,head_bob,0.115511,-0.001619,-0.000786,0.000382,0.019066
913,18.2600,3.057192,2,head_bob,0.115488,-0.001231,0.000315,-0.001816,0.016213
914,18.2800,-2.974750,2,head_bob,0.115449,-0.001020,0.001598,-0.001473,-0.000268
915,18.3000,-2.723506,2,head_bob,0.115395,-0.000973,0.002971,-0.003575,0.003821
916,18.3200,-2.472262,2,head_bob,0.115347,-0.001080,0.004346,-0.002086,-0.011590
917,18.3400,-2.221019,2,head_bob,0.115311,-0.001303,0.005408,-0.001509,-0.012854
918,18.3600,-1.969775,2,head_bob,0.115287,-0.001450,0.005863,-0.000429,-0.009377
919,18.3800,-1.718532,2,head_bob,0.115291,-0.001630,0.005700,0.000482,-0.008653
920,18.4000,-1.467288,2,head_bob,0.115310,-0.001788,0.005017,0.001200,-0.005063
921,18.4200,-1.216044,2,head_bob,0.115341,-0.001886,0.004053,0.001808,-0.002578
922,18.4400,-0.964801,2,head_bob,0.115366,-0.001849,0.003283,0.000785,0.007405
923,18.4600,-0.713557,2,head_bob,0.115382,-0.001670,0.002839,0.000901,0.010077
924,18.4800,-0.462313,2,head_bob,0.115389,-0.001564,0.002711,0.000342,0.004695
925,18.5000,-0.211070,2,head_bob,0.115398,-0.001457,0.002775,0.000416,0.005646
926,18.5200,0.040174,2,head_bob,0.115401,-0.001326,0.002980,-0.000057,0.006861
927,18.5400,0.291417,2,head_bob,0.115401,-0.001237,0.003188,0.000438,-0.001989
928,18.5600,0.542661,2,head_bob,0.115393,-0.001204,0.003044,-0.000097,-0.001854
929,18.5800,0.793905,2,head_bob,0.115395,-0.001389,0.002536,0.000216,-0.012076
930,18.6000,1.045148,2,head_bob,0.115426,-0.001381,0.001747,0.001335,0.001812
931,18.6200,1.296392,2,head_bob,0.115445,-0.001482,0.000503,0.001006,-0.005263
932,18.6400,1.547636,2,head_bob,0.115490,-0.001607,-0.000833,0.002503,-0.005160
933,18.6600,1.798879,2,head_bob,0.115518,-0.001622,-0.001789,0.001095,0.001823
934,18.6800,2.050123,2,head_bob,0.115537,-0.001647,-0.002157,0.000789,-0.002355
935,18.7000,2.301367,2,head_bob,0.115533,-0.001749,-0.002020,-0.000784,-0.006516
936,18.7200,2.552610,2,head_bob,0.115517,-0.001820,-0.001526,-0.000774,-0.001854
937,18.7400,2.803854,2,head_bob,0.115511,-0.001621,-0.000774,0.000387,0.019017
938,18.7600,3.055097,2,head_bob,0.115488,-0.001233,0.000321,-0.001808,0.016236
939,18.7800,-2.976844,2,head_bob,0.115450,-0.001021,0.001601,-0.001466,-0.000232
940,18.8000,-2.725601,2,head_bob,0.115395,-0.000974,0.002972,-0.003568,0.003824
941,18.8200,-2.474357,2,head_bob,0.115347,-0.001080,0.004347,-0.002088,-0.011594
942,18.8400,-2.223113,2,head_bob,0.115306,-0.001265,0.005419,-0.002465,-0.005203
943,18.8600,-1.971870,2,head_bob,0.115287,-0.001452,0.005847,-0.000365,-0.010855
944,18.8800,-1.720626,2,head_bob,0.115291,-0.001651,0.005654,0.000447,-0.009136
945,18.9000,-1.469382,2,head_bob,0.115309,-0.001813,0.004983,0.001157,-0.005180
946,18.9200,-1.218139,2,head_bob,0.115340,-0.001911,0.004032,0.001787,-0.002521
947,18.9400,-0.966895,2,head_bob,0.115364,-0.001872,0.003266,0.000781,0.007582
948,18.9600,-0.715651,2,head_bob,0.115381,-0.001689,0.002820,0.000911,0.010212
949,18.9800,-0.464408,2,head_bob,0.115388,-0.001582,0.002688,0.000355,0.004813
950,19.0000,-0.213164,2,head_bob,0.115397,-0.001471,0.002751,0.000428,0.005831
951,19.0200,0.038079,2,head_bob,0.115400,-0.001337,0.002958,-0.000050,0.006962
952,19.0400,0.289323,2,head_bob,0.115401,-0.001247,0.003175,0.000443,-0.001997
953,19.0600,0.540567,2,head_bob,0.115392,-0.001214,0.003042,-0.000096,-0.001855
954,19.0800,0.791810,2,head_bob,0.115394,-0.001397,0.002544,0.000208,-0.011989
955,19.1000,1.043054,2,head_bob,0.115426,-0.001388,0.001765,0.001327,0.001894
956,19.1200,1.294298,2,head_bob,0.115444,-0.001488,0.000526,0.001000,-0.005153
957,19.1400,1.545541,2,head_bob,0.115489,-0.001610,-0.000810,0.002505,-0.005051
958,19.1600,1.796785,2,head_bob,0.115518,-0.001624,-0.001771,0.001102,0.001919
959,19.1800,2.048029,2,head_bob,0.115536,-0.001647,-0.002143,0.000794,-0.002342
960,19.2000,2.299272,2,head_bob,0.115533,-0.001750,-0.002001,-0.000779,-0.006536
961,19.2200,2.550516,2,head_bob,0.115517,-0.001822,-0.001510,-0.000770,-0.001936
962,19.2400,2.801759,2,head_bob,0.115511,-0.001625,-0.000764,0.000394,0.018969
963,19.2600,3.053003,2,head_bob,0.115488,-0.001237,0.000325,-0.001798,0.016269
964,19.2800,-2.978939,2,head_bob,0.115450,-0.001023,0.001598,-0.001456,-0.000187
965,19.3000,-2.727695,2,head_bob,0.115396,-0.000975,0.002964,-0.003560,0.003837
966,19.3200,-2.476451,2,head_bob,0.115348,-0.001081,0.004338,-0.002088,-0.011593
967,19.3400,-2.225208,2,head_bob,0.115307,-0.001265,0.005414,-0.002473,-0.005203
968,19.3600,-1.973964,2,head_bob,0.115287,-0.001452,0.005847,-0.000373,-0.010870
969,19.3800,-1.722720,2,head_bob,0.115291,-0.001651,0.005659,0.000442,-0.009129
970,19.4000,-1.471477,2,head_bob,0.115309,-0.001814,0.004991,0.001151,-0.005188
971,19.4200,-1.220233,2,head_bob,0.115340,-0.001911,0.004041,0.001783,-0.002491
972,19.4400,-0.968990,2,head_bob,0.115364,-0.001871,0.003272,0.000779,0.007649
973,19.4600,-0.717746,2,head_bob,0.115380,-0.001688,0.002821,0.000916,0.010239
974,19.4800,-0.466502,2,head_bob,0.115388,-0.001581,0.002683,0.000364,0.004782
975,19.5000,-0.215259,2,head_bob,0.115397,-0.001471,0.002743,0.000437,0.005802
976,19.5200,0.035985,2,head_bob,0.115400,-0.001338,0.002950,-0.000044,0.006915
977,19.5400,0.287229,2,head_bob,0.115401,-0.001249,0.003171,0.000447,-0.002045
978,19.5600,0.538472,2,head_bob,0.115392,-0.001216,0.003045,-0.000097,-0.001873
979,19.5800,0.789716,2,head_bob,0.115394,-0.001398,0.002555,0.000197,-0.011897
980,19.6000,1.040960,2,head_bob,0.115425,-0.001388,0.001784,0.001316,0.001913
981,19.6200,1.292203,2,head_bob,0.115444,-0.001488,0.000549,0.000991,-0.005144
982,19.6400,1.543447,2,head_bob,0.115489,-0.001610,-0.000789,0.002502,-0.004993
983,19.6600,1.794691,2,head_bob,0.115517,-0.001623,-0.001756,0.001104,0.001981
984,19.6800,2.045934,2,head_bob,0.115536,-0.001646,-0.002131,0.000795,-0.002352
985,19.7000,2.297178,2,head_bob,0.115532,-0.001748,-0.001986,-0.000775,-0.006559
986,19.7200,2.548421,2,head_bob,0.115516,-0.001822,-0.001497,-0.000766,-0.002011
987,19.7400,2.799665,2,head_bob,0.115511,-0.001626,-0.000756,0.000400,0.018916
988,19.7600,3.050909,2,head_bob,0.115488,-0.001238,0.000326,-0.001788,0.016275
989,19.7800,-2.981033,2,head_bob,0.115450,-0.001024,0.001594,-0.001446,-0.000159
990,19.8000,-2.729789,2,head_bob,0.115396,-0.000975,0.002956,-0.003553,0.003847
991,19.8200,-2.478546,2,head_bob,0.115348,-0.001081,0.004321,-0.002085,-0.011570
992,19.8400,-2.227302,2,head_bob,0.115307,-0.001264,0.005396,-0.002480,-0.005191
993,19.8600,-1.976058,2,head_bob,0.115288,-0.001451,0.005832,-0.000381,-0.010882
994,19.8800,-1.724815,2,head_bob,0.115291,-0.001650,0.005651,0.000437,-0.009117
995,19.9000,-1.473571,2,head_bob,0.115309,-0.001812,0.004989,0.001144,-0.005202
996,19.9200,-1.222328,2,head_bob,0.115340,-0.001910,0.004043,0.001777,-0.002471
997,19.9400,-0.971084,2,head_bob,0.115364,-0.001869,0.003275,0.000776,0.007706
998,19.9600,-0.719840,2,head_bob,0.115380,-0.001686,0.002838,0.000909,0.010221
999,19.9800,-0.468597,2,head_bob,0.115389,-0.001554,0.002709,0.000132,0.004254
1000,20.0000,-0.217353,2,head_bob,0.115397,-0.001447,0.002766,0.000418,0.005788
1001,20.0200,0.033891,2,head_bob,0.115400,-0.001314,0.002953,-0.000019,0.006866
1002,20.0400,0.285134,2,head_bob,0.115401,-0.001228,0.003155,0.000472,-0.002215
1003,20.0600,0.536378,2,head_bob,0.115393,-0.001200,0.003019,-0.000081,-0.002047
1004,20.0800,0.787622,2,head_bob,0.115395,-0.001384,0.002527,0.000195,-0.011943
1005,20.1000,1.038865,2,head_bob,0.115426,-0.001375,0.001760,0.001308,0.001817
1006,20.1200,1.290109,2,head_bob,0.115445,-0.001479,0.000529,0.000980,-0.005408
1007,20.1400,1.541352,2,head_bob,0.115489,-0.001603,-0.000807,0.002496,-0.005053
1008,20.1600,1.792596,2,head_bob,0.115518,-0.001617,-0.001775,0.001101,0.001989
1009,20.1800,2.043840,2,head_bob,0.115536,-0.001640,-0.002148,0.000791,-0.002397
1010,20.2000,2.295083,2,head_bob,0.115533,-0.001743,-0.001992,-0.000774,-0.006594
1011,20.2200,2.546327,2,head_bob,0.115517,-0.001817,-0.001499,-0.000764,-0.002076
1012,20.2400,2.797571,2,head_bob,0.115505,-0.001676,-0.000769,0.000000,0.014492
1013,20.2600,3.048814,2,head_bob,0.115490,-0.001256,0.000309,-0.001638,0.017872
1014,20.2800,-2.983127,2,head_bob,0.115452,-0.001018,0.001577,-0.001456,0.000633
1015,20.3000,-2.731884,2,head_bob,0.115398,-0.000962,0.002946,-0.003589,0.003977
1016,20.3200,-2.480640,2,head_bob,0.115349,-0.001067,0.004313,-0.002112,-0.011642
1017,20.3400,-2.229396,2,head_bob,0.115308,-0.001253,0.005396,-0.002504,-0.005311
1018,20.3600,-1.978153,2,head_bob,0.115288,-0.001442,0.005844,-0.000397,-0.011028
1019,20.3800,-1.726909,2,head_bob,0.115291,-0.001642,0.005671,0.000429,-0.009169
1020,20.4000,-1.475666,2,head_bob,0.115309,-0.001806,0.005018,0.001135,-0.005264
1021,20.4200,-1.224422,2,head_bob,0.115340,-0.001904,0.004076,0.001770,-0.002503
1022,20.4400,-0.973178,2,head_bob,0.115363,-0.001864,0.003306,0.000773,0.007697
1023,20.4600,-0.721935,2,head_bob,0.115380,-0.001682,0.002880,0.000903,0.010147
1024,20.4800,-0.470691,2,head_bob,0.115387,-0.001576,0.002746,0.000371,0.004713
1025,20.5000,-0.219447,2,head_bob,0.115396,-0.001468,0.002792,0.000450,0.005774
1026,20.5200,0.031796,2,head_bob,0.115400,-0.001335,0.002986,-0.000031,0.006913
1027,20.5400,0.283040,2,head_bob,0.115397,-0.001212,0.003197,-0.000327,0.005015
1028,20.5600,0.534284,2,head_bob,0.115393,-0.001217,0.003056,-0.000020,-0.003303
1029,20.5800,0.785527,2,head_bob,0.115395,-0.001414,0.002557,0.000164,-0.012218
1030,20.6000,1.036771,2,head_bob,0.115425,-0.001405,0.001798,0.001281,0.001944
1031,20.6200,1.288014,2,head_bob,0.115443,-0.001502,0.000573,0.000967,-0.004969
1032,20.6400,1.539258,2,head_bob,0.115488,-0.001621,-0.000766,0.002499,-0.004789
1033,20.6600,1.790502,2,head_bob,0.115516,-0.001630,-0.001743,0.001112,0.002201
1034,20.6800,2.041745,2,head_bob,0.115535,-0.001650,-0.002124,0.000802,-0.002275
1035,20.7000,2.292989,2,head_bob,0.115532,-0.001752,-0.001969,-0.000765,-0.006540
1036,20.7200,2.544233,2,head_bob,0.115516,-0.001826,-0.001483,-0.000760,-0.002142
1037,20.7400,2.795476,2,head_bob,0.115511,-0.001633,-0.000750,0.000413,0.018829
1038,20.7600,3.046720,2,head_bob,0.115488,-0.001246,0.000321,-0.001769,0.016320
1039,20.7800,-2.985222,2,head_bob,0.115450,-0.001030,0.001581,-0.001427,-0.000077
1040,20.8000,-2.733978,2,head_bob,0.115397,-0.000979,0.002936,-0.003537,0.003884
1041,20.8200,-2.482735,2,head_bob,0.115349,-0.001083,0.004276,-0.002075,-0.011473
1042,20.8400,-2.231491,2,head_bob,0.115308,-0.001265,0.005342,-0.002490,-0.005139
1043,20.8600,-1.980247,2,head_bob,0.115288,-0.001451,0.005788,-0.000396,-0.010879
1044,20.8800,-1.729004,2,head_bob,0.115292,-0.001648,0.005621,0.000426,-0.009074
1045,20.9000,-1.477760,2,head_bob,0.115309,-0.001811,0.004977,0.001129,-0.005226
1046,20.9200,-1.226516,2,head_bob,0.115340,-0.001908,0.004043,0.001763,-0.002433
1047,20.9400,-0.975273,2,head_bob,0.115363,-0.001866,0.003275,0.000772,0.007848
1048,20.9600,-0.724029,2,head_bob,0.115380,-0.001682,0.002860,0.000896,0.010203
1049,20.9800,-0.472785,2,head_bob,0.115388,-0.001551,0.002739,0.000135,0.004224
1050,21.0000,-0.221542,2,head_bob,0.115396,-0.001445,0.002789,0.000426,0.005703
1051,21.0200,0.029702,2,head_bob,0.115400,-0.001314,0.002971,-0.000008,0.006811
1052,21.0400,0.280945,2,head_bob,0.115401,-0.001230,0.003172,0.000480,-0.002321
1053,21.0600,0.532189,2,head_bob,0.115393,-0.001203,0.003042,-0.000078,-0.002104
1054,21.0800,0.783433,2,head_bob,0.115395,-0.001386,0.002558,0.000178,-0.011798
1055,21.1000,1.034676,2,head_bob,0.115426,-0.001375,0.001800,0.001291,0.001913
1056,21.1200,1.285920,2,head_bob,0.115444,-0.001478,0.000575,0.000966,-0.005367
1057,21.1400,1.537164,2,head_bob,0.115488,-0.001601,-0.000767,0.002496,-0.004940
1058,21.1600,1.788407,2,head_bob,0.115517,-0.001613,-0.001749,0.001108,0.002113
1059,21.1800,2.039651,2,head_bob,0.115535,-0.001635,-0.002136,0.000803,-0.002359
1060,21.2000,2.290895,2,head_bob,0.115533,-0.001739,-0.001988,-0.000760,-0.006611
1061,21.2200,2.542138,2,head_bob,0.115517,-0.001815,-0.001503,-0.000755,-0.002242
1062,21.2400,2.793382,2,head_bob,0.115505,-0.001678,-0.000781,0.000014,0.014331
1063,21.2600,3.044626,2,head_bob,0.115490,-0.001259,0.000291,-0.001619,0.017859
1064,21.2800,-2.987316,2,head_bob,0.115453,-0.001020,0.001554,-0.001439,0.000666
1065,21.3000,-2.736073,2,head_bob,0.115399,-0.000963,0.002921,-0.003578,0.003977
1066,21.3200,-2.484829,2,head_bob,0.115351,-0.001067,0.004265,-0.002106,-0.011564
1067,21.3400,-2.233585,2,head_bob,0.115309,-0.001251,0.005342,-0.002518,-0.005271
1068,21.3600,-1.982342,2,head_bob,0.115289,-0.001438,0.005800,-0.000417,-0.011006
1069,21.3800,-1.731098,2,head_bob,0.115292,-0.001637,0.005642,0.000417,-0.009109
1070,21.4000,-1.479854,2,head_bob,0.115309,-0.001800,0.005006,0.001120,-0.005286
1071,21.4200,-1.228611,2,head_bob,0.115339,-0.001899,0.004076,0.001756,-0.002478
1072,21.4400,-0.977367,2,head_bob,0.115363,-0.001858,0.003302,0.000777,0.007871
1073,21.4600,-0.726123,2,head_bob,0.115379,-0.001675,0.002887,0.000895,0.010137
1074,21.4800,-0.474880,2,head_bob,0.115386,-0.001570,0.002757,0.000378,0.004627
1075,21.5000,-0.223636,2,head_bob,0.115396,-0.001464,0.002797,0.000463,0.005672
1076,21.5200,0.027607,2,head_bob,0.115400,-0.001333,0.002987,-0.000018,0.006819
1077,21.5400,0.278851,2,head_bob,0.115397,-0.001213,0.003200,-0.000317,0.004879
1078,21.5600,0.530095,2,head_bob,0.115393,-0.001220,0.003068,-0.000018,-0.003363
1079,21.5800,0.781338,2,head_bob,0.115395,-0.001415,0.002579,0.000148,-0.012058
1080,21.6000,1.032582,2,head_bob,0.115425,-0.001404,0.001831,0.001262,0.002037
1081,21.6200,1.283826,2,head_bob,0.115443,-0.001501,0.000613,0.000951,-0.004949
1082,21.6400,1.535069,2,head_bob,0.115487,-0.001618,-0.000730,0.002496,-0.004683
1083,21.6600,1.786313,2,head_bob,0.115516,-0.001626,-0.001720,0.001116,0.002321
1084,21.6800,2.037557,2,head_bob,0.115534,-0.001645,-0.002118,0.000816,-0.002197
1085,21.7000,2.288800,2,head_bob,0.115532,-0.001747,-0.001982,-0.000750,-0.006542
1086,21.7200,2.540044,2,head_bob,0.115516,-0.001823,-0.001505,-0.000751,-0.002302
1087,21.7400,2.791287,2,head_bob,0.115505,-0.001687,-0.000790,0.000023,0.014300
1088,21.7600,3.042531,2,head_bob,0.115490,-0.001268,0.000275,-0.001606,0.017980
1089,21.7800,-2.989411,2,head_bob,0.115453,-0.001026,0.001534,-0.001427,0.000750
1090,21.8000,-2.738167,2,head_bob,0.115399,-0.000968,0.002898,-0.003569,0.003980
1091,21.8200,-2.486923,2,head_bob,0.115351,-0.001072,0.004228,-0.002099,-0.011538
1092,21.8400,-2.235680,2,head_bob,0.115309,-0.001256,0.005299,-0.002522,-0.005269
1093,21.8600,-1.984436,2,head_bob,0.115289,-0.001443,0.005762,-0.000424,-0.010992
1094,21.8800,-1.733192,2,head_bob,0.115292,-0.001640,0.005612,0.000412,-0.009073
1095,21.9000,-1.481949,2,head_bob,0.115309,-0.001803,0.004984,0.001113,-0.005280
1096,21.9200,-1.230705,2,head_bob,0.115339,-0.001902,0.004061,0.001750,-0.002457
1097,21.9400,-0.979461,2,head_bob,0.115363,-0.001860,0.003285,0.000780,0.007967
1098,21.9600,-0.728218,2,head_bob,0.115379,-0.001677,0.002877,0.000891,0.010129
1099,21.9800,-0.476974,2,head_bob,0.115386,-0.001572,0.002749,0.000383,0.004618
1100,22.0000,-0.225731,2,head_bob,0.115396,-0.001465,0.002790,0.000470,0.005697
1101,22.0200,0.025513,2,head_bob,0.115400,-0.001334,0.002979,-0.000011,0.006857
1102,22.0400,0.276757,2,head_bob,0.115397,-0.001214,0.003195,-0.000312,0.004829
1103,22.0600,0.528000,2,head_bob,0.115393,-0.001221,0.003070,-0.000017,-0.003382
1104,22.0800,0.779244,2,head_bob,0.115395,-0.001415,0.002588,0.000140,-0.011973
1105,22.1000,1.030488,2,head_bob,0.115411,-0.001596,0.001768,0.000804,-0.007004
1106,22.1200,1.281731,2,head_bob,0.115440,-0.001728,0.000493,0.002177,-0.001100
1107,22.1400,1.532975,2,head_bob,0.115491,-0.001818,-0.000925,0.002634,-0.003931
1108,22.1600,1.784219,2,head_bob,0.115521,-0.001816,-0.001980,0.001104,0.003035
1109,22.1800,2.035462,2,head_bob,0.115539,-0.001815,-0.002388,0.000794,-0.001046
1110,22.2000,2.286706,2,head_bob,0.115536,-0.001892,-0.002249,-0.000740,-0.005308
1111,22.2200,2.537949,2,head_bob,0.115520,-0.001950,-0.001764,-0.000769,-0.001524
1112,22.2400,2.789193,2,head_bob,0.115504,-0.001831,-0.001037,-0.000871,0.008785
1113,22.2600,3.040437,2,head_bob,0.115494,-0.001378,0.000054,-0.001330,0.021266
1114,22.2800,-2.991505,2,head_bob,0.115462,-0.001113,0.001347,-0.002100,0.006276
1115,22.3000,-2.740261,2,head_bob,0.115408,-0.001006,0.002744,-0.002277,-0.003956
1116,22.3200,-2.489018,2,head_bob,0.115355,-0.001090,0.004132,-0.002415,-0.009347
1117,22.3400,-2.237774,2,head_bob,0.115316,-0.001286,0.005266,-0.001630,-0.011946
1118,22.3600,-1.986530,2,head_bob,0.115290,-0.001423,0.005780,-0.000487,-0.009351
1119,22.3800,-1.735287,2,head_bob,0.115293,-0.001601,0.005675,0.000431,-0.008628
1120,22.4000,-1.484043,2,head_bob,0.115311,-0.001760,0.005056,0.001138,-0.005238
1121,22.4200,-1.232800,2,head_bob,0.115341,-0.001859,0.004136,0.001756,-0.002451
1122,22.4400,-0.981556,2,head_bob,0.115365,-0.001816,0.003358,0.000779,0.008018
1123,22.4600,-0.730312,2,head_bob,0.115381,-0.001632,0.002957,0.000879,0.010150
1124,22.4800,-0.479069,2,head_bob,0.115388,-0.001530,0.002829,0.000373,0.004326
1125,22.5000,-0.227825,2,head_bob,0.115397,-0.001434,0.002866,0.000468,0.005011
1126,22.5200,0.023419,2,head_bob,0.115401,-0.001318,0.003055,-0.000011,0.006149
1127,22.5400,0.274662,2,head_bob,0.115397,-0.001177,0.003264,0.000106,0.002709
1128,22.5600,0.525906,2,head_bob,0.115396,-0.001223,0.003131,-0.000245,-0.002661
1129,22.5800,0.777150,2,head_bob,0.115396,-0.001405,0.002645,0.000107,-0.011499
1130,22.6000,1.028393,2,head_bob,0.115412,-0.001583,0.001824,0.000799,-0.007057
1131,22.6200,1.279637,2,head_bob,0.115441,-0.001718,0.000545,0.002168,-0.001145
1132,22.6400,1.530881,2,head_bob,0.115493,-0.001807,-0.000887,0.002629,-0.003829
1133,22.6600,1.782124,2,head_bob,0.115522,-0.001803,-0.001961,0.001103,0.003207
1134,22.6800,2.033368,2,head_bob,0.115540,-0.001800,-0.002389,0.000797,-0.000879
1135,22.7000,2.284611,2,head_bob,0.115537,-0.001874,-0.002268,-0.000730,-0.005198
1136,22.7200,2.535855,2,head_bob,0.115522,-0.001932,-0.001792,-0.000765,-0.001541
1137,22.7400,2.787099,2,head_bob,0.115506,-0.001816,-0.001070,-0.000865,0.008526
1138,22.7600,3.038342,2,head_bob,0.115496,-0.001366,0.000018,-0.001322,0.021114
1139,22.7800,-2.993599,2,head_bob,0.115464,-0.001104,0.001311,-0.002093,0.006179
1140,22.8000,-2.742356,2,head_bob,0.115410,-0.000997,0.002708,-0.002275,-0.003965
1141,22.8200,-2.491112,2,head_bob,0.115357,-0.001081,0.004086,-0.002415,-0.009316
1142,22.8400,-2.239868,2,head_bob,0.115318,-0.001276,0.005219,-0.001642,-0.011900
1143,22.8600,-1.988625,2,head_bob,0.115291,-0.001419,0.005747,-0.000685,-0.008111
1144,22.8800,-1.737381,2,head_bob,0.115293,-0.001588,0.005663,0.000441,-0.008499
1145,22.9000,-1.486138,2,head_bob,0.115311,-0.001749,0.005051,0.001160,-0.005419
1146,22.9200,-1.234894,2,head_bob,0.115342,-0.001851,0.004133,0.001762,-0.002587
1147,22.9400,-0.983650,2,head_bob,0.115366,-0.001810,0.003355,0.000776,0.007977
1148,22.9600,-0.732407,2,head_bob,0.115381,-0.001627,0.002952,0.000877,0.010126
1149,22.9800,-0.481163,2,head_bob,0.115388,-0.001525,0.002822,0.000375,0.004245
1150,23.0000,-0.229919,2,head_bob,0.115398,-0.001432,0.002858,0.000471,0.004856
1151,23.0200,0.021324,2,head_bob,0.115402,-0.001319,0.003048,-0.000007,0.006024
1152,23.0400,0.272568,2,head_bob,0.115397,-0.001179,0.003261,0.000108,0.002658
1153,23.0600,0.523812,2,head_bob,0.115397,-0.001226,0.003135,-0.000248,-0.002668
1154,23.0800,0.775055,2,head_bob,0.115397,-0.001406,0.002653,0.000096,-0.011389
1155,23.1000,1.026299,2,head_bob,0.115413,-0.001583,0.001839,0.000788,-0.007067
1156,23.1200,1.277542,2,head_bob,0.115441,-0.001718,0.000563,0.002157,-0.001118
1157,23.1400,1.528786,2,head_bob,0.115493,-0.001807,-0.000871,0.002625,-0.003730
1158,23.1600,1.780030,2,head_bob,0.115522,-0.001800,-0.001952,0.001103,0.003333
1159,23.1800,2.031273,2,head_bob,0.115540,-0.001795,-0.002390,0.000803,-0.000770
1160,23.2000,2.282517,2,head_bob,0.115538,-0.001868,-0.002278,-0.000722,-0.005140
1161,23.2200,2.533761,2,head_bob,0.115522,-0.001926,-0.001808,-0.000760,-0.001597
1162,23.2400,2.785004,2,head_bob,0.115506,-0.001813,-0.001089,-0.000858,0.008378
1163,23.2600,3.036248,2,head_bob,0.115496,-0.001365,-0.000003,-0.001314,0.021053
1164,23.2800,-2.995694,2,head_bob,0.115465,-0.001102,0.001289,-0.002086,0.006173
1165,23.3000,-2.744450,2,head_bob,0.115411,-0.000996,0.002688,-0.002272,-0.003963
1166,23.3200,-2.493206,2,head_bob,0.115358,-0.001079,0.004069,-0.002419,-0.009325
1167,23.3400,-2.241963,2,head_bob,0.115318,-0.001274,0.005208,-0.001655,-0.011877
1168,23.3600,-1.990719,2,head_bob,0.115291,-0.001416,0.005744,-0.000695,-0.008145
1169,23.3800,-1.739476,2,head_bob,0.115293,-0.001584,0.005666,0.000436,-0.008487
1170,23.4000,-1.488232,2,head_bob,0.115311,-0.001746,0.005058,0.001152,-0.005436
1171,23.4200,-1.236988,2,head_bob,0.115342,-0.001848,0.004141,0.001756,-0.002573
1172,23.4400,-0.985745,2,head_bob,0.115365,-0.001806,0.003361,0.000772,0.008036
1173,23.4600,-0.734501,2,head_bob,0.115381,-0.001623,0.002952,0.000881,0.010153
1174,23.4800,-0.483257,2,head_bob,0.115390,-0.001497,0.002823,0.000148,0.003787
1175,23.5000,-0.232014,2,head_bob,0.115398,-0.001406,0.002855,0.000445,0.004782
1176,23.5200,0.019230,2,head_bob,0.115402,-0.001294,0.003030,0.000016,0.005886
1177,23.5400,0.270474,2,head_bob,0.115400,-0.001187,0.003232,-0.000285,0.004414
1178,23.5600,0.521717,2,head_bob,0.115396,-0.001201,0.003102,-0.000011,-0.003597
1179,23.5800,0.772961,2,head_bob,0.115398,-0.001394,0.002623,0.000112,-0.011771
1180,23.6000,1.024204,2,head_bob,0.115414,-0.001575,0.001813,0.000774,-0.007297
1181,23.6200,1.275448,2,head_bob,0.115441,-0.001714,0.000545,0.002141,-0.001219
1182,23.6400,1.526692,2,head_bob,0.115493,-0.001803,-0.000884,0.002617,-0.003707
1183,23.6600,1.777935,2,head_bob,0.115522,-0.001795,-0.001963,0.001100,0.003408
1184,23.6800,2.029179,2,head_bob,0.115540,-0.001789,-0.002403,0.000806,-0.000700
1185,23.7000,2.280423,2,head_bob,0.115538,-0.001861,-0.002296,-0.000715,-0.005094
1186,23.7200,2.531666,2,head_bob,0.115522,-0.001919,-0.001826,-0.000756,-0.001652
1187,23.7400,2.782910,2,head_bob,0.115507,-0.001808,-0.001106,-0.000852,0.008185
1188,23.7600,3.034154,2,head_bob,0.115503,-0.001316,-0.000006,-0.000881,0.025018
1189,23.7800,-2.997788,2,head_bob,0.115472,-0.001015,0.001329,-0.002197,0.006778
1190,23.8000,-2.746544,2,head_bob,0.115415,-0.000917,0.002774,-0.002426,-0.004964
1191,23.8200,-2.495301,2,head_bob,0.115360,-0.001022,0.004195,-0.002525,-0.010427
1192,23.8400,-2.244057,2,head_bob,0.115318,-0.001234,0.005360,-0.001712,-0.012651
1193,23.8600,-1.992814,2,head_bob,0.115291,-0.001388,0.005904,-0.000721,-0.008660
1194,23.8800,-1.741570,2,head_bob,0.115293,-0.001563,0.005816,0.000432,-0.008687
1195,23.9000,-1.490326,2,head_bob,0.115310,-0.001728,0.005196,0.001153,-0.005559
1196,23.9200,-1.239083,2,head_bob,0.115341,-0.001832,0.004262,0.001760,-0.002647
1197,23.9400,-0.987839,2,head_bob,0.115365,-0.001793,0.003460,0.000781,0.007998
1198,23.9600,-0.736595,2,head_bob,0.115381,-0.001611,0.003026,0.000894,0.010105
1199,23.9800,-0.485352,2,head_bob,0.115388,-0.001512,0.002865,0.000397,0.004160
1200,24.0000,-0.234108,2,head_bob,0.115398,-0.001420,0.002875,0.000493,0.004784
1201,24.0200,0.017136,2,head_bob,0.115403,-0.001310,0.003045,0.000010,0.005887
1202,24.0400,0.268379,2,head_bob,0.115398,-0.001174,0.003250,0.000122,0.002498
1203,24.0600,0.519623,2,head_bob,0.115398,-0.001223,0.003126,-0.000243,-0.002784
1204,24.0800,0.770866,2,head_bob,0.115398,-0.001403,0.002647,0.000082,-0.011302
1205,24.1000,1.022110,2,head_bob,0.115413,-0.001580,0.001839,0.000769,-0.007102
1206,24.1200,1.273354,2,head_bob,0.115441,-0.001716,0.000567,0.002139,-0.001100
1207,24.1400,1.524597,2,head_bob,0.115492,-0.001803,-0.000870,0.002621,-0.003623
1208,24.1600,1.775841,2,head_bob,0.115522,-0.001795,-0.001962,0.001107,0.003488
1209,24.1800,2.027085,2,head_bob,0.115540,-0.001788,-0.002419,0.000821,-0.000619
1210,24.2000,2.278328,2,head_bob,0.115538,-0.001860,-0.002332,-0.000705,-0.005083
1211,24.2200,2.529572,2,head_bob,0.115523,-0.001919,-0.001870,-0.000750,-0.001758
1212,24.2400,2.780816,2,head_bob,0.115507,-0.001811,-0.001153,-0.000844,0.008101
1213,24.2600,3.032059,2,head_bob,0.115504,-0.001319,-0.000054,-0.000872,0.024985
1214,24.2800,-2.999883,2,head_bob,0.115473,-0.001017,0.001285,-0.002190,0.006805
1215,24.3000,-2.748639,2,head_bob,0.115416,-0.000920,0.002735,-0.002425,-0.004994
1216,24.3200,-2.497395,2,head_bob,0.115360,-0.001024,0.004164,-0.002531,-0.010461
1217,24.3400,-2.246152,2,head_bob,0.115319,-0.001236,0.005340,-0.001727,-0.012661
1218,24.3600,-1.994908,2,head_bob,0.115291,-0.001390,0.005895,-0.000732,-0.008717
1219,24.3800,-1.743664,2,head_bob,0.115293,-0.001565,0.005815,0.000425,-0.008664
1220,24.4000,-1.492421,2,head_bob,0.115310,-0.001730,0.005200,0.001145,-0.005557
1221,24.4200,-1.241177,2,head_bob,0.115341,-0.001834,0.004270,0.001753,-0.002619
1222,24.4400,-0.989933,2,head_bob,0.115364,-0.001794,0.003466,0.000778,0.008063
1223,24.4600,-0.738690,2,head_bob,0.115380,-0.001611,0.003028,0.000898,0.010123
1224,24.4800,-0.487446,2,head_bob,0.115388,-0.001513,0.002862,0.000406,0.004152
1225,24.5000,-0.236203,2,head_bob,0.115398,-0.001421,0.002868,0.000502,0.004810
1226,24.5200,0.015041,2,head_bob,0.115403,-0.001309,0.003038,0.000017,0.005931
1227,24.5400,0.266285,2,head_bob,0.115398,-0.001174,0.003246,0.000126,0.002461
1228,24.5600,0.517528,2,head_bob,0.115398,-0.001223,0.003128,-0.000243,-0.002797
1229,24.5800,0.768772,2,head_bob,0.115398,-0.001402,0.002657,0.000072,-0.011212
1230,24.6000,1.020016,2,head_bob,0.115413,-0.001578,0.001856,0.000757,-0.007096
1231,24.6200,1.271259,2,head_bob,0.115441,-0.001714,0.000589,0.002129,-0.001077
1232,24.6400,1.522503,2,head_bob,0.115492,-0.001801,-0.000849,0.002618,-0.003567
1233,24.6600,1.773747,2,head_bob,0.115521,-0.001792,-0.001947,0.001109,0.003548
1234,24.6800,2.024990,2,head_bob,0.115540,-0.001784,-0.002417,0.000833,-0.000541
1235,24.7000,2.276234,2,head_bob,0.115538,-0.001856,-0.002352,-0.000695,-0.005049
1236,24.7200,2.527477,2,head_bob,0.115523,-0.001916,-0.001898,-0.000745,-0.001823
1237,24.7400,2.778721,2,head_bob,0.115507,-0.001810,-0.001183,-0.000837,0.007991
1238,24.7600,3.029965,2,head_bob,0.115504,-0.001319,-0.000084,-0.000864,0.024922
1239,24.7800,-3.001977,2,head_bob,0.115473,-0.001017,0.001257,-0.002185,0.006794
1240,24.8000,-2.750733,2,head_bob,0.115416,-0.000920,0.002712,-0.002423,-0.005023
1241,24.8200,-2.499490,2,head_bob,0.115361,-0.001025,0.004146,-0.002536,-0.010494
1242,24.8400,-2.248246,2,head_bob,0.115319,-0.001236,0.005331,-0.001741,-0.012667
1243,24.8600,-1.997002,2,head_bob,0.115291,-0.001390,0.005896,-0.000742,-0.008759
1244,24.8800,-1.745759,2,head_bob,0.115293,-0.001565,0.005820,0.000419,-0.008648
1245,24.9000,-1.494515,2,head_bob,0.115310,-0.001729,0.005209,0.001137,-0.005560
1246,24.9200,-1.243271,2,head_bob,0.115340,-0.001834,0.004279,0.001748,-0.002597
1247,24.9400,-0.992028,2,head_bob,0.115364,-0.001793,0.003472,0.000775,0.008126
1248,24.9600,-0.740784,2,head_bob,0.115380,-0.001610,0.003028,0.000902,0.010149
1249,24.9800,-0.489541,2,head_bob,0.115388,-0.001512,0.002856,0.000415,0.004119
1250,25.0000,-0.238297,2,head_bob,0.115398,-0.001420,0.002859,0.000509,0.004803
1251,25.0200,0.012947,2,head_bob,0.115403,-0.001309,0.003027,0.000024,0.005930
1252,25.0400,0.264190,2,head_bob,0.115399,-0.001174,0.003238,0.000131,0.002416
1253,25.0600,0.515434,2,head_bob,0.115398,-0.001224,0.003132,-0.000246,-0.002825
1254,25.0800,0.766678,2,head_bob,0.115398,-0.001402,0.002659,0.000070,-0.011128
1255,25.1000,1.017921,2,head_bob,0.115421,-0.001513,0.001866,0.001246,-0.001638
1256,25.1200,1.269165,2,head_bob,0.115440,-0.001649,0.000608,0.001074,-0.005550
1257,25.1400,1.520409,2,head_bob,0.115487,-0.001749,-0.000793,0.002588,-0.003007
1258,25.1600,1.771652,2,head_bob,0.115517,-0.001720,-0.001858,0.001178,0.004379
1259,25.1800,2.022896,2,head_bob,0.115537,-0.001704,-0.002335,0.000891,-0.000291
1260,25.2000,2.274139,2,head_bob,0.115541,-0.001772,-0.002269,-0.000579,-0.005432
1261,25.2200,2.525383,2,head_bob,0.115524,-0.001852,-0.001800,-0.000824,-0.003129
1262,25.2400,2.776627,2,head_bob,0.115507,-0.001767,-0.001081,-0.000889,0.007195
1263,25.2600,3.027870,2,head_bob,0.115497,-0.001337,0.000003,-0.001312,0.020332
1264,25.2800,-3.004071,2,head_bob,0.115466,-0.001080,0.001300,-0.002078,0.005860
1265,25.3000,-2.752828,2,head_bob,0.115412,-0.000980,0.002706,-0.002276,-0.004396
1266,25.3200,-2.501584,2,head_bob,0.115360,-0.001063,0.004093,-0.002246,-0.010835
1267,25.3400,-2.250340,2,head_bob,0.115313,-0.001209,0.005257,-0.002149,-0.007412
1268,25.3600,-1.999097,2,head_bob,0.115294,-0.001409,0.005776,-0.000470,-0.011445
1269,25.3800,-1.747853,2,head_bob,0.115295,-0.001604,0.005667,0.000348,-0.008801
1270,25.4000,-1.496610,2,head_bob,0.115311,-0.001764,0.005081,0.001042,-0.005205
1271,25.4200,-1.245366,2,head_bob,0.115340,-0.001860,0.004181,0.001693,-0.002273
1272,25.4400,-0.994122,2,head_bob,0.115363,-0.001813,0.003394,0.000749,0.008406
1273,25.4600,-0.742879,2,head_bob,0.115378,-0.001626,0.002962,0.000900,0.010276
1274,25.4800,-0.491635,2,head_bob,0.115388,-0.001501,0.002803,0.000194,0.003788
1275,25.5000,-0.240391,2,head_bob,0.115403,-0.001452,0.002839,0.000912,0.000983
1276,25.5200,0.010852,2,head_bob,0.115408,-0.001371,0.003033,-0.000038,0.005484
1277,25.5400,0.262096,2,head_bob,0.115398,-0.001188,0.003293,-0.000775,0.010693
1278,25.5600,0.513340,2,head_bob,0.115395,-0.001117,0.003202,0.000227,-0.002925
1279,25.5800,0.764583,2,head_bob,0.115399,-0.001310,0.002691,0.000156,-0.011878
1280,25.6000,1.015827,2,head_bob,0.115422,-0.001438,0.001879,0.001247,-0.002594
1281,25.6200,1.267070,2,head_bob,0.115441,-0.001594,0.000625,0.001059,-0.006501
1282,25.6400,1.518314,2,head_bob,0.115487,-0.001709,-0.000774,0.002574,-0.003669
1283,25.6600,1.769558,2,head_bob,0.115523,-0.001768,-0.001834,0.001187,0.001745
1284,25.6800,2.020801,2,head_bob,0.115541,-0.001773,-0.002273,0.000751,-0.000817
1285,25.7000,2.272045,2,head_bob,0.115537,-0.001846,-0.002172,-0.000778,-0.005008
1286,25.7200,2.523289,2,head_bob,0.115521,-0.001900,-0.001700,-0.000760,-0.001545
1287,25.7400,2.774532,2,head_bob,0.115506,-0.001787,-0.000993,-0.000834,0.008301
1288,25.7600,3.025776,2,head_bob,0.115497,-0.001340,0.000071,-0.001280,0.021060
1289,25.7800,-3.006166,2,head_bob,0.115462,-0.001046,0.001342,-0.001374,0.002570
1290,25.8000,-2.754922,2,head_bob,0.115413,-0.000979,0.002711,-0.002209,-0.005134
1291,25.8200,-2.503678,2,head_bob,0.115353,-0.000986,0.004089,-0.002431,-0.007539
1292,25.8400,-2.252435,2,head_bob,0.115315,-0.001175,0.005198,-0.001554,-0.012201
1293,25.8600,-2.001191,2,head_bob,0.115297,-0.001416,0.005694,-0.000554,-0.012302
1294,25.8800,-1.749948,2,head_bob,0.115296,-0.001609,0.005630,0.000262,-0.008419
1295,25.9000,-1.498704,2,head_bob,0.115311,-0.001756,0.005069,0.001001,-0.004635
1296,25.9200,-1.247460,2,head_bob,0.115339,-0.001843,0.004183,0.001684,-0.001862
1297,25.9400,-0.996217,2,head_bob,0.115362,-0.001790,0.003398,0.000752,0.008667
1298,25.9600,-0.744973,2,head_bob,0.115378,-0.001600,0.002963,0.000909,0.010344
1299,25.9800,-0.493729,2,head_bob,0.115388,-0.001476,0.002803,0.000206,0.003653
1300,26.0000,-0.242486,2,head_bob,0.115403,-0.001431,0.002840,0.000914,0.000823
1301,26.0200,0.008758,2,head_bob,0.115408,-0.001353,0.003035,-0.000030,0.005324
1302,26.0400,0.260002,2,head_bob,0.115398,-0.001173,0.003297,-0.000771,0.010505
1303,26.0600,0.511245,2,head_bob,0.115395,-0.001104,0.003213,0.000228,-0.003018
1304,26.0800,0.762489,2,head_bob,0.115399,-0.001297,0.002689,0.000155,-0.011794
1305,26.1000,1.013732,2,head_bob,0.115422,-0.001425,0.001877,0.001235,-0.002584
1306,26.1200,1.264976,2,head_bob,0.115441,-0.001582,0.000633,0.001046,-0.006551
1307,26.1400,1.516220,2,head_bob,0.115487,-0.001698,-0.000761,0.002569,-0.003740
1308,26.1600,1.767463,2,head_bob,0.115523,-0.001759,-0.001822,0.001186,0.001646
1309,26.1800,2.018707,2,head_bob,0.115540,-0.001767,-0.002266,0.000752,-0.000947
1310,26.2000,2.269951,2,head_bob,0.115542,-0.001835,-0.002153,-0.000677,-0.005198
1311,26.2200,2.521194,2,head_bob,0.115524,-0.001903,-0.001665,-0.000852,-0.002469
1312,26.2400,2.772438,2,head_bob,0.115507,-0.001804,-0.000949,-0.000897,0.007782
1313,26.2600,3.023682,2,head_bob,0.115498,-0.001363,0.000118,-0.001307,0.020890
1314,26.2800,-3.008260,2,head_bob,0.115463,-0.001069,0.001389,-0.001385,0.002731
1315,26.3000,-2.757016,2,head_bob,0.115414,-0.000998,0.002753,-0.002212,-0.004950
1316,26.3200,-2.505773,2,head_bob,0.115353,-0.001001,0.004125,-0.002436,-0.007337
1317,26.3400,-2.254529,2,head_bob,0.115315,-0.001186,0.005232,-0.001566,-0.011994
1318,26.3600,-2.003286,2,head_bob,0.115297,-0.001423,0.005727,-0.000561,-0.012188
1319,26.3800,-1.752042,2,head_bob,0.115296,-0.001615,0.005660,0.000255,-0.008342
1320,26.4000,-1.500798,2,head_bob,0.115311,-0.001761,0.005098,0.000996,-0.004594
1321,26.4200,-1.249555,2,head_bob,0.115339,-0.001847,0.004207,0.001681,-0.001785
1322,26.4400,-0.998311,2,head_bob,0.115362,-0.001792,0.003414,0.000751,0.008799
1323,26.4600,-0.747067,2,head_bob,0.115378,-0.001601,0.002968,0.000915,0.010442
1324,26.4800,-0.495824,2,head_bob,0.115388,-0.001476,0.002797,0.000214,0.003658
1325,26.5000,-0.244580,2,head_bob,0.115403,-0.001431,0.002828,0.000921,0.000827
1326,26.5200,0.006664,2,head_bob,0.115409,-0.001353,0.003019,-0.000024,0.005306
1327,26.5400,0.257907,2,head_bob,0.115399,-0.001174,0.003283,-0.000765,0.010465
1328,26.5600,0.509151,2,head_bob,0.115396,-0.001106,0.003205,0.000229,-0.003041
1329,26.5800,0.760394,2,head_bob,0.115399,-0.001299,0.002665,0.000156,-0.011721
1330,26.6000,1.011638,2,head_bob,0.115422,-0.001425,0.001851,0.001227,-0.002528
1331,26.6200,1.262882,2,head_bob,0.115441,-0.001582,0.000614,0.001036,-0.006561
1332,26.6400,1.514125,2,head_bob,0.115487,-0.001698,-0.000774,0.002565,-0.003698
1333,26.6600,1.765369,2,head_bob,0.115523,-0.001758,-0.001833,0.001185,0.001701
1334,26.6800,2.016613,2,head_bob,0.115540,-0.001765,-0.002277,0.000755,-0.000908
1335,26.7000,2.267856,2,head_bob,0.115542,-0.001832,-0.002168,-0.000672,-0.005203
1336,26.7200,2.519100,2,head_bob,0.115525,-0.001901,-0.001680,-0.000848,-0.002541
1337,26.7400,2.770344,2,head_bob,0.115508,-0.001805,-0.000965,-0.000893,0.007675
1338,26.7600,3.021587,2,head_bob,0.115498,-0.001364,0.000102,-0.001301,0.020853
1339,26.7800,-3.010355,2,head_bob,0.115464,-0.001070,0.001374,-0.001380,0.002755
1340,26.8000,-2.759111,2,head_bob,0.115414,-0.000998,0.002741,-0.002210,-0.004944
1341,26.8200,-2.507867,2,head_bob,0.115354,-0.001001,0.004117,-0.002439,-0.007342
1342,26.8400,-2.256624,2,head_bob,0.115316,-0.001186,0.005231,-0.001578,-0.011985
1343,26.8600,-2.005380,2,head_bob,0.115297,-0.001422,0.005732,-0.000570,-0.012222
1344,26.8800,-1.754136,2,head_bob,0.115297,-0.001614,0.005670,0.000249,-0.008334
1345,26.9000,-1.502893,2,head_bob,0.115311,-0.001760,0.005110,0.000990,-0.004588
1346,26.9200,-1.251649,2,head_bob,0.115339,-0.001846,0.004220,0.001676,-0.001759
1347,26.9400,-1.000405,2,head_bob,0.115362,-0.001790,0.003424,0.000749,0.008866
1348,26.9600,-0.749162,2,head_bob,0.115378,-0.001598,0.002971,0.000920,0.010472
1349,26.9800,-0.497918,2,head_bob,0.115388,-0.001474,0.002794,0.000223,0.003622
1350,27.0000,-0.246675,2,head_bob,0.115404,-0.001442,0.002828,0.000670,0.001869
1351,27.0200,0.004569,2,head_bob,0.115408,-0.001353,0.003020,-0.000046,0.005667
1352,27.0400,0.255813,2,head_bob,0.115398,-0.001168,0.003288,-0.000749,0.010680
1353,27.0600,0.507056,2,head_bob,0.115395,-0.001098,0.003208,0.000239,-0.003016
1354,27.0800,0.758300,2,head_bob,0.115399,-0.001291,0.002667,0.000155,-0.011711
1355,27.1000,1.009544,2,head_bob,0.115422,-0.001418,0.001857,0.001220,-0.002551
1356,27.1200,1.260787,2,head_bob,0.115441,-0.001575,0.000624,0.001030,-0.006554
1357,27.1400,1.512031,2,head_bob,0.115486,-0.001692,-0.000765,0.002567,-0.003722
1358,27.1600,1.763275,2,head_bob,0.115522,-0.001753,-0.001828,0.001191,0.001666
1359,27.1800,2.014518,2,head_bob,0.115540,-0.001762,-0.002279,0.000765,-0.000962
1360,27.2000,2.265762,2,head_bob,0.115542,-0.001831,-0.002177,-0.000664,-0.005286
1361,27.2200,2.517006,2,head_bob,0.115525,-0.001902,-0.001693,-0.000843,-0.002674
1362,27.2400,2.768249,2,head_bob,0.115508,-0.001807,-0.000981,-0.000884,0.007582
1363,27.2600,3.019493,2,head_bob,0.115498,-0.001368,0.000083,-0.001290,0.020844
1364,27.2800,-3.012449,2,head_bob,0.115464,-0.001073,0.001355,-0.001371,0.002815
1365,27.3000,-2.761205,2,head_bob,0.115415,-0.001001,0.002723,-0.002205,-0.004951
1366,27.3200,-2.509962,2,head_bob,0.115355,-0.001003,0.004102,-0.002441,-0.007367
1367,27.3400,-2.258718,2,head_bob,0.115316,-0.001188,0.005224,-0.001589,-0.011997
1368,27.3600,-2.007474,2,head_bob,0.115297,-0.001424,0.005734,-0.000578,-0.012266
1369,27.3800,-1.756231,2,head_bob,0.115297,-0.001616,0.005677,0.000243,-0.008319
1370,27.4000,-1.504987,2,head_bob,0.115310,-0.001762,0.005120,0.000983,-0.004575
1371,27.4200,-1.253743,2,head_bob,0.115339,-0.001848,0.004231,0.001671,-0.001726
1372,27.4400,-1.002500,2,head_bob,0.115361,-0.001791,0.003432,0.000747,0.008937
1373,27.4600,-0.751256,2,head_bob,0.115378,-0.001598,0.002975,0.000924,0.010500
1374,27.4800,-0.500013,2,head_bob,0.115387,-0.001474,0.002791,0.000232,0.003605
1375,27.5000,-0.248769,2,head_bob,0.115404,-0.001443,0.002822,0.000678,0.001852
1376,27.5200,0.002475,2,head_bob,0.115408,-0.001354,0.003011,-0.000040,0.005641
1377,27.5400,0.253718,2,head_bob,0.115398,-0.001170,0.003282,-0.000745,0.010621
1378,27.5600,0.504962,2,head_bob,0.115396,-0.001101,0.003208,0.000238,-0.003031
1379,27.5800,0.756206,2,head_bob,0.115399,-0.001292,0.002675,0.000146,-0.011619
1380,27.6000,1.007449,2,head_bob,0.115422,-0.001418,0.001872,0.001209,-0.002494
1381,27.6200,1.258693,2,head_bob,0.115440,-0.001574,0.000645,0.001019,-0.006527
1382,27.6400,1.509937,2,head_bob,0.115486,-0.001690,-0.000744,0.002563,-0.003664
1383,27.6600,1.761180,2,head_bob,0.115522,-0.001751,-0.001813,0.001192,0.001721
1384,27.6800,2.012424,2,head_bob,0.115540,-0.001759,-0.002273,0.000771,-0.000931
1385,27.7000,2.263667,2,head_bob,0.115542,-0.001829,-0.002181,-0.000655,-0.005318
1386,27.7200,2.514911,2,head_bob,0.115525,-0.001901,-0.001702,-0.000837,-0.002772
1387,27.7400,2.766155,2,head_bob,0.115508,-0.001809,-0.000993,-0.000877,0.007477
1388,27.7600,3.017398,2,head_bob,0.115499,-0.001371,0.000068,-0.001281,0.020820
1389,27.7800,-3.014543,2,head_bob,0.115465,-0.001075,0.001340,-0.001363,0.002859
1390,27.8000,-2.763300,2,head_bob,0.115411,-0.000968,0.002716,-0.003099,0.001884
1391,27.8200,-2.512056,2,head_bob,0.115364,-0.001081,0.004069,-0.002194,-0.011803
1392,27.8400,-2.260812,2,head_bob,0.115316,-0.001213,0.005225,-0.001783,-0.010432
1393,27.8600,-2.009569,2,head_bob,0.115296,-0.001435,0.005772,-0.000566,-0.012030
1394,27.8800,-1.758325,2,head_bob,0.115296,-0.001626,0.005709,0.000261,-0.008367
1395,27.9000,-1.507081,2,head_bob,0.115310,-0.001774,0.005144,0.000992,-0.004669
1396,27.9200,-1.255838,2,head_bob,0.115338,-0.001861,0.004245,0.001675,-0.001730
1397,27.9400,-1.004594,2,head_bob,0.115361,-0.001804,0.003435,0.000749,0.009032
1398,27.9600,-0.753351,2,head_bob,0.115377,-0.001610,0.002966,0.000932,0.010578
1399,27.9800,-0.502107,2,head_bob,0.115387,-0.001485,0.002774,0.000241,0.003644
1400,28.0000,-0.250863,2,head_bob,0.115404,-0.001453,0.002800,0.000689,0.001915
1401,28.0200,0.000380,2,head_bob,0.115408,-0.001362,0.002988,-0.000034,0.005728
1402,28.0400,0.251624,2,head_bob,0.115399,-0.001178,0.003262,-0.000739,0.010624
1403,28.0600,0.502868,2,head_bob,0.115396,-0.001108,0.003198,0.000239,-0.003032
1404,28.0800,0.754111,2,head_bob,0.115399,-0.001299,0.002674,0.000138,-0.011532
1405,28.1000,1.005355,2,head_bob,0.115422,-0.001422,0.001881,0.001199,-0.002415
1406,28.1200,1.256599,2,head_bob,0.115440,-0.001578,0.000661,0.001010,-0.006469
1407,28.1400,1.507842,2,head_bob,0.115486,-0.001692,-0.000727,0.002560,-0.003564
1408,28.1600,1.759086,2,head_bob,0.115521,-0.001751,-0.001799,0.001194,0.001822
1409,28.1800,2.010329,2,head_bob,0.115540,-0.001758,-0.002266,0.000777,-0.000857
1410,28.2000,2.261573,2,head_bob,0.115542,-0.001828,-0.002172,-0.000649,-0.005339
1411,28.2200,2.512817,2,head_bob,0.115525,-0.001901,-0.001694,-0.000833,-0.002859
1412,28.2400,2.764060,2,head_bob,0.115508,-0.001811,-0.000989,-0.000870,0.007375
1413,28.2600,3.015304,2,head_bob,0.115499,-0.001374,0.000069,-0.001271,0.020800
1414,28.2800,-3.016638,2,head_bob,0.115465,-0.001077,0.001338,-0.001355,0.002913
1415,28.3000,-2.765394,2,head_bob,0.115411,-0.000969,0.002711,-0.003094,0.001906
1416,28.3200,-2.514150,2,head_bob,0.115364,-0.001081,0.004065,-0.002196,-0.011780
1417,28.3400,-2.262907,2,head_bob,0.115308,-0.001132,0.005235,-0.001946,-0.007138
1418,28.3600,-2.011663,2,head_bob,0.115291,-0.001341,0.005735,-0.000364,-0.012367
1419,28.3800,-1.760420,2,head_bob,0.115293,-0.001557,0.005597,0.000371,-0.009787
1420,28.4000,-1.509176,2,head_bob,0.115309,-0.001735,0.005006,0.001035,-0.006041
1421,28.4200,-1.257932,2,head_bob,0.115338,-0.001846,0.004103,0.001688,-0.002748
1422,28.4400,-1.006689,2,head_bob,0.115361,-0.001804,0.003299,0.000751,0.008426
1423,28.4600,-0.755445,2,head_bob,0.115377,-0.001618,0.002841,0.000943,0.010197
1424,28.4800,-0.504201,2,head_bob,0.115387,-0.001500,0.002660,0.000251,0.003296
1425,28.5000,-0.252958,2,head_bob,0.115404,-0.001494,0.002678,0.000531,0.002055
1426,28.5200,-0.001714,2,head_bob,0.115407,-0.001401,0.002880,-0.000045,0.005914
1427,28.5400,0.249530,2,head_bob,0.115398,-0.001211,0.003180,-0.000720,0.010887
1428,28.5600,0.500773,2,head_bob,0.115402,-0.001230,0.003160,0.000207,-0.005096
1429,28.5800,0.752017,2,head_bob,0.115395,-0.001327,0.002670,-0.000117,-0.006581
1430,28.6000,1.003261,2,head_bob,0.115418,-0.001401,0.001879,0.001289,-0.001005
1431,28.6200,1.254504,2,head_bob,0.115442,-0.001529,0.000644,0.001704,-0.002906
1432,28.6400,1.505748,2,head_bob,0.115490,-0.001640,-0.000749,0.002555,-0.004502
1433,28.6600,1.756991,2,head_bob,0.115525,-0.001726,-0.001823,0.001128,0.000445
1434,28.6800,2.008235,2,head_bob,0.115542,-0.001756,-0.002280,0.000736,-0.001845
1435,28.7000,2.259479,2,head_bob,0.115539,-0.001846,-0.002186,-0.000778,-0.005759
1436,28.7200,2.510722,2,head_bob,0.115522,-0.001913,-0.001723,-0.000745,-0.002223
1437,28.7400,2.761966,2,head_bob,0.115508,-0.001813,-0.001028,-0.000798,0.007784
1438,28.7600,3.013210,2,head_bob,0.115499,-0.001368,0.000023,-0.001232,0.021069
1439,28.7800,-3.018732,2,head_bob,0.115466,-0.001068,0.001290,-0.001333,0.003034
1440,28.8000,-2.767488,2,head_bob,0.115417,-0.000993,0.002659,-0.002189,-0.004932
1441,28.8200,-2.516245,2,head_bob,0.115357,-0.000996,0.004047,-0.002449,-0.007421
1442,28.8400,-2.265001,2,head_bob,0.115318,-0.001180,0.005191,-0.001627,-0.012027
1443,28.8600,-2.013758,2,head_bob,0.115299,-0.001416,0.005727,-0.000609,-0.012405
1444,28.8800,-1.762514,2,head_bob,0.115297,-0.001608,0.005689,0.000227,-0.008327
1445,28.9000,-1.511270,2,head_bob,0.115311,-0.001754,0.005148,0.000965,-0.004642
1446,28.9200,-1.260027,2,head_bob,0.115339,-0.001841,0.004267,0.001655,-0.001747
1447,28.9400,-1.008783,2,head_bob,0.115361,-0.001784,0.003464,0.000737,0.009063
1448,28.9600,-0.757539,2,head_bob,0.115377,-0.001591,0.002993,0.000934,0.010534
1449,28.9800,-0.506296,2,head_bob,0.115388,-0.001468,0.002794,0.000256,0.003514
1450,29.0000,-0.255052,2,head_bob,0.115404,-0.001439,0.002816,0.000694,0.001785
1451,29.0200,-0.003808,2,head_bob,0.115409,-0.001350,0.003004,-0.000022,0.005632
1452,29.0400,0.247435,2,head_bob,0.115400,-0.001169,0.003281,-0.000733,0.010449
1453,29.0600,0.498679,2,head_bob,0.115397,-0.001101,0.003224,0.000236,-0.003062
1454,29.0800,0.749922,2,head_bob,0.115400,-0.001289,0.002711,0.000115,-0.011323
1455,29.1000,1.001166,2,head_bob,0.115422,-0.001410,0.001932,0.001172,-0.002365
1456,29.1200,1.252410,2,head_bob,0.115440,-0.001567,0.000722,0.000985,-0.006522
1457,29.1400,1.503653,2,head_bob,0.115485,-0.001682,-0.000670,0.002551,-0.003528
1458,29.1600,1.754897,2,head_bob,0.115521,-0.001741,-0.001758,0.001194,0.001859
1459,29.1800,2.006141,2,head_bob,0.115539,-0.001749,-0.002247,0.000786,-0.000859
1460,29.2000,2.257384,2,head_bob,0.115541,-0.001821,-0.002139,-0.000648,-0.005518
1461,29.2200,2.508628,2,head_bob,0.115524,-0.001898,-0.001661,-0.000826,-0.003074
1462,29.2400,2.759872,2,head_bob,0.115508,-0.001812,-0.000969,-0.000855,0.007172
1463,29.2600,3.011115,2,head_bob,0.115499,-0.001377,0.000072,-0.001250,0.020761
1464,29.2800,-3.020826,2,head_bob,0.115466,-0.001079,0.001328,-0.001333,0.003003
1465,29.3000,-2.769583,2,head_bob,0.115413,-0.000970,0.002692,-0.003078,0.001913
1466,29.3200,-2.518339,2,head_bob,0.115366,-0.001082,0.004040,-0.002196,-0.011785
1467,29.3400,-2.267096,2,head_bob,0.115309,-0.001133,0.005217,-0.001967,-0.007130
1468,29.3600,-2.015852,2,head_bob,0.115292,-0.001341,0.005728,-0.000380,-0.012419
1469,29.3800,-1.764608,2,head_bob,0.115294,-0.001556,0.005600,0.000361,-0.009754
1470,29.4000,-1.513365,2,head_bob,0.115309,-0.001734,0.005016,0.001023,-0.006047
1471,29.4200,-1.262121,2,head_bob,0.115338,-0.001845,0.004116,0.001678,-0.002717
1472,29.4400,-1.010877,2,head_bob,0.115360,-0.001802,0.003309,0.000745,0.008548
1473,29.4600,-0.759634,2,head_bob,0.115377,-0.001615,0.002841,0.000950,0.010248
1474,29.4800,-0.508390,2,head_bob,0.115387,-0.001498,0.002650,0.000266,0.003231
1475,29.5000,-0.257146,2,head_bob,0.115404,-0.001493,0.002663,0.000542,0.001980
1476,29.5200,-0.005903,2,head_bob,0.115408,-0.001401,0.002865,-0.000034,0.005880
1477,29.5400,0.245341,2,head_bob,0.115399,-0.001213,0.003170,-0.000711,0.010785
1478,29.5600,0.496584,2,head_bob,0.115403,-0.001233,0.003163,0.000207,-0.005109
1479,29.5800,0.747828,2,head_bob,0.115396,-0.001328,0.002688,-0.000136,-0.006438
1480,29.6000,0.999072,2,head_bob,0.115418,-0.001398,0.001917,0.001261,-0.000844
1481,29.6200,1.250315,2,head_bob,0.115438,-0.001541,0.000685,0.001062,-0.006063
1482,29.6400,1.501559,2,head_bob,0.115484,-0.001655,-0.000727,0.002597,-0.003529
1483,29.6600,1.752803,2,head_bob,0.115521,-0.001717,-0.001825,0.001215,0.001704
1484,29.6800,2.004046,2,head_bob,0.115539,-0.001728,-0.002313,0.000799,-0.001088
1485,29.7000,2.255290,2,head_bob,0.115542,-0.001806,-0.002187,-0.000648,-0.005863
1486,29.7200,2.506534,2,head_bob,0.115525,-0.001888,-0.001699,-0.000823,-0.003350
1487,29.7400,2.757777,2,head_bob,0.115508,-0.001808,-0.001000,-0.000854,0.006959
1488,29.7600,3.009021,2,head_bob,0.115500,-0.001375,0.000047,-0.001247,0.020653
1489,29.7800,-3.022921,2,head_bob,0.115466,-0.001078,0.001311,-0.001327,0.003008
1490,29.8000,-2.771677,2,head_bob,0.115418,-0.001004,0.002673,-0.002178,-0.004963
1491,29.8200,-2.520434,2,head_bob,0.115358,-0.001006,0.004061,-0.002451,-0.007431
1492,29.8400,-2.269190,2,head_bob,0.115319,-0.001189,0.005212,-0.001646,-0.011982
1493,29.8600,-2.017946,2,head_bob,0.115298,-0.001423,0.005757,-0.000624,-0.012417
1494,29.8800,-1.766703,2,head_bob,0.115297,-0.001615,0.005725,0.000218,-0.008264
1495,29.9000,-1.515459,2,head_bob,0.115310,-0.001760,0.005187,0.000956,-0.004622
1496,29.9200,-1.264215,2,head_bob,0.115338,-0.001847,0.004305,0.001649,-0.001682
1497,29.9400,-1.012972,2,head_bob,0.115360,-0.001788,0.003492,0.000734,0.009216
1498,29.9600,-0.761728,2,head_bob,0.115377,-0.001593,0.003006,0.000945,0.010617
1499,29.9800,-0.510485,2,head_bob,0.115387,-0.001470,0.002792,0.000274,0.003529
1500,30.0000,-0.259241,2,head_bob,0.115404,-0.001441,0.002804,0.000706,0.001829
1501,30.0200,-0.007997,2,head_bob,0.115409,-0.001351,0.002988,-0.000010,0.005694
1502,30.0400,0.243246,2,head_bob,0.115400,-0.001170,0.003268,-0.000723,0.010380
1503,30.0600,0.494490,2,head_bob,0.115397,-0.001103,0.003223,0.000237,-0.003094
1504,30.0800,0.745734,2,head_bob,0.115400,-0.001289,0.002722,0.000098,-0.011155
1505,30.1000,0.996977,2,head_bob,0.115422,-0.001407,0.001959,0.001149,-0.002243
1506,30.1200,1.248221,2,head_bob,0.115439,-0.001563,0.000761,0.000964,-0.006497
1507,30.1400,1.499465,2,head_bob,0.115484,-0.001677,-0.000631,0.002546,-0.003427
1508,30.1600,1.750708,2,head_bob,0.115520,-0.001735,-0.001731,0.001198,0.001959
1509,30.1800,2.001952,2,head_bob,0.115538,-0.001742,-0.002237,0.000799,-0.000807
1510,30.2000,2.253195,2,head_bob,0.115541,-0.001816,-0.002109,-0.000645,-0.005656
1511,30.2200,2.504439,2,head_bob,0.115524,-0.001895,-0.001629,-0.000817,-0.003283
1512,30.2400,2.755683,2,head_bob,0.115508,-0.001815,-0.000947,-0.000841,0.006958
1513,30.2600,3.006926,2,head_bob,0.115499,-0.001382,0.000080,-0.001228,0.020715
1514,30.2800,-3.025015,2,head_bob,0.115466,-0.001083,0.001326,-0.001311,0.003097
1515,30.3000,-2.773772,2,head_bob,0.115414,-0.000973,0.002680,-0.003062,0.001937
1516,30.3200,-2.522528,2,head_bob,0.115362,-0.001050,0.004045,-0.003111,-0.004961
1517,30.3400,-2.271284,2,head_bob,0.115318,-0.001210,0.005205,-0.001751,-0.011445
1518,30.3600,-2.020041,2,head_bob,0.115297,-0.001441,0.005764,-0.000630,-0.012511
1519,30.3800,-1.768797,2,head_bob,0.115296,-0.001634,0.005728,0.000219,-0.008319
1520,30.4000,-1.517553,2,head_bob,0.115309,-0.001780,0.005179,0.000959,-0.004578
1521,30.4200,-1.266310,2,head_bob,0.115337,-0.001865,0.004284,0.001656,-0.001532
1522,30.4400,-1.015066,2,head_bob,0.115359,-0.001803,0.003459,0.000742,0.009448
1523,30.4600,-0.763823,2,head_bob,0.115376,-0.001604,0.002959,0.000961,0.010793
1524,30.4800,-0.512579,2,head_bob,0.115387,-0.001480,0.002737,0.000285,0.003507
1525,30.5000,-0.261335,2,head_bob,0.115404,-0.001475,0.002726,0.000554,0.002028
1526,30.5200,-0.010092,2,head_bob,0.115408,-0.001384,0.002913,-0.000022,0.005809
1527,30.5400,0.241152,2,head_bob,0.115399,-0.001199,0.003209,-0.000702,0.010605
1528,30.5600,0.492396,2,head_bob,0.115403,-0.001221,0.003200,0.000207,-0.005191
1529,30.5800,0.743639,2,head_bob,0.115397,-0.001337,0.002729,0.000019,-0.008539
1530,30.6000,0.994883,2,head_bob,0.115420,-0.001424,0.001974,0.001221,-0.001222
1531,30.6200,1.246127,2,head_bob,0.115439,-0.001566,0.000762,0.001013,-0.005810
1532,30.6400,1.497370,2,head_bob,0.115484,-0.001675,-0.000647,0.002570,-0.003268
1533,30.6600,1.748614,2,head_bob,0.115520,-0.001733,-0.001758,0.001206,0.001955
1534,30.6800,1.999857,2,head_bob,0.115539,-0.001741,-0.002269,0.000804,-0.000884
1535,30.7000,2.251101,2,head_bob,0.115541,-0.001818,-0.002128,-0.000650,-0.005875
1536,30.7200,2.502345,2,head_bob,0.115524,-0.001901,-0.001645,-0.000816,-0.003480
1537,30.7400,2.753588,2,head_bob,0.115508,-0.001823,-0.000965,-0.000837,0.006949
1538,30.7600,3.004832,2,head_bob,0.115500,-0.001390,0.000059,-0.001222,0.020791
1539,30.7800,-3.027110,2,head_bob,0.115467,-0.001088,0.001304,-0.001305,0.003266
1540,30.8000,-2.775866,2,head_bob,0.115419,-0.001011,0.002652,-0.002164,-0.004884
1541,30.8200,-2.524622,2,head_bob,0.115359,-0.001013,0.004056,-0.002464,-0.007512
1542,30.8400,-2.273379,2,head_bob,0.115319,-0.001197,0.005227,-0.001668,-0.012017
1543,30.8600,-2.022135,2,head_bob,0.115299,-0.001430,0.005783,-0.000637,-0.012492
1544,30.8800,-1.770891,2,head_bob,0.115297,-0.001621,0.005754,0.000209,-0.008206
1545,30.9000,-1.519648,2,head_bob,0.115310,-0.001766,0.005213,0.000946,-0.004552
1546,30.9200,-1.268404,2,head_bob,0.115338,-0.001852,0.004325,0.001641,-0.001578
1547,30.9400,-1.017161,2,head_bob,0.115360,-0.001791,0.003501,0.000731,0.009386
1548,30.9600,-0.765917,2,head_bob,0.115376,-0.001594,0.002987,0.000963,0.010742
1549,30.9800,-0.514673,2,head_bob,0.115387,-0.001471,0.002754,0.000294,0.003502
1550,31.0000,-0.263430,2,head_bob,0.115404,-0.001442,0.002760,0.000719,0.001818
1551,31.0200,-0.012186,2,head_bob,0.115409,-0.001353,0.002945,0.000000,0.005679
1552,31.0400,0.239058,2,head_bob,0.115401,-0.001173,0.003235,-0.000716,0.010286
1553,31.0600,0.490301,2,head_bob,0.115398,-0.001106,0.003208,0.000236,-0.003127
1554,31.0800,0.741545,2,head_bob,0.115401,-0.001290,0.002727,0.000080,-0.011000
1555,31.1000,0.992789,2,head_bob,0.115426,-0.001368,0.001992,0.002029,0.004960
1556,31.1200,1.244032,2,head_bob,0.115447,-0.001465,0.000834,0.000863,-0.005751
1557,31.1400,1.495276,2,head_bob,0.115483,-0.001618,-0.000543,0.002373,-0.004301
1558,31.1600,1.746519,2,head_bob,0.115518,-0.001683,-0.001613,0.001178,0.001694
1559,31.1800,1.997763,2,head_bob,0.115536,-0.001696,-0.002110,0.000811,-0.001130
1560,31.2000,2.249007,2,head_bob,0.115539,-0.001780,-0.001979,-0.000633,-0.006270
1561,31.2200,2.500250,2,head_bob,0.115522,-0.001871,-0.001505,-0.000801,-0.003839
1562,31.2400,2.751494,2,head_bob,0.115511,-0.001766,-0.000832,0.000065,0.013034
1563,31.2600,3.002738,2,head_bob,0.115505,-0.001288,0.000197,-0.001296,0.021546
1564,31.2800,-3.029204,2,head_bob,0.115469,-0.000992,0.001467,-0.001441,0.002644
1565,31.3000,-2.777960,2,head_bob,0.115412,-0.000878,0.002849,-0.002692,-0.001340
1566,31.3200,-2.526717,2,head_bob,0.115366,-0.001031,0.004223,-0.002221,-0.013458
1567,31.3400,-2.275473,2,head_bob,0.115309,-0.001102,0.005427,-0.002033,-0.008004
1568,31.3600,-2.024230,2,head_bob,0.115290,-0.001321,0.005954,-0.000429,-0.012885
1569,31.3800,-1.772986,2,head_bob,0.115292,-0.001540,0.005819,0.000351,-0.009803
1570,31.4000,-1.521742,2,head_bob,0.115307,-0.001720,0.005210,0.001020,-0.006091
1571,31.4200,-1.270499,2,head_bob,0.115336,-0.001834,0.004277,0.001684,-0.002724
1572,31.4400,-1.019255,2,head_bob,0.115358,-0.001792,0.003424,0.000759,0.008674
1573,31.4600,-0.768011,2,head_bob,0.115376,-0.001606,0.002876,0.001003,0.010308
1574,31.4800,-0.516768,2,head_bob,0.115391,-0.001523,0.002625,0.001133,-0.003162
1575,31.5000,-0.265524,2,head_bob,0.115404,-0.001497,0.002620,0.000480,0.003433
1576,31.5200,-0.014280,2,head_bob,0.115408,-0.001379,0.002814,-0.000002,0.006820
1577,31.5400,0.236963,2,head_bob,0.115400,-0.001185,0.003113,-0.000676,0.010678
1578,31.5600,0.488207,2,head_bob,0.115404,-0.001210,0.003118,0.000220,-0.005393
1579,31.5800,0.739450,2,head_bob,0.115398,-0.001308,0.002669,-0.000165,-0.006437
1580,31.6000,0.990694,2,head_bob,0.115419,-0.001374,0.001937,0.001207,-0.000745
1581,31.6200,1.241938,2,head_bob,0.115441,-0.001502,0.000745,0.001641,-0.002856
1582,31.6400,1.493181,2,head_bob,0.115488,-0.001612,-0.000646,0.002533,-0.004334
1583,31.6600,1.744425,2,head_bob,0.115523,-0.001698,-0.001750,0.001132,0.000567
1584,31.6800,1.995669,2,head_bob,0.115541,-0.001729,-0.002255,0.000767,-0.001880
1585,31.7000,2.246912,2,head_bob,0.115542,-0.001821,-0.002114,-0.000650,-0.006467
1586,31.7200,2.498156,2,head_bob,0.115525,-0.001912,-0.001630,-0.000811,-0.003784
1587,31.7400,2.749400,2,head_bob,0.115510,-0.001839,-0.000949,-0.000825,0.006645
1588,31.7600,3.000643,2,head_bob,0.115502,-0.001407,0.000075,-0.001208,0.020756
1589,31.7800,-3.031298,2,head_bob,0.115469,-0.001104,0.001318,-0.001295,0.003431
1590,31.8000,-2.780055,2,head_bob,0.115414,-0.000962,0.002677,-0.002590,0.000138
1591,31.8200,-2.528811,2,head_bob,0.115370,-0.001088,0.004049,-0.002182,-0.012202
1592,31.8400,-2.277568,2,head_bob,0.115313,-0.001138,0.005268,-0.002040,-0.007067
1593,31.8600,-2.026324,2,head_bob,0.115293,-0.001342,0.005819,-0.000435,-0.012384
1594,31.8800,-1.775080,2,head_bob,0.115295,-0.001552,0.005712,0.000328,-0.009507
1595,31.9000,-1.523837,2,head_bob,0.115309,-0.001727,0.005138,0.000996,-0.005951
1596,31.9200,-1.272593,2,head_bob,0.115338,-0.001837,0.004235,0.001659,-0.002542
1597,31.9400,-1.021349,2,head_bob,0.115366,-0.001854,0.003404,0.000909,0.005923
1598,31.9600,-0.770106,2,head_bob,0.115382,-0.001682,0.002896,0.000861,0.010327
1599,31.9800,-0.518862,2,head_bob,0.115394,-0.001530,0.002712,-0.000186,0.002604
